2026-02-25T15:37:57,133  INFO Gbl:64 JVM: 21.0.9; Oracle Corporation; mixed mode, sharing; 64-bit
2026-02-25T15:37:57,133  INFO Gbl:68 OS: Windows 11; 10.0; amd64
2026-02-25T15:37:57,136  INFO Gbl:71 CPU cores: 12
2026-02-25T15:37:57,140  INFO Gbl:72 max. Memory: 3928.0MB (4118806528B)
2026-02-25T15:37:57,144  INFO Gbl:114 MATSim-Build: r7f2ea0d07d20e164b577066595eddc23e3659473 ({2025-04-11 08:55:36})
2026-02-25T15:37:57,144  INFO Gbl:76 Command: org.apache.maven.wrapper.MavenWrapperMain -q exec:java -Dexec.mainClass=org.matsim.project.RunShamalgan -Dexec.args=scenarios/shamalgan/config-pt.xml --simwrapper
2026-02-25T15:37:57,151  INFO MemoryObserver:42 used RAM: 82 MB  free: 87 MB  total: 170 MB
2026-02-25T15:37:57,151  INFO ControlerListenerManagerImpl:112 calling notifyStartup on org.matsim.core.controler.ControlerDefaultsModule$1 with priority 0.0
2026-02-25T15:37:57,264  INFO ControlerListenerManagerImpl:112 calling notifyStartup on org.matsim.guice.DependencyGraphControlerListener with priority 0.0
2026-02-25T15:37:57,383  INFO ControlerListenerManagerImpl:112 calling notifyStartup on org.matsim.counts.CountsControlerListener with priority 0.0
2026-02-25T15:37:57,383  INFO ControlerListenerManagerImpl:112 calling notifyStartup on org.matsim.analysis.ModeChoiceCoverageControlerListener with priority 0.0
2026-02-25T15:37:57,383  INFO ControlerListenerManagerImpl:112 calling notifyStartup on org.matsim.analysis.ModeStatsControlerListener with priority 0.0
2026-02-25T15:37:57,383  INFO ControlerListenerManagerImpl:112 calling notifyStartup on org.matsim.analysis.ScoreStatsControlerListener with priority 0.0
2026-02-25T15:37:57,385  INFO ControlerListenerManagerImpl:112 calling notifyStartup on org.matsim.simwrapper.SimWrapperListener with priority -1000.0
2026-02-25T15:37:57,395  INFO SimWrapperListener:102 Creating dashboards for org.matsim.simwrapper.SimWrapperListener$$Lambda/0x000001a9da56d848@6eabe84b
2026-02-25T15:37:57,397  INFO SimWrapperListener:102 Creating dashboards for org.matsim.simwrapper.DefaultDashboardProvider@499ce70c
2026-02-25T15:37:57,420  INFO SimWrapperListener:113 Adding dashboard org.matsim.simwrapper.dashboard.OverviewDashboard@260a0d3d
2026-02-25T15:37:57,420  INFO SimWrapperListener:113 Adding dashboard org.matsim.simwrapper.dashboard.TripDashboard@452e4843
2026-02-25T15:37:57,420  INFO SimWrapperListener:113 Adding dashboard org.matsim.simwrapper.dashboard.TrafficDashboard@1fa99c5b
2026-02-25T15:37:57,420  INFO SimWrapperListener:113 Adding dashboard org.matsim.simwrapper.dashboard.PublicTransitDashboard@6f0b012b
2026-02-25T15:37:57,420  INFO SimWrapperListener:113 Adding dashboard org.matsim.simwrapper.dashboard.StuckAgentDashboard@191e8a12
2026-02-25T15:37:57,809  INFO ControlerListenerManagerImpl:115 all ControlerStartupListeners called.
2026-02-25T15:37:57,809  INFO ControllerUtils:99 config dump before iterations start
2026-02-25T15:37:57,837  INFO ControllerUtils:105 === logging config.xml skipped ===
2026-02-25T15:37:57,838  INFO ControllerUtils:106 To enable debug output, set an environment variable i.e. export LOG_LEVEL='debug', or set log.setLogLevel(Level.DEBUG) in your run class.
2026-02-25T15:37:57,838  INFO ControllerUtils:110 Complete config dump done.
2026-02-25T15:37:57,839  INFO ControllerUtils:111 Checking consistency of config...
2026-02-25T15:37:57,839  INFO VspConfigConsistencyCheckerImpl:62 NOT running vsp config consistency check because vsp defaults checking level is set to IGNORE
2026-02-25T15:37:57,852  INFO ControllerUtils:113 Checking consistency of config done.
2026-02-25T15:37:57,856  INFO PrepareForSimImpl:125 Network seems to be multimodal. Create car-only network which is handed over to PersonPrepareForSim.
2026-02-25T15:37:57,858  INFO NetworkImpl:165  node # 1
2026-02-25T15:37:57,858  INFO NetworkImpl:165  node # 4
2026-02-25T15:37:57,858  INFO NetworkImpl:165  node # 16
2026-02-25T15:37:57,858  INFO NetworkImpl:165  node # 64
2026-02-25T15:37:57,861  INFO NetworkImpl:165  node # 256
2026-02-25T15:37:57,861  INFO NetworkImpl:165  node # 1024
2026-02-25T15:37:57,864  INFO NetworkImpl:161  link # 1
2026-02-25T15:37:57,866  INFO NetworkImpl:161  link # 4
2026-02-25T15:37:57,866  INFO NetworkImpl:161  link # 16
2026-02-25T15:37:57,868  INFO NetworkImpl:161  link # 64
2026-02-25T15:37:57,869  INFO NetworkImpl:161  link # 256
2026-02-25T15:37:57,876  INFO NetworkImpl:161  link # 1024
2026-02-25T15:37:57,894  WARN PrepareForSimImpl:265 'usePersonIdForMissingVehicleId' is deprecated. It will be removed soon.
2026-02-25T15:37:57,894  INFO Counter:70 [VehiclesImpl] added vehicle # 1
2026-02-25T15:37:57,896  INFO Counter:70 [VehiclesImpl] added vehicle # 2
2026-02-25T15:37:57,896  INFO Counter:70 [VehiclesImpl] added vehicle # 4
2026-02-25T15:37:57,896  INFO Counter:70 [VehiclesImpl] added vehicle # 8
2026-02-25T15:37:57,898  INFO Counter:70 [VehiclesImpl] added vehicle # 16
2026-02-25T15:37:57,898  INFO Counter:70 [VehiclesImpl] added vehicle # 32
2026-02-25T15:37:57,898  INFO Counter:70 [VehiclesImpl] added vehicle # 64
2026-02-25T15:37:57,901  INFO Counter:70 [VehiclesImpl] added vehicle # 128
2026-02-25T15:37:57,903  INFO Counter:70 [VehiclesImpl] added vehicle # 256
2026-02-25T15:37:57,905  INFO Counter:70 [VehiclesImpl] added vehicle # 512
2026-02-25T15:37:57,907  INFO Counter:70 [VehiclesImpl] added vehicle # 1024
2026-02-25T15:37:57,911  INFO Counter:70 [VehiclesImpl] added vehicle # 2048
2026-02-25T15:37:57,918  INFO Counter:70 [VehiclesImpl] added vehicle # 4096
2026-02-25T15:37:57,927  INFO Counter:70 [VehiclesImpl] added vehicle # 8192
2026-02-25T15:37:57,945  INFO Counter:70 [VehiclesImpl] added vehicle # 16384
2026-02-25T15:37:58,093  INFO EventsManagerImpl:139 === Logging of event-handlers skipped ===
2026-02-25T15:37:58,093  INFO EventsManagerImpl:140 To enable debug output, set an environment variable i.e. export LOG_LEVEL='debug', or set log.setLogLevel(Level.DEBUG) in your run class.
2026-02-25T15:37:58,093  INFO EventsManagerImpl:210     > org.matsim.pt.router.TransitScheduleChangedEvent
2026-02-25T15:37:58,096  INFO EventsManagerImpl:139 === Logging of event-handlers skipped ===
2026-02-25T15:37:58,096  INFO EventsManagerImpl:140 To enable debug output, set an environment variable i.e. export LOG_LEVEL='debug', or set log.setLogLevel(Level.DEBUG) in your run class.
2026-02-25T15:37:58,096  INFO EventsManagerImpl:210     > org.matsim.pt.router.TransitScheduleChangedEvent
2026-02-25T15:37:58,097  INFO SwissRailRaptorData:105 Preparing data for SwissRailRaptor...
2026-02-25T15:37:58,110  INFO SwissRailRaptorData:258 SwissRailRaptor data preparation done. Took 0 seconds.
2026-02-25T15:37:58,111  INFO SwissRailRaptorData:259 SwissRailRaptor statistics:  #routes = 2
2026-02-25T15:37:58,113  INFO SwissRailRaptorData:260 SwissRailRaptor statistics:  #departures = 342
2026-02-25T15:37:58,113  INFO SwissRailRaptorData:261 SwissRailRaptor statistics:  #routeStops = 18
2026-02-25T15:37:58,113  INFO SwissRailRaptorData:262 SwissRailRaptor statistics:  #stopFacilities = 18
2026-02-25T15:37:58,113  INFO SwissRailRaptorData:263 SwissRailRaptor statistics:  #transfers (between routeStops) = 10
2026-02-25T15:37:58,121  INFO NetworkImpl:165  node # 1
2026-02-25T15:37:58,123  INFO NetworkImpl:165  node # 4
2026-02-25T15:37:58,123  INFO NetworkImpl:165  node # 16
2026-02-25T15:37:58,123  INFO NetworkImpl:165  node # 64
2026-02-25T15:37:58,125  INFO NetworkImpl:165  node # 256
2026-02-25T15:37:58,125  INFO NetworkImpl:165  node # 1024
2026-02-25T15:37:58,127  INFO NetworkImpl:161  link # 1
2026-02-25T15:37:58,127  INFO NetworkImpl:161  link # 4
2026-02-25T15:37:58,129  INFO NetworkImpl:161  link # 16
2026-02-25T15:37:58,129  INFO NetworkImpl:161  link # 64
2026-02-25T15:37:58,131  INFO NetworkImpl:161  link # 256
2026-02-25T15:37:58,133  INFO NetworkImpl:161  link # 1024
2026-02-25T15:37:58,145  INFO NetworkRoutingProvider:151 Checking network for mode 'car' for consistency...
2026-02-25T15:37:58,154  INFO MultimodalNetworkCleaner:104 running org.matsim.core.network.algorithms.MultimodalNetworkCleaner algorithm for modes [car] with connectivity modes []...
2026-02-25T15:37:58,159  INFO MultimodalNetworkCleaner:108   checking 1128 nodes and 2991 links for dead-ends...
2026-02-25T15:37:58,178  INFO MultimodalNetworkCleaner:126     The biggest cluster consists of 2991 links.
2026-02-25T15:37:58,178  INFO MultimodalNetworkCleaner:127   done.
2026-02-25T15:37:58,180  INFO MultimodalNetworkCleaner:151   resulting network contains 1128 nodes and 2991 links.
2026-02-25T15:37:58,180  INFO MultimodalNetworkCleaner:153 done.
2026-02-25T15:37:58,190  INFO RandomizingTimeDistanceTravelDisutilityFactory:86  sigma: 3.0; resulting normalization: 0.011108996538242306
2026-02-25T15:37:58,202  INFO SpeedyALTData:51 find dead ends...
2026-02-25T15:37:58,209  INFO SpeedyALTData:132 calculate landmarks...
2026-02-25T15:37:58,242  INFO SpeedyALTData:173 calculate min travelcost...
2026-02-25T15:37:58,247  WARN NetworkRoutingProvider:137 [mode: car; routingMode: car] Using deprecated routing module without access/egress. Consider using AccessEgressNetworkRouter instead.
2026-02-25T15:37:58,249  INFO SpeedyALTData:51 find dead ends...
2026-02-25T15:37:58,254  INFO SpeedyALTData:132 calculate landmarks...
2026-02-25T15:37:58,279  INFO SpeedyALTData:173 calculate min travelcost...
2026-02-25T15:37:58,286  INFO RandomizingTimeDistanceTravelDisutilityFactory:86  sigma: 3.0; resulting normalization: 0.011108996538242306
2026-02-25T15:37:58,286  WARN NetworkRoutingProvider:137 [mode: car; routingMode: car] Using deprecated routing module without access/egress. Consider using AccessEgressNetworkRouter instead.
2026-02-25T15:37:58,318  INFO Counter:70 [PersonPrepareForSim] handled person # 1
2026-02-25T15:37:58,321  INFO Counter:70 [PersonPrepareForSim] handled person # 2
2026-02-25T15:37:58,321  INFO Counter:70 [PersonPrepareForSim] handled person # 4
2026-02-25T15:37:58,323  INFO Counter:70 [PersonPrepareForSim] handled person # 8
2026-02-25T15:37:58,328  INFO Counter:70 [PersonPrepareForSim] handled person # 16
2026-02-25T15:37:58,334  INFO Counter:70 [PersonPrepareForSim] handled person # 32
2026-02-25T15:37:58,344  INFO Counter:70 [PersonPrepareForSim] handled person # 64
2026-02-25T15:37:58,362  INFO Counter:70 [PersonPrepareForSim] handled person # 128
2026-02-25T15:37:58,382  INFO Counter:70 [PersonPrepareForSim] handled person # 256
2026-02-25T15:37:58,420  INFO Counter:70 [PersonPrepareForSim] handled person # 512
2026-02-25T15:37:58,497  INFO Counter:70 [PersonPrepareForSim] handled person # 1024
2026-02-25T15:37:58,586  INFO Counter:70 [PersonPrepareForSim] handled person # 2048
2026-02-25T15:37:58,704  INFO Counter:70 [PersonPrepareForSim] handled person # 4096
2026-02-25T15:37:58,927  INFO Counter:70 [PersonPrepareForSim] handled person # 8192
2026-02-25T15:37:59,445  INFO Counter:70 [PersonPrepareForSim] handled person # 16384
2026-02-25T15:37:59,812  INFO Counter:75 [PersonPrepareForSim] handled person # 30481
2026-02-25T15:37:59,812  INFO AbstractController:136 ###################################################
2026-02-25T15:37:59,812  INFO AbstractController:137 ### ITERATION 0 BEGINS
2026-02-25T15:37:59,820  INFO ControlerListenerManagerImpl:156 calling notifyIterationStarts on org.matsim.analysis.LegTimesControlerListener with priority 0.0
2026-02-25T15:37:59,820  INFO EventsManagerImpl:139 === Logging of event-handlers skipped ===
2026-02-25T15:37:59,820  INFO EventsManagerImpl:140 To enable debug output, set an environment variable i.e. export LOG_LEVEL='debug', or set log.setLogLevel(Level.DEBUG) in your run class.
2026-02-25T15:37:59,820  INFO EventsManagerImpl:210     > org.matsim.api.core.v01.events.PersonDepartureEvent
2026-02-25T15:37:59,820  INFO EventsManagerImpl:210     > org.matsim.api.core.v01.events.PersonArrivalEvent
2026-02-25T15:37:59,822  INFO EventsManagerImpl:210     > org.matsim.api.core.v01.events.ActivityEndEvent
2026-02-25T15:37:59,822  INFO EventsManagerImpl:210     > org.matsim.api.core.v01.events.ActivityStartEvent
2026-02-25T15:37:59,822  INFO EventsManagerImpl:139 === Logging of event-handlers skipped ===
2026-02-25T15:37:59,824  INFO EventsManagerImpl:140 To enable debug output, set an environment variable i.e. export LOG_LEVEL='debug', or set log.setLogLevel(Level.DEBUG) in your run class.
2026-02-25T15:37:59,824  INFO EventsManagerImpl:210     > org.matsim.api.core.v01.events.PersonDepartureEvent
2026-02-25T15:37:59,824  INFO EventsManagerImpl:210     > org.matsim.api.core.v01.events.PersonArrivalEvent
2026-02-25T15:37:59,824  INFO EventsManagerImpl:210     > org.matsim.api.core.v01.events.ActivityEndEvent
2026-02-25T15:37:59,824  INFO EventsManagerImpl:210     > org.matsim.api.core.v01.events.ActivityStartEvent
2026-02-25T15:37:59,824  INFO ControlerListenerManagerImpl:156 calling notifyIterationStarts on org.matsim.analysis.LegHistogramListener with priority 0.0
2026-02-25T15:37:59,824  INFO EventsManagerImpl:139 === Logging of event-handlers skipped ===
2026-02-25T15:37:59,826  INFO EventsManagerImpl:140 To enable debug output, set an environment variable i.e. export LOG_LEVEL='debug', or set log.setLogLevel(Level.DEBUG) in your run class.
2026-02-25T15:37:59,826  INFO EventsManagerImpl:210     > org.matsim.api.core.v01.events.PersonDepartureEvent
2026-02-25T15:37:59,826  INFO EventsManagerImpl:210     > org.matsim.api.core.v01.events.PersonArrivalEvent
2026-02-25T15:37:59,826  INFO EventsManagerImpl:210     > org.matsim.api.core.v01.events.PersonStuckEvent
2026-02-25T15:37:59,826  INFO EventsManagerImpl:139 === Logging of event-handlers skipped ===
2026-02-25T15:37:59,826  INFO EventsManagerImpl:140 To enable debug output, set an environment variable i.e. export LOG_LEVEL='debug', or set log.setLogLevel(Level.DEBUG) in your run class.
2026-02-25T15:37:59,826  INFO EventsManagerImpl:210     > org.matsim.api.core.v01.events.PersonDepartureEvent
2026-02-25T15:37:59,828  INFO EventsManagerImpl:210     > org.matsim.api.core.v01.events.PersonArrivalEvent
2026-02-25T15:37:59,830  INFO EventsManagerImpl:210     > org.matsim.api.core.v01.events.PersonStuckEvent
2026-02-25T15:37:59,830  INFO ControlerListenerManagerImpl:156 calling notifyIterationStarts on org.matsim.analysis.LinkStatsControlerListener with priority 0.0
2026-02-25T15:37:59,830  INFO ControlerListenerManagerImpl:156 calling notifyIterationStarts on org.matsim.core.replanning.ReplanningContextImpl with priority 0.0
2026-02-25T15:37:59,830  INFO ControlerListenerManagerImpl:156 calling notifyIterationStarts on org.matsim.core.scoring.ScoringFunctionsForPopulation$$Lambda/0x000001a9da52eeb0 with priority 0.0
2026-02-25T15:37:59,906  INFO ControlerListenerManagerImpl:156 calling notifyIterationStarts on org.matsim.core.scoring.ExperiencedPlansServiceImpl$1 with priority 0.0
2026-02-25T15:37:59,913  INFO ControlerListenerManagerImpl:159 [it.0] all ControlerIterationStartsListeners called.
2026-02-25T15:37:59,916  INFO ControlerListenerManagerImpl:242 calling notifyBeforeMobsim on org.matsim.core.controler.corelisteners.EventsHandlingImpl with priority 0.0
2026-02-25T15:37:59,916  INFO EventsManagerImpl:173 resetting Event-Handlers
2026-02-25T15:37:59,916  INFO EventsManagerImpl:180   org.matsim.core.trafficmonitoring.TravelTimeCalculator
2026-02-25T15:37:59,918  INFO EventsManagerImpl:180   org.matsim.analysis.VolumesAnalyzer
2026-02-25T15:37:59,918  INFO EventsManagerImpl:180   org.matsim.core.scoring.ScoringFunctionsForPopulation
2026-02-25T15:37:59,920  INFO EventsManagerImpl:180   org.matsim.analysis.LegHistogram
2026-02-25T15:37:59,920  INFO EventsManagerImpl:180   org.matsim.analysis.CalcLegTimes
2026-02-25T15:37:59,921  INFO EventsManagerImpl:180   ch.sbb.matsim.routing.pt.raptor.SwissRailRaptorFactory$$Lambda/0x000001a9da5de1f0
2026-02-25T15:37:59,923  INFO EventsManagerImpl:139 === Logging of event-handlers skipped ===
2026-02-25T15:37:59,923  INFO EventsManagerImpl:140 To enable debug output, set an environment variable i.e. export LOG_LEVEL='debug', or set log.setLogLevel(Level.DEBUG) in your run class.
2026-02-25T15:37:59,923  INFO EventsManagerImpl:210     > org.matsim.api.core.v01.events.Event
2026-02-25T15:37:59,928  INFO EventsManagerImpl:139 === Logging of event-handlers skipped ===
2026-02-25T15:37:59,928  INFO EventsManagerImpl:140 To enable debug output, set an environment variable i.e. export LOG_LEVEL='debug', or set log.setLogLevel(Level.DEBUG) in your run class.
2026-02-25T15:37:59,928  INFO EventsManagerImpl:210     > org.matsim.api.core.v01.events.Event
2026-02-25T15:37:59,928  INFO ControlerListenerManagerImpl:242 calling notifyBeforeMobsim on org.matsim.core.controler.corelisteners.PlansDumpingImpl with priority 0.0
2026-02-25T15:37:59,928  INFO PlansDumpingImpl:77 dumping plans...
2026-02-25T15:37:59,989  INFO Counter:70 [PopulationWriter] dumped person # 1
2026-02-25T15:37:59,989  INFO Counter:70 [PopulationWriter] dumped person # 2
2026-02-25T15:37:59,991  INFO Counter:70 [PopulationWriter] dumped person # 4
2026-02-25T15:37:59,991  INFO Counter:70 [PopulationWriter] dumped person # 8
2026-02-25T15:37:59,991  INFO Counter:70 [PopulationWriter] dumped person # 16
2026-02-25T15:37:59,993  INFO Counter:70 [PopulationWriter] dumped person # 32
2026-02-25T15:37:59,993  INFO Counter:70 [PopulationWriter] dumped person # 64
2026-02-25T15:37:59,994  INFO Counter:70 [PopulationWriter] dumped person # 128
2026-02-25T15:37:59,995  INFO Counter:70 [PopulationWriter] dumped person # 256
2026-02-25T15:37:59,996  INFO Counter:70 [PopulationWriter] dumped person # 512
2026-02-25T15:37:59,999  INFO Counter:70 [ParallelPopulationWriterV6] dumped person # 1
2026-02-25T15:38:00,001  INFO Counter:70 [ParallelPopulationWriterV6] dumped person # 2
2026-02-25T15:38:00,001  INFO Counter:70 [ParallelPopulationWriterV6] dumped person # 4
2026-02-25T15:38:00,001  INFO Counter:70 [ParallelPopulationWriterV6] dumped person # 8
2026-02-25T15:38:00,007  INFO Counter:70 [ParallelPopulationWriterV6] dumped person # 16
2026-02-25T15:38:00,009  INFO Counter:70 [ParallelPopulationWriterV6] dumped person # 32
2026-02-25T15:38:00,009  INFO Counter:70 [PopulationWriter] dumped person # 1024
2026-02-25T15:38:00,012  INFO Counter:70 [ParallelPopulationWriterV6] dumped person # 64
2026-02-25T15:38:00,018  INFO Counter:70 [ParallelPopulationWriterV6] dumped person # 128
2026-02-25T15:38:00,037  INFO Counter:70 [ParallelPopulationWriterV6] dumped person # 256
2026-02-25T15:38:00,055  INFO Counter:70 [ParallelPopulationWriterV6] dumped person # 512
2026-02-25T15:38:00,087  INFO Counter:70 [ParallelPopulationWriterV6] dumped person # 1024
2026-02-25T15:38:00,087  INFO Counter:70 [PopulationWriter] dumped person # 2048
2026-02-25T15:38:00,132  INFO Counter:70 [ParallelPopulationWriterV6] dumped person # 2048
2026-02-25T15:38:00,167  INFO Counter:70 [PopulationWriter] dumped person # 4096
2026-02-25T15:38:00,216  INFO Counter:70 [ParallelPopulationWriterV6] dumped person # 4096
2026-02-25T15:38:00,293  INFO Counter:70 [PopulationWriter] dumped person # 8192
2026-02-25T15:38:00,334  INFO Counter:70 [ParallelPopulationWriterV6] dumped person # 8192
2026-02-25T15:38:00,522  INFO Counter:70 [PopulationWriter] dumped person # 16384
2026-02-25T15:38:00,534  INFO Counter:70 [ParallelPopulationWriterV6] dumped person # 16384
2026-02-25T15:38:00,819  INFO Counter:75 [ParallelPopulationWriterV6] dumped person # 30481
2026-02-25T15:38:00,820  INFO PopulationWriter:150 Population written to: ./output-pt/ITERS/it.0/0.plans.xml
2026-02-25T15:38:00,820  INFO Counter:75 [PopulationWriter] dumped person # 30481
2026-02-25T15:38:00,820  INFO PlansDumpingImpl:94 finished plans dump.
2026-02-25T15:38:00,822  INFO ControlerListenerManagerImpl:248 calling notifyBeforeMobsim on org.matsim.core.population.VspPlansCleaner with priority 0.0
2026-02-25T15:38:00,863  INFO ControlerListenerManagerImpl:251 [it.0] all ControlerBeforeMobsimListeners called.
2026-02-25T15:38:00,866  INFO PrepareForMobsimImpl:86 Network seems to be multimodal. Create car-only network which is handed over to PersonPrepareForSim.
2026-02-25T15:38:00,866  INFO NetworkImpl:165  node # 1
2026-02-25T15:38:00,868  INFO NetworkImpl:165  node # 4
2026-02-25T15:38:00,868  INFO NetworkImpl:165  node # 16
2026-02-25T15:38:00,868  INFO NetworkImpl:165  node # 64
2026-02-25T15:38:00,868  INFO NetworkImpl:165  node # 256
2026-02-25T15:38:00,870  INFO NetworkImpl:165  node # 1024
2026-02-25T15:38:00,870  INFO NetworkImpl:161  link # 1
2026-02-25T15:38:00,872  INFO NetworkImpl:161  link # 4
2026-02-25T15:38:00,872  INFO NetworkImpl:161  link # 16
2026-02-25T15:38:00,872  INFO NetworkImpl:161  link # 64
2026-02-25T15:38:00,872  INFO NetworkImpl:161  link # 256
2026-02-25T15:38:00,876  INFO NetworkImpl:161  link # 1024
2026-02-25T15:38:00,887  INFO RandomizingTimeDistanceTravelDisutilityFactory:86  sigma: 3.0; resulting normalization: 0.011108996538242306
2026-02-25T15:38:00,887  WARN NetworkRoutingProvider:137 [mode: car; routingMode: car] Using deprecated routing module without access/egress. Consider using AccessEgressNetworkRouter instead.
2026-02-25T15:38:00,889  INFO RandomizingTimeDistanceTravelDisutilityFactory:86  sigma: 3.0; resulting normalization: 0.011108996538242306
2026-02-25T15:38:00,889  WARN NetworkRoutingProvider:137 [mode: car; routingMode: car] Using deprecated routing module without access/egress. Consider using AccessEgressNetworkRouter instead.
2026-02-25T15:38:00,896  INFO Counter:70 [PersonPrepareForSim] handled person # 1
2026-02-25T15:38:00,896  INFO Counter:70 [PersonPrepareForSim] handled person # 2
2026-02-25T15:38:00,899  INFO Counter:70 [PersonPrepareForSim] handled person # 4
2026-02-25T15:38:00,899  INFO Counter:70 [PersonPrepareForSim] handled person # 8
2026-02-25T15:38:00,899  INFO Counter:70 [PersonPrepareForSim] handled person # 16
2026-02-25T15:38:00,899  INFO Counter:70 [PersonPrepareForSim] handled person # 32
2026-02-25T15:38:00,899  INFO Counter:70 [PersonPrepareForSim] handled person # 64
2026-02-25T15:38:00,901  INFO Counter:70 [PersonPrepareForSim] handled person # 128
2026-02-25T15:38:00,901  INFO Counter:70 [PersonPrepareForSim] handled person # 256
2026-02-25T15:38:00,911  INFO Counter:70 [PersonPrepareForSim] handled person # 512
2026-02-25T15:38:00,915  INFO Counter:70 [PersonPrepareForSim] handled person # 1024
2026-02-25T15:38:00,927  INFO Counter:70 [PersonPrepareForSim] handled person # 2048
2026-02-25T15:38:00,939  INFO Counter:70 [PersonPrepareForSim] handled person # 4096
2026-02-25T15:38:00,970  INFO Counter:70 [PersonPrepareForSim] handled person # 8192
2026-02-25T15:38:01,031  INFO Counter:70 [PersonPrepareForSim] handled person # 16384
2026-02-25T15:38:01,105  INFO Counter:75 [PersonPrepareForSim] handled person # 30481
2026-02-25T15:38:01,214  INFO MobsimListenerManager:50 calling addQueueSimulationListener
2026-02-25T15:38:01,214  INFO MobsimListenerManager:54   assigned class org.matsim.core.mobsim.framework.listeners.MobsimListener to interface org.matsim.vis.snapshotwriters.SnapshotWriterManager
2026-02-25T15:38:01,215  INFO MobsimListenerManager:54   assigned class org.matsim.core.mobsim.framework.listeners.MobsimListener to interface org.matsim.core.mobsim.framework.listeners.MobsimInitializedListener
2026-02-25T15:38:01,215  INFO MobsimListenerManager:54   assigned class org.matsim.core.mobsim.framework.listeners.MobsimListener to interface org.matsim.core.mobsim.framework.listeners.MobsimAfterSimStepListener
2026-02-25T15:38:01,215  INFO MobsimListenerManager:54   assigned class org.matsim.core.mobsim.framework.listeners.MobsimListener to interface org.matsim.core.mobsim.framework.listeners.MobsimBeforeCleanupListener
2026-02-25T15:38:01,217  INFO MobsimListenerManager:54   assigned class org.matsim.core.mobsim.framework.listeners.MobsimListener to interface org.matsim.core.mobsim.framework.listeners.MobsimListener
2026-02-25T15:38:01,230  INFO QSimProvider:131 Added MobsimEngine class org.matsim.core.mobsim.qsim.ActivityEngineDefaultImpl
2026-02-25T15:38:01,231  INFO QSimProvider:137 Added Activityhandler class org.matsim.core.mobsim.qsim.ActivityEngineDefaultImpl
2026-02-25T15:38:01,278  WARN QueueWithBuffer:504 Link pt_0 too small: enlarge storage capacity from: 6.666666666666667 Vehicles to: 16.666666666666664 Vehicles.  This is not fatal, but modifies the traffic flow dynamics.
2026-02-25T15:38:01,280  WARN QueueWithBuffer:504 Link pt_1 too small: enlarge storage capacity from: 97.89767331949392 Vehicles to: 244.74418329873478 Vehicles.  This is not fatal, but modifies the traffic flow dynamics.
2026-02-25T15:38:01,280  WARN QueueWithBuffer:504 Link pt_10 too small: enlarge storage capacity from: 19.0743809502569 Vehicles to: 47.68595237564224 Vehicles.  This is not fatal, but modifies the traffic flow dynamics.
2026-02-25T15:38:01,280  WARN QueueWithBuffer:504 Link pt_11 too small: enlarge storage capacity from: 164.59184933001714 Vehicles to: 411.47962332504284 Vehicles.  This is not fatal, but modifies the traffic flow dynamics.
2026-02-25T15:38:01,280  WARN QueueWithBuffer:504 Link pt_12 too small: enlarge storage capacity from: 269.155885811095 Vehicles to: 672.8897145277374 Vehicles.  This is not fatal, but modifies the traffic flow dynamics.
2026-02-25T15:38:01,282  WARN QueueWithBuffer:504 Link pt_13 too small: enlarge storage capacity from: 5.2492851584528495 Vehicles to: 13.123212896132122 Vehicles.  This is not fatal, but modifies the traffic flow dynamics.
2026-02-25T15:38:01,282  WARN QueueWithBuffer:504 Link pt_14 too small: enlarge storage capacity from: 142.4200135621782 Vehicles to: 356.0500339054455 Vehicles.  This is not fatal, but modifies the traffic flow dynamics.
2026-02-25T15:38:01,283  WARN QueueWithBuffer:504 Link pt_15 too small: enlarge storage capacity from: 6.8090490632187795 Vehicles to: 17.02262265804695 Vehicles.  This is not fatal, but modifies the traffic flow dynamics.
2026-02-25T15:38:01,283  WARN QueueWithBuffer:504 Link pt_16 too small: enlarge storage capacity from: 98.79918965556476 Vehicles to: 246.99797413891187 Vehicles.  This is not fatal, but modifies the traffic flow dynamics.
2026-02-25T15:38:01,283  WARN QueueWithBuffer:504 Link pt_17 too small: enlarge storage capacity from: 97.89767331949392 Vehicles to: 244.74418329873478 Vehicles.  This is not fatal, but modifies the traffic flow dynamics.
2026-02-25T15:38:01,284  WARN QueueWithBuffer:504 Link pt_2 too small: enlarge storage capacity from: 98.79918965556476 Vehicles to: 246.99797413891187 Vehicles.  This is not fatal, but modifies the traffic flow dynamics.
2026-02-25T15:38:01,285  WARN QueueWithBuffer:507 Additional warnings of this type are suppressed.
2026-02-25T15:38:01,289  INFO QSimProvider:131 Added MobsimEngine class org.matsim.core.mobsim.qsim.qnetsimengine.QNetsimEngineWithThreadpool
2026-02-25T15:38:01,289  INFO QSimProvider:143 Added DepartureHandler class org.matsim.core.mobsim.qsim.qnetsimengine.NetworkModeDepartureHandlerDefaultImpl
2026-02-25T15:38:01,291  INFO QSimProvider:131 Added MobsimEngine class org.matsim.core.mobsim.qsim.DefaultTeleportationEngine
2026-02-25T15:38:01,291  INFO QSimProvider:143 Added DepartureHandler class org.matsim.core.mobsim.qsim.DefaultTeleportationEngine
2026-02-25T15:38:01,291  INFO QSimProvider:149 Added AgentSource class org.matsim.core.mobsim.qsim.agents.PopulationAgentSource
2026-02-25T15:38:01,293  INFO MobsimListenerManager:50 calling addQueueSimulationListener
2026-02-25T15:38:01,293  INFO MobsimListenerManager:54   assigned class org.matsim.core.mobsim.framework.listeners.MobsimListener to interface org.matsim.core.mobsim.framework.listeners.MobsimBeforeSimStepListener
2026-02-25T15:38:01,293  INFO MobsimListenerManager:54   assigned class org.matsim.core.mobsim.framework.listeners.MobsimListener to interface org.matsim.core.mobsim.framework.listeners.MobsimListener
2026-02-25T15:38:01,294  INFO MobsimListenerManager:54   assigned class org.matsim.core.mobsim.framework.listeners.MobsimListener to interface org.matsim.core.mobsim.qsim.messagequeueengine.MessageQueueEngine
2026-02-25T15:38:01,294  INFO QSimProvider:155 Added MobsimListener class org.matsim.core.mobsim.qsim.messagequeueengine.MessageQueueEngine
2026-02-25T15:38:01,294  INFO QSimProvider:131 Added MobsimEngine class org.matsim.core.mobsim.qsim.pt.TransitQSimEngine
2026-02-25T15:38:01,296  INFO QSimProvider:143 Added DepartureHandler class org.matsim.core.mobsim.qsim.pt.TransitQSimEngine
2026-02-25T15:38:01,296  INFO QSimProvider:149 Added AgentSource class org.matsim.core.mobsim.qsim.pt.TransitQSimEngine
2026-02-25T15:38:01,309  INFO PopulationUtils:1292 adding scenario element for allpersons container
2026-02-25T15:38:01,309  INFO PopulationImpl:111  person # 1
2026-02-25T15:38:01,309  INFO PopulationImpl:111  person # 4
2026-02-25T15:38:01,309  INFO PopulationImpl:111  person # 16
2026-02-25T15:38:01,316  INFO PopulationImpl:111  person # 64
2026-02-25T15:38:01,316  INFO PopulationImpl:111  person # 256
2026-02-25T15:38:01,325  INFO PopulationImpl:111  person # 1024
2026-02-25T15:38:01,336  INFO PopulationImpl:111  person # 4096
2026-02-25T15:38:01,375  INFO PopulationImpl:111  person # 16384
2026-02-25T15:38:01,417  INFO VehicleUtils:431 adding scenario element for allvehicles container
2026-02-25T15:38:01,417  INFO Counter:70 [VehiclesImpl] added vehicle # 1
2026-02-25T15:38:01,417  INFO Counter:70 [VehiclesImpl] added vehicle # 2
2026-02-25T15:38:01,417  INFO Counter:70 [VehiclesImpl] added vehicle # 4
2026-02-25T15:38:01,419  INFO Counter:70 [VehiclesImpl] added vehicle # 8
2026-02-25T15:38:01,419  INFO Counter:70 [VehiclesImpl] added vehicle # 16
2026-02-25T15:38:01,419  INFO Counter:70 [VehiclesImpl] added vehicle # 32
2026-02-25T15:38:01,421  INFO Counter:70 [VehiclesImpl] added vehicle # 64
2026-02-25T15:38:01,423  INFO Counter:70 [VehiclesImpl] added vehicle # 128
2026-02-25T15:38:01,423  INFO Counter:70 [VehiclesImpl] added vehicle # 256
2026-02-25T15:38:01,427  INFO Counter:70 [VehiclesImpl] added vehicle # 512
2026-02-25T15:38:01,434  INFO Counter:70 [VehiclesImpl] added vehicle # 1024
2026-02-25T15:38:01,442  INFO Counter:70 [VehiclesImpl] added vehicle # 2048
2026-02-25T15:38:01,455  INFO Counter:70 [VehiclesImpl] added vehicle # 4096
2026-02-25T15:38:01,481  INFO Counter:70 [VehiclesImpl] added vehicle # 8192
2026-02-25T15:38:01,523  INFO Counter:70 [VehiclesImpl] added vehicle # 16384
2026-02-25T15:38:01,528  INFO ReconstructingUmlaufBuilder:131 Generating UmlaufStuecke ...
2026-02-25T15:38:01,529  INFO ReconstructingUmlaufBuilder:144 ... done generating UmlaufStuecke
2026-02-25T15:38:01,563  INFO AbstractQNetsimEngine:418 Assigned 1137 nodes and 3009 links to QSimEngineRunner #0
2026-02-25T15:38:01,601  INFO EventsManagerImpl:116  event # 1
2026-02-25T15:38:01,605  INFO EventsManagerImpl:116  event # 4
2026-02-25T15:38:01,610  INFO AbstractQNetsimEngine:356 SIMULATION (QNetsimEngine) AT 06:00:00 : #links=0 #nodes=2
2026-02-25T15:38:01,615  INFO QSim:552 SIMULATION (NEW QSim) AT 06:00:00 : #Veh=30823 lost=0 simT=0.0s realT=0s; (s/r): 0.0
2026-02-25T15:38:01,615  INFO EventsManagerImpl:116  event # 16
2026-02-25T15:38:01,659  INFO EventsManagerImpl:116  event # 64
2026-02-25T15:38:01,733  INFO EventsManagerImpl:116  event # 256
2026-02-25T15:38:01,917  INFO AbstractQNetsimEngine:356 SIMULATION (QNetsimEngine) AT 07:00:00 : #links=4 #nodes=3
2026-02-25T15:38:01,917  INFO QSim:552 SIMULATION (NEW QSim) AT 07:00:00 : #Veh=30807 lost=0 simT=3600.0s realT=0s; (s/r): Infinity
2026-02-25T15:38:01,923  INFO EventsManagerImpl:116  event # 1024
2026-02-25T15:38:01,994  INFO EventsManagerImpl:116  event # 4096
2026-02-25T15:38:02,139  INFO EventsManagerImpl:116  event # 16384
2026-02-25T15:38:02,553  INFO EventsManagerImpl:116  event # 65536
2026-02-25T15:38:03,616  INFO EventsManagerImpl:116  event # 262144
2026-02-25T15:38:03,691  INFO AbstractQNetsimEngine:356 SIMULATION (QNetsimEngine) AT 08:00:00 : #links=441 #nodes=94
2026-02-25T15:38:03,694  INFO QSim:552 SIMULATION (NEW QSim) AT 08:00:00 : #Veh=30787 lost=0 simT=7200.0s realT=2s; (s/r): 3600.0
2026-02-25T15:38:05,045  INFO AbstractQNetsimEngine:356 SIMULATION (QNetsimEngine) AT 09:00:00 : #links=471 #nodes=99
2026-02-25T15:38:05,045  INFO QSim:552 SIMULATION (NEW QSim) AT 09:00:00 : #Veh=30767 lost=0 simT=10800.0s realT=3s; (s/r): 3600.0
2026-02-25T15:38:05,653  INFO AbstractQNetsimEngine:356 SIMULATION (QNetsimEngine) AT 10:00:00 : #links=143 #nodes=39
2026-02-25T15:38:05,655  INFO QSim:552 SIMULATION (NEW QSim) AT 10:00:00 : #Veh=30747 lost=0 simT=14400.0s realT=4s; (s/r): 3600.0
2026-02-25T15:38:06,214  INFO AbstractQNetsimEngine:356 SIMULATION (QNetsimEngine) AT 11:00:00 : #links=194 #nodes=29
2026-02-25T15:38:06,218  INFO QSim:552 SIMULATION (NEW QSim) AT 11:00:00 : #Veh=30727 lost=0 simT=18000.0s realT=5s; (s/r): 3600.0
2026-02-25T15:38:06,752  INFO AbstractQNetsimEngine:356 SIMULATION (QNetsimEngine) AT 12:00:00 : #links=196 #nodes=34
2026-02-25T15:38:06,752  INFO QSim:552 SIMULATION (NEW QSim) AT 12:00:00 : #Veh=30707 lost=0 simT=21600.0s realT=5s; (s/r): 4320.0
2026-02-25T15:38:07,354  INFO AbstractQNetsimEngine:356 SIMULATION (QNetsimEngine) AT 13:00:00 : #links=220 #nodes=31
2026-02-25T15:38:07,354  INFO QSim:552 SIMULATION (NEW QSim) AT 13:00:00 : #Veh=30508 lost=0 simT=25200.0s realT=6s; (s/r): 4200.0
2026-02-25T15:38:07,544  INFO EventsManagerImpl:116  event # 1048576
2026-02-25T15:38:07,956  INFO AbstractQNetsimEngine:356 SIMULATION (QNetsimEngine) AT 14:00:00 : #links=236 #nodes=26
2026-02-25T15:38:07,956  INFO QSim:552 SIMULATION (NEW QSim) AT 14:00:00 : #Veh=29940 lost=0 simT=28800.0s realT=6s; (s/r): 4800.0
2026-02-25T15:38:08,614  INFO AbstractQNetsimEngine:356 SIMULATION (QNetsimEngine) AT 15:00:00 : #links=266 #nodes=36
2026-02-25T15:38:08,614  INFO QSim:552 SIMULATION (NEW QSim) AT 15:00:00 : #Veh=28909 lost=0 simT=32400.0s realT=7s; (s/r): 4628.571428571428
2026-02-25T15:38:09,095  INFO AbstractQNetsimEngine:356 SIMULATION (QNetsimEngine) AT 16:00:00 : #links=151 #nodes=34
2026-02-25T15:38:09,095  INFO QSim:552 SIMULATION (NEW QSim) AT 16:00:00 : #Veh=27658 lost=0 simT=36000.0s realT=7s; (s/r): 5142.857142857143
2026-02-25T15:38:10,011  INFO AbstractQNetsimEngine:356 SIMULATION (QNetsimEngine) AT 17:00:00 : #links=434 #nodes=83
2026-02-25T15:38:10,011  INFO QSim:552 SIMULATION (NEW QSim) AT 17:00:00 : #Veh=24180 lost=0 simT=39600.0s realT=8s; (s/r): 4950.0
2026-02-25T15:38:11,002  INFO AbstractQNetsimEngine:356 SIMULATION (QNetsimEngine) AT 18:00:00 : #links=432 #nodes=83
2026-02-25T15:38:11,002  INFO QSim:552 SIMULATION (NEW QSim) AT 18:00:00 : #Veh=18437 lost=0 simT=43200.0s realT=9s; (s/r): 4800.0
2026-02-25T15:38:12,040  INFO AbstractQNetsimEngine:356 SIMULATION (QNetsimEngine) AT 19:00:00 : #links=395 #nodes=81
2026-02-25T15:38:12,040  INFO QSim:552 SIMULATION (NEW QSim) AT 19:00:00 : #Veh=12034 lost=0 simT=46800.0s realT=10s; (s/r): 4680.0
2026-02-25T15:38:12,652  INFO AbstractQNetsimEngine:356 SIMULATION (QNetsimEngine) AT 20:00:00 : #links=201 #nodes=44
2026-02-25T15:38:12,652  INFO QSim:552 SIMULATION (NEW QSim) AT 20:00:00 : #Veh=7552 lost=0 simT=50400.0s realT=11s; (s/r): 4581.818181818182
2026-02-25T15:38:13,041  INFO AbstractQNetsimEngine:356 SIMULATION (QNetsimEngine) AT 21:00:00 : #links=101 #nodes=22
2026-02-25T15:38:13,041  INFO QSim:552 SIMULATION (NEW QSim) AT 21:00:00 : #Veh=5358 lost=0 simT=54000.0s realT=11s; (s/r): 4909.090909090909
2026-02-25T15:38:13,366  INFO AbstractQNetsimEngine:356 SIMULATION (QNetsimEngine) AT 22:00:00 : #links=101 #nodes=24
2026-02-25T15:38:13,366  INFO QSim:552 SIMULATION (NEW QSim) AT 22:00:00 : #Veh=4114 lost=0 simT=57600.0s realT=12s; (s/r): 4800.0
2026-02-25T15:38:13,651  INFO AbstractQNetsimEngine:356 SIMULATION (QNetsimEngine) AT 23:00:00 : #links=94 #nodes=15
2026-02-25T15:38:13,651  INFO QSim:552 SIMULATION (NEW QSim) AT 23:00:00 : #Veh=3073 lost=0 simT=61200.0s realT=12s; (s/r): 5100.0
2026-02-25T15:38:13,905  INFO AbstractQNetsimEngine:356 SIMULATION (QNetsimEngine) AT 24:00:00 : #links=86 #nodes=13
2026-02-25T15:38:13,905  INFO QSim:552 SIMULATION (NEW QSim) AT 24:00:00 : #Veh=2141 lost=0 simT=64800.0s realT=12s; (s/r): 5400.0
2026-02-25T15:38:14,171  INFO AbstractQNetsimEngine:356 SIMULATION (QNetsimEngine) AT 25:00:00 : #links=87 #nodes=12
2026-02-25T15:38:14,171  INFO QSim:552 SIMULATION (NEW QSim) AT 25:00:00 : #Veh=1206 lost=0 simT=68400.0s realT=12s; (s/r): 5700.0
2026-02-25T15:38:14,416  INFO AbstractQNetsimEngine:356 SIMULATION (QNetsimEngine) AT 26:00:00 : #links=80 #nodes=9
2026-02-25T15:38:14,416  INFO QSim:552 SIMULATION (NEW QSim) AT 26:00:00 : #Veh=306 lost=0 simT=72000.0s realT=13s; (s/r): 5538.461538461538
2026-02-25T15:38:14,570  INFO AbstractController$9:237 ### ITERATION 0 fires after mobsim event
2026-02-25T15:38:14,570  INFO Gbl:196 Thread performance: Thread=class org.matsim.core.events.SimStepParallelEventsManagerImpl$ProcessEventsRunnable0  cpu-time=7.046875sec
2026-02-25T15:38:14,582  INFO ControlerListenerManagerImpl:269 calling notifyAfterMobsim on org.matsim.analysis.LegTimesControlerListener with priority 0.0
2026-02-25T15:38:14,585  INFO LegTimesControlerListener:73 [0] average leg duration is: 4233 seconds = 01:10:33
2026-02-25T15:38:14,585  INFO ControlerListenerManagerImpl:269 calling notifyAfterMobsim on org.matsim.core.events.MobsimScopeEventHandling with priority 0.0
2026-02-25T15:38:14,588  INFO ControlerListenerManagerImpl:269 calling notifyAfterMobsim on org.matsim.core.scoring.EventsToActivities$1 with priority 0.0
2026-02-25T15:38:14,616  INFO ControlerListenerManagerImpl:272 [it.0] all ControlerAfterMobsimListeners called.
2026-02-25T15:38:14,616  INFO AbstractController$4:162 ### ITERATION 0 fires scoring event
2026-02-25T15:38:14,616  INFO ControlerListenerManagerImpl:197 calling notifyScoring on org.matsim.core.scoring.PlansScoringImpl with priority 0.0
2026-02-25T15:38:14,648  INFO NewScoreAssignerImpl:60 it: 0 msaStart: null
2026-02-25T15:38:14,668  INFO ControlerListenerManagerImpl:209 [it.0] all ControlerScoringListeners called.
2026-02-25T15:38:14,668  INFO AbstractController$5:170 ### ITERATION 0 fires iteration end event
2026-02-25T15:38:14,668  INFO ControlerListenerManagerImpl:172 calling notifyIterationEnds on org.matsim.core.controler.corelisteners.EventsHandlingImpl with priority 0.0
2026-02-25T15:38:14,668  INFO EventsManagerImpl:164 removing Event-Handler: org.matsim.core.events.algorithms.EventWriterXML
2026-02-25T15:38:14,668  INFO EventsManagerImpl:164 removing Event-Handler: org.matsim.core.events.algorithms.EventWriterXML
2026-02-25T15:38:14,668  INFO ControlerListenerManagerImpl:172 calling notifyIterationEnds on org.matsim.core.scoring.PlansScoringImpl with priority 0.0
2026-02-25T15:38:14,694  INFO ControlerListenerManagerImpl:180 calling notifyIterationEnds on org.matsim.counts.CountsControlerListener with priority 0.0
2026-02-25T15:38:14,695  INFO ControlerListenerManagerImpl:180 calling notifyIterationEnds on org.matsim.analysis.ModeChoiceCoverageControlerListener with priority 0.0
2026-02-25T15:38:14,807  INFO ModeChoiceCoverageControlerListener:144 -- mode choice coverage (1x) of mode car = 0.5522128539089924
2026-02-25T15:38:14,807  INFO ModeChoiceCoverageControlerListener:144 -- mode choice coverage (1x) of mode pt = 0.1379055805255733
2026-02-25T15:38:14,807  INFO ModeChoiceCoverageControlerListener:144 -- mode choice coverage (1x) of mode walk = 0.3098815655654342
2026-02-25T15:38:14,807  INFO ModeChoiceCoverageControlerListener:144 -- mode choice coverage (5x) of mode car = 0.0
2026-02-25T15:38:14,807  INFO ModeChoiceCoverageControlerListener:144 -- mode choice coverage (5x) of mode pt = 0.0
2026-02-25T15:38:14,807  INFO ModeChoiceCoverageControlerListener:144 -- mode choice coverage (5x) of mode walk = 0.0
2026-02-25T15:38:14,807  INFO ModeChoiceCoverageControlerListener:144 -- mode choice coverage (10x) of mode car = 0.0
2026-02-25T15:38:14,807  INFO ModeChoiceCoverageControlerListener:144 -- mode choice coverage (10x) of mode pt = 0.0
2026-02-25T15:38:14,822  INFO ModeChoiceCoverageControlerListener:144 -- mode choice coverage (10x) of mode walk = 0.0
2026-02-25T15:38:14,822  INFO ControlerListenerManagerImpl:180 calling notifyIterationEnds on org.matsim.analysis.ModeStatsControlerListener with priority 0.0
2026-02-25T15:38:14,869  INFO ModeStatsControlerListener:133 Mode shares over all 60962.0 trips found. MainModeIdentifier: class org.matsim.core.router.DefaultAnalysisMainModeIdentifier
2026-02-25T15:38:14,869  INFO ModeStatsControlerListener:140 -- mode share of mode car = 0.5522128539089924
2026-02-25T15:38:14,869  INFO ModeStatsControlerListener:140 -- mode share of mode pt = 0.1379055805255733
2026-02-25T15:38:14,869  INFO ModeStatsControlerListener:140 -- mode share of mode walk = 0.3098815655654342
2026-02-25T15:38:14,869  INFO ControlerListenerManagerImpl:180 calling notifyIterationEnds on org.matsim.analysis.ScoreStatsControlerListener with priority 0.0
2026-02-25T15:38:14,888  INFO ScoreStatsControlerListener:154 -- avg. score of the executed plan of each agent: 115.33997030012208
2026-02-25T15:38:14,890  INFO ScoreStatsControlerListener:155 -- avg. score of the worst plan of each agent: 115.33997030012208
2026-02-25T15:38:14,890  INFO ScoreStatsControlerListener:156 -- avg. of the avg. plan score per agent: 115.33997030012208
2026-02-25T15:38:14,890  INFO ScoreStatsControlerListener:157 -- avg. score of the best plan of each agent: 115.33997030012208
2026-02-25T15:38:14,898  INFO ControlerListenerManagerImpl:180 calling notifyIterationEnds on org.matsim.analysis.IterationTravelStatsControlerListener with priority 0.0
2026-02-25T15:38:14,992  INFO TravelDistanceStats:115 -- average leg distance per plan (executed plans only): 3227.966349862638 meters
2026-02-25T15:38:14,992  INFO TravelDistanceStats:116 average leg distance per Person (executed plans only): 8236.550993304567 meters (statistic on all 77776 legs which have a finite distance)
2026-02-25T15:38:14,993  INFO TravelDistanceStats:117 -- average trip distance per plan (executed plans only): 4118.275496652283 meters
2026-02-25T15:38:14,993  INFO TravelDistanceStats:118 average trip distance per Person (executed plans only): 8236.550993304567 meters (statistic on all 60962 trips which have a finite distance)
2026-02-25T15:38:14,993  INFO TravelDistanceStats:119 (TravelDistanceStats takes an average over all legs where the simulation reports travelled (network) distances
2026-02-25T15:38:14,993  INFO TravelDistanceStats:120 (and teleported legs whose route contains a distance.)
2026-02-25T15:38:16,009  INFO ActivityWriter:39 Writing all Activities to activitiescsv
2026-02-25T15:38:16,328  INFO ActivityWriter:59 ...done
2026-02-25T15:38:16,328  INFO ControlerListenerManagerImpl:180 calling notifyIterationEnds on org.matsim.analysis.LegTimesControlerListener with priority 0.0
2026-02-25T15:38:16,328  INFO EventsManagerImpl:164 removing Event-Handler: org.matsim.analysis.CalcLegTimes
2026-02-25T15:38:16,328  INFO EventsManagerImpl:164 removing Event-Handler: org.matsim.analysis.CalcLegTimes
2026-02-25T15:38:16,328  INFO ControlerListenerManagerImpl:180 calling notifyIterationEnds on org.matsim.analysis.LegHistogramListener with priority 0.0
2026-02-25T15:38:16,328  INFO LegHistogramListener:78 number of legs:	155552	100%
2026-02-25T15:38:16,343  INFO LegHistogramListener:85 number of car legs:	67328	43.283275046286775%
2026-02-25T15:38:16,343  INFO LegHistogramListener:85 number of pt legs:	16814	10.809247068504423%
2026-02-25T15:38:16,343  INFO LegHistogramListener:85 number of walk legs:	71410	45.907477885208806%
2026-02-25T15:38:16,736  INFO ControlerListenerManagerImpl:180 calling notifyIterationEnds on org.matsim.analysis.LinkStatsControlerListener with priority 0.0
2026-02-25T15:38:16,738  INFO ControlerListenerManagerImpl:184 [it.0] all ControlerIterationEndsListeners called.
2026-02-25T15:38:16,850  INFO AbstractController:184 ### ITERATION 0 ENDS
2026-02-25T15:38:16,850  INFO AbstractController:185 ###################################################
2026-02-25T15:38:16,850  INFO AbstractController:136 ###################################################
2026-02-25T15:38:16,850  INFO AbstractController:137 ### ITERATION 1 BEGINS
2026-02-25T15:38:16,850  INFO ControlerListenerManagerImpl:156 calling notifyIterationStarts on org.matsim.analysis.LegTimesControlerListener with priority 0.0
2026-02-25T15:38:16,865  INFO EventsManagerImpl:139 === Logging of event-handlers skipped ===
2026-02-25T15:38:16,865  INFO EventsManagerImpl:140 To enable debug output, set an environment variable i.e. export LOG_LEVEL='debug', or set log.setLogLevel(Level.DEBUG) in your run class.
2026-02-25T15:38:16,865  INFO EventsManagerImpl:210     > org.matsim.api.core.v01.events.PersonDepartureEvent
2026-02-25T15:38:16,865  INFO EventsManagerImpl:210     > org.matsim.api.core.v01.events.PersonArrivalEvent
2026-02-25T15:38:16,866  INFO EventsManagerImpl:210     > org.matsim.api.core.v01.events.ActivityEndEvent
2026-02-25T15:38:16,866  INFO EventsManagerImpl:210     > org.matsim.api.core.v01.events.ActivityStartEvent
2026-02-25T15:38:16,866  INFO EventsManagerImpl:139 === Logging of event-handlers skipped ===
2026-02-25T15:38:16,866  INFO EventsManagerImpl:140 To enable debug output, set an environment variable i.e. export LOG_LEVEL='debug', or set log.setLogLevel(Level.DEBUG) in your run class.
2026-02-25T15:38:16,866  INFO EventsManagerImpl:210     > org.matsim.api.core.v01.events.PersonDepartureEvent
2026-02-25T15:38:16,866  INFO EventsManagerImpl:210     > org.matsim.api.core.v01.events.PersonArrivalEvent
2026-02-25T15:38:16,866  INFO EventsManagerImpl:210     > org.matsim.api.core.v01.events.ActivityEndEvent
2026-02-25T15:38:16,866  INFO EventsManagerImpl:210     > org.matsim.api.core.v01.events.ActivityStartEvent
2026-02-25T15:38:16,866  INFO ControlerListenerManagerImpl:156 calling notifyIterationStarts on org.matsim.analysis.LegHistogramListener with priority 0.0
2026-02-25T15:38:16,866  INFO EventsManagerImpl:139 === Logging of event-handlers skipped ===
2026-02-25T15:38:16,866  INFO EventsManagerImpl:140 To enable debug output, set an environment variable i.e. export LOG_LEVEL='debug', or set log.setLogLevel(Level.DEBUG) in your run class.
2026-02-25T15:38:16,868  INFO EventsManagerImpl:210     > org.matsim.api.core.v01.events.PersonDepartureEvent
2026-02-25T15:38:16,868  INFO EventsManagerImpl:210     > org.matsim.api.core.v01.events.PersonArrivalEvent
2026-02-25T15:38:16,868  INFO EventsManagerImpl:210     > org.matsim.api.core.v01.events.PersonStuckEvent
2026-02-25T15:38:16,868  INFO EventsManagerImpl:139 === Logging of event-handlers skipped ===
2026-02-25T15:38:16,868  INFO EventsManagerImpl:140 To enable debug output, set an environment variable i.e. export LOG_LEVEL='debug', or set log.setLogLevel(Level.DEBUG) in your run class.
2026-02-25T15:38:16,868  INFO EventsManagerImpl:210     > org.matsim.api.core.v01.events.PersonDepartureEvent
2026-02-25T15:38:16,868  INFO EventsManagerImpl:210     > org.matsim.api.core.v01.events.PersonArrivalEvent
2026-02-25T15:38:16,868  INFO EventsManagerImpl:210     > org.matsim.api.core.v01.events.PersonStuckEvent
2026-02-25T15:38:16,868  INFO ControlerListenerManagerImpl:156 calling notifyIterationStarts on org.matsim.analysis.LinkStatsControlerListener with priority 0.0
2026-02-25T15:38:16,868  INFO ControlerListenerManagerImpl:156 calling notifyIterationStarts on org.matsim.core.replanning.ReplanningContextImpl with priority 0.0
2026-02-25T15:38:16,868  INFO ControlerListenerManagerImpl:156 calling notifyIterationStarts on org.matsim.core.scoring.ScoringFunctionsForPopulation$$Lambda/0x000001a9da52eeb0 with priority 0.0
2026-02-25T15:38:16,901  INFO ControlerListenerManagerImpl:156 calling notifyIterationStarts on org.matsim.core.scoring.ExperiencedPlansServiceImpl$1 with priority 0.0
2026-02-25T15:38:16,915  INFO ControlerListenerManagerImpl:159 [it.1] all ControlerIterationStartsListeners called.
2026-02-25T15:38:16,919  INFO ControlerListenerManagerImpl:221 calling notifyReplanning on org.matsim.core.controler.corelisteners.PlansReplanningImpl with priority 0.0
2026-02-25T15:38:16,919  INFO RandomizingTimeDistanceTravelDisutilityFactory:86  sigma: 3.0; resulting normalization: 0.011108996538242306
2026-02-25T15:38:16,919  WARN NetworkRoutingProvider:137 [mode: car; routingMode: car] Using deprecated routing module without access/egress. Consider using AccessEgressNetworkRouter instead.
2026-02-25T15:38:16,919  INFO RandomizingTimeDistanceTravelDisutilityFactory:86  sigma: 3.0; resulting normalization: 0.011108996538242306
2026-02-25T15:38:16,919  WARN NetworkRoutingProvider:137 [mode: car; routingMode: car] Using deprecated routing module without access/egress. Consider using AccessEgressNetworkRouter instead.
2026-02-25T15:38:16,930  INFO ChooseRandomLegModeForSubtour:137 Chain based modes: [car]
2026-02-25T15:38:16,933  INFO ChooseRandomLegModeForSubtour:137 Chain based modes: [car]
2026-02-25T15:38:16,996  INFO GenericPlanStrategyImpl:135 Plan-Strategy finished, 24349 plans handled. Strategy: BestPlanSelector
2026-02-25T15:38:16,996  INFO AbstractMultithreadedModule:142 [PlanRouter] starting 2 threads, handling 3008 plans
2026-02-25T15:38:16,996  INFO Counter:70 [PlanRouter] handled plan # 1
2026-02-25T15:38:16,996  INFO Counter:70 [PlanRouter] handled plan # 2
2026-02-25T15:38:17,016  INFO Counter:70 [PlanRouter] handled plan # 4
2026-02-25T15:38:17,016  INFO Counter:70 [PlanRouter] handled plan # 8
2026-02-25T15:38:17,016  INFO Counter:70 [PlanRouter] handled plan # 16
2026-02-25T15:38:17,016  INFO Counter:70 [PlanRouter] handled plan # 32
2026-02-25T15:38:17,016  INFO Counter:70 [PlanRouter] handled plan # 64
2026-02-25T15:38:17,034  INFO Counter:70 [PlanRouter] handled plan # 128
2026-02-25T15:38:17,061  INFO Counter:70 [PlanRouter] handled plan # 256
2026-02-25T15:38:17,096  INFO Counter:70 [PlanRouter] handled plan # 512
2026-02-25T15:38:17,176  INFO Counter:70 [PlanRouter] handled plan # 1024
2026-02-25T15:38:17,319  INFO Counter:70 [PlanRouter] handled plan # 2048
2026-02-25T15:38:17,431  INFO AbstractMultithreadedModule:157 [PlanRouter] all 2 threads finished.
2026-02-25T15:38:17,431  INFO GenericPlanStrategyImpl:135 Plan-Strategy finished, 3008 plans handled. Strategy: RandomPlanSelector_ReRoute
2026-02-25T15:38:17,431  INFO AbstractMultithreadedModule:142 [ChooseRandomLegModeForSubtour] starting 2 threads, handling 3124 plans
2026-02-25T15:38:17,435  INFO Counter:70 [ChooseRandomLegModeForSubtour] handled plan # 1
2026-02-25T15:38:17,435  INFO Counter:70 [ChooseRandomLegModeForSubtour] handled plan # 2
2026-02-25T15:38:17,435  INFO Counter:70 [ChooseRandomLegModeForSubtour] handled plan # 4
2026-02-25T15:38:17,435  INFO Counter:70 [ChooseRandomLegModeForSubtour] handled plan # 8
2026-02-25T15:38:17,435  INFO Counter:70 [ChooseRandomLegModeForSubtour] handled plan # 16
2026-02-25T15:38:17,435  INFO Counter:70 [ChooseRandomLegModeForSubtour] handled plan # 32
2026-02-25T15:38:17,435  INFO Counter:70 [ChooseRandomLegModeForSubtour] handled plan # 64
2026-02-25T15:38:17,435  INFO Counter:70 [ChooseRandomLegModeForSubtour] handled plan # 128
2026-02-25T15:38:17,435  INFO Counter:70 [ChooseRandomLegModeForSubtour] handled plan # 256
2026-02-25T15:38:17,435  INFO Counter:70 [ChooseRandomLegModeForSubtour] handled plan # 512
2026-02-25T15:38:17,457  INFO Counter:70 [ChooseRandomLegModeForSubtour] handled plan # 1024
2026-02-25T15:38:17,467  INFO Counter:70 [ChooseRandomLegModeForSubtour] handled plan # 2048
2026-02-25T15:38:17,481  INFO AbstractMultithreadedModule:157 [ChooseRandomLegModeForSubtour] all 2 threads finished.
2026-02-25T15:38:17,483  INFO RandomizingTimeDistanceTravelDisutilityFactory:86  sigma: 3.0; resulting normalization: 0.011108996538242306
2026-02-25T15:38:17,483  WARN NetworkRoutingProvider:137 [mode: car; routingMode: car] Using deprecated routing module without access/egress. Consider using AccessEgressNetworkRouter instead.
2026-02-25T15:38:17,483  INFO RandomizingTimeDistanceTravelDisutilityFactory:86  sigma: 3.0; resulting normalization: 0.011108996538242306
2026-02-25T15:38:17,483  WARN NetworkRoutingProvider:137 [mode: car; routingMode: car] Using deprecated routing module without access/egress. Consider using AccessEgressNetworkRouter instead.
2026-02-25T15:38:17,486  INFO AbstractMultithreadedModule:142 [PlanRouter] starting 2 threads, handling 3124 plans
2026-02-25T15:38:17,489  INFO Counter:70 [PlanRouter] handled plan # 1
2026-02-25T15:38:17,489  INFO Counter:70 [PlanRouter] handled plan # 2
2026-02-25T15:38:17,490  INFO Counter:70 [PlanRouter] handled plan # 4
2026-02-25T15:38:17,490  INFO Counter:70 [PlanRouter] handled plan # 8
2026-02-25T15:38:17,492  INFO Counter:70 [PlanRouter] handled plan # 16
2026-02-25T15:38:17,492  INFO Counter:70 [PlanRouter] handled plan # 32
2026-02-25T15:38:17,495  INFO Counter:70 [PlanRouter] handled plan # 64
2026-02-25T15:38:17,495  INFO Counter:70 [PlanRouter] handled plan # 128
2026-02-25T15:38:17,495  INFO Counter:70 [PlanRouter] handled plan # 256
2026-02-25T15:38:17,506  INFO Counter:70 [PlanRouter] handled plan # 512
2026-02-25T15:38:17,527  INFO Counter:70 [PlanRouter] handled plan # 1024
2026-02-25T15:38:17,557  INFO Counter:70 [PlanRouter] handled plan # 2048
2026-02-25T15:38:17,602  INFO AbstractMultithreadedModule:157 [PlanRouter] all 2 threads finished.
2026-02-25T15:38:17,602  INFO GenericPlanStrategyImpl:135 Plan-Strategy finished, 3124 plans handled. Strategy: RandomPlanSelector_SubtourModeChoice_ReRoute
2026-02-25T15:38:17,602  INFO ControlerListenerManagerImpl:230 [it.1] all ControlerReplanningListeners called.
2026-02-25T15:38:17,602  INFO ControlerListenerManagerImpl:242 calling notifyBeforeMobsim on org.matsim.core.controler.corelisteners.EventsHandlingImpl with priority 0.0
2026-02-25T15:38:17,602  INFO EventsManagerImpl:173 resetting Event-Handlers
2026-02-25T15:38:17,602  INFO EventsManagerImpl:180   org.matsim.core.trafficmonitoring.TravelTimeCalculator
2026-02-25T15:38:17,602  INFO EventsManagerImpl:180   org.matsim.analysis.VolumesAnalyzer
2026-02-25T15:38:17,602  INFO EventsManagerImpl:180   org.matsim.core.scoring.ScoringFunctionsForPopulation
2026-02-25T15:38:17,602  INFO EventsManagerImpl:180   org.matsim.analysis.LegHistogram
2026-02-25T15:38:17,602  INFO EventsManagerImpl:180   org.matsim.analysis.CalcLegTimes
2026-02-25T15:38:17,602  INFO EventsManagerImpl:180   ch.sbb.matsim.routing.pt.raptor.SwissRailRaptorFactory$$Lambda/0x000001a9da5de1f0
2026-02-25T15:38:17,602  INFO ControlerListenerManagerImpl:242 calling notifyBeforeMobsim on org.matsim.core.controler.corelisteners.PlansDumpingImpl with priority 0.0
2026-02-25T15:38:17,602  INFO PlansDumpingImpl:77 dumping plans...
2026-02-25T15:38:17,620  INFO Counter:70 [PopulationWriter] dumped person # 1
2026-02-25T15:38:17,620  INFO Counter:70 [PopulationWriter] dumped person # 2
2026-02-25T15:38:17,620  INFO Counter:70 [PopulationWriter] dumped person # 4
2026-02-25T15:38:17,620  INFO Counter:70 [PopulationWriter] dumped person # 8
2026-02-25T15:38:17,620  INFO Counter:70 [PopulationWriter] dumped person # 16
2026-02-25T15:38:17,620  INFO Counter:70 [ParallelPopulationWriterV6] dumped person # 1
2026-02-25T15:38:17,620  INFO Counter:70 [PopulationWriter] dumped person # 32
2026-02-25T15:38:17,627  INFO Counter:70 [ParallelPopulationWriterV6] dumped person # 2
2026-02-25T15:38:17,627  INFO Counter:70 [PopulationWriter] dumped person # 64
2026-02-25T15:38:17,628  INFO Counter:70 [ParallelPopulationWriterV6] dumped person # 4
2026-02-25T15:38:17,628  INFO Counter:70 [PopulationWriter] dumped person # 128
2026-02-25T15:38:17,628  INFO Counter:70 [ParallelPopulationWriterV6] dumped person # 8
2026-02-25T15:38:17,628  INFO Counter:70 [PopulationWriter] dumped person # 256
2026-02-25T15:38:17,628  INFO Counter:70 [PopulationWriter] dumped person # 512
2026-02-25T15:38:17,628  INFO Counter:70 [ParallelPopulationWriterV6] dumped person # 16
2026-02-25T15:38:17,629  INFO Counter:70 [PopulationWriter] dumped person # 1024
2026-02-25T15:38:17,629  INFO Counter:70 [ParallelPopulationWriterV6] dumped person # 32
2026-02-25T15:38:17,630  INFO Counter:70 [ParallelPopulationWriterV6] dumped person # 64
2026-02-25T15:38:17,630  INFO Counter:70 [ParallelPopulationWriterV6] dumped person # 128
2026-02-25T15:38:17,632  INFO Counter:70 [ParallelPopulationWriterV6] dumped person # 256
2026-02-25T15:38:17,634  INFO Counter:70 [ParallelPopulationWriterV6] dumped person # 512
2026-02-25T15:38:17,643  INFO Counter:70 [ParallelPopulationWriterV6] dumped person # 1024
2026-02-25T15:38:17,643  INFO Counter:70 [PopulationWriter] dumped person # 2048
2026-02-25T15:38:17,659  INFO Counter:70 [ParallelPopulationWriterV6] dumped person # 2048
2026-02-25T15:38:17,678  INFO Counter:70 [PopulationWriter] dumped person # 4096
2026-02-25T15:38:17,680  INFO Counter:70 [ParallelPopulationWriterV6] dumped person # 4096
2026-02-25T15:38:17,759  INFO Counter:70 [PopulationWriter] dumped person # 8192
2026-02-25T15:38:17,771  INFO Counter:70 [ParallelPopulationWriterV6] dumped person # 8192
2026-02-25T15:38:17,850  INFO Counter:70 [PopulationWriter] dumped person # 16384
2026-02-25T15:38:17,860  INFO Counter:70 [ParallelPopulationWriterV6] dumped person # 16384
2026-02-25T15:38:17,993  INFO Counter:75 [ParallelPopulationWriterV6] dumped person # 30481
2026-02-25T15:38:17,993  INFO PopulationWriter:150 Population written to: ./output-pt/ITERS/it.1/1.plans.xml
2026-02-25T15:38:17,993  INFO Counter:75 [PopulationWriter] dumped person # 30481
2026-02-25T15:38:17,993  INFO PlansDumpingImpl:94 finished plans dump.
2026-02-25T15:38:17,993  INFO ControlerListenerManagerImpl:248 calling notifyBeforeMobsim on org.matsim.core.population.VspPlansCleaner with priority 0.0
2026-02-25T15:38:18,012  INFO ControlerListenerManagerImpl:251 [it.1] all ControlerBeforeMobsimListeners called.
2026-02-25T15:38:18,012  INFO PrepareForMobsimImpl:86 Network seems to be multimodal. Create car-only network which is handed over to PersonPrepareForSim.
2026-02-25T15:38:18,012  INFO NetworkImpl:165  node # 1
2026-02-25T15:38:18,012  INFO NetworkImpl:165  node # 4
2026-02-25T15:38:18,012  INFO NetworkImpl:165  node # 16
2026-02-25T15:38:18,012  INFO NetworkImpl:165  node # 64
2026-02-25T15:38:18,012  INFO NetworkImpl:165  node # 256
2026-02-25T15:38:18,012  INFO NetworkImpl:165  node # 1024
2026-02-25T15:38:18,012  INFO NetworkImpl:161  link # 1
2026-02-25T15:38:18,012  INFO NetworkImpl:161  link # 4
2026-02-25T15:38:18,012  INFO NetworkImpl:161  link # 16
2026-02-25T15:38:18,012  INFO NetworkImpl:161  link # 64
2026-02-25T15:38:18,025  INFO NetworkImpl:161  link # 256
2026-02-25T15:38:18,029  INFO NetworkImpl:161  link # 1024
2026-02-25T15:38:18,032  INFO RandomizingTimeDistanceTravelDisutilityFactory:86  sigma: 3.0; resulting normalization: 0.011108996538242306
2026-02-25T15:38:18,032  WARN NetworkRoutingProvider:137 [mode: car; routingMode: car] Using deprecated routing module without access/egress. Consider using AccessEgressNetworkRouter instead.
2026-02-25T15:38:18,032  INFO RandomizingTimeDistanceTravelDisutilityFactory:86  sigma: 3.0; resulting normalization: 0.011108996538242306
2026-02-25T15:38:18,032  WARN NetworkRoutingProvider:137 [mode: car; routingMode: car] Using deprecated routing module without access/egress. Consider using AccessEgressNetworkRouter instead.
2026-02-25T15:38:18,044  INFO Counter:70 [PersonPrepareForSim] handled person # 1
2026-02-25T15:38:18,044  INFO Counter:70 [PersonPrepareForSim] handled person # 2
2026-02-25T15:38:18,046  INFO Counter:70 [PersonPrepareForSim] handled person # 4
2026-02-25T15:38:18,046  INFO Counter:70 [PersonPrepareForSim] handled person # 8
2026-02-25T15:38:18,046  INFO Counter:70 [PersonPrepareForSim] handled person # 16
2026-02-25T15:38:18,046  INFO Counter:70 [PersonPrepareForSim] handled person # 32
2026-02-25T15:38:18,046  INFO Counter:70 [PersonPrepareForSim] handled person # 64
2026-02-25T15:38:18,047  INFO Counter:70 [PersonPrepareForSim] handled person # 128
2026-02-25T15:38:18,050  INFO Counter:70 [PersonPrepareForSim] handled person # 256
2026-02-25T15:38:18,050  INFO Counter:70 [PersonPrepareForSim] handled person # 512
2026-02-25T15:38:18,050  INFO Counter:70 [PersonPrepareForSim] handled person # 1024
2026-02-25T15:38:18,050  INFO Counter:70 [PersonPrepareForSim] handled person # 2048
2026-02-25T15:38:18,072  INFO Counter:70 [PersonPrepareForSim] handled person # 4096
2026-02-25T15:38:18,096  INFO Counter:70 [PersonPrepareForSim] handled person # 8192
2026-02-25T15:38:18,130  INFO Counter:70 [PersonPrepareForSim] handled person # 16384
2026-02-25T15:38:18,225  INFO Counter:75 [PersonPrepareForSim] handled person # 30481
2026-02-25T15:38:18,247  INFO MobsimListenerManager:50 calling addQueueSimulationListener
2026-02-25T15:38:18,247  INFO MobsimListenerManager:54   assigned class org.matsim.core.mobsim.framework.listeners.MobsimListener to interface org.matsim.vis.snapshotwriters.SnapshotWriterManager
2026-02-25T15:38:18,247  INFO MobsimListenerManager:54   assigned class org.matsim.core.mobsim.framework.listeners.MobsimListener to interface org.matsim.core.mobsim.framework.listeners.MobsimInitializedListener
2026-02-25T15:38:18,247  INFO MobsimListenerManager:54   assigned class org.matsim.core.mobsim.framework.listeners.MobsimListener to interface org.matsim.core.mobsim.framework.listeners.MobsimAfterSimStepListener
2026-02-25T15:38:18,247  INFO MobsimListenerManager:54   assigned class org.matsim.core.mobsim.framework.listeners.MobsimListener to interface org.matsim.core.mobsim.framework.listeners.MobsimBeforeCleanupListener
2026-02-25T15:38:18,247  INFO MobsimListenerManager:54   assigned class org.matsim.core.mobsim.framework.listeners.MobsimListener to interface org.matsim.core.mobsim.framework.listeners.MobsimListener
2026-02-25T15:38:18,247  INFO QSimProvider:131 Added MobsimEngine class org.matsim.core.mobsim.qsim.ActivityEngineDefaultImpl
2026-02-25T15:38:18,247  INFO QSimProvider:137 Added Activityhandler class org.matsim.core.mobsim.qsim.ActivityEngineDefaultImpl
2026-02-25T15:38:18,255  INFO QSimProvider:131 Added MobsimEngine class org.matsim.core.mobsim.qsim.qnetsimengine.QNetsimEngineWithThreadpool
2026-02-25T15:38:18,257  INFO QSimProvider:143 Added DepartureHandler class org.matsim.core.mobsim.qsim.qnetsimengine.NetworkModeDepartureHandlerDefaultImpl
2026-02-25T15:38:18,257  INFO QSimProvider:131 Added MobsimEngine class org.matsim.core.mobsim.qsim.DefaultTeleportationEngine
2026-02-25T15:38:18,257  INFO QSimProvider:143 Added DepartureHandler class org.matsim.core.mobsim.qsim.DefaultTeleportationEngine
2026-02-25T15:38:18,257  INFO QSimProvider:149 Added AgentSource class org.matsim.core.mobsim.qsim.agents.PopulationAgentSource
2026-02-25T15:38:18,257  INFO MobsimListenerManager:50 calling addQueueSimulationListener
2026-02-25T15:38:18,257  INFO MobsimListenerManager:54   assigned class org.matsim.core.mobsim.framework.listeners.MobsimListener to interface org.matsim.core.mobsim.framework.listeners.MobsimBeforeSimStepListener
2026-02-25T15:38:18,257  INFO MobsimListenerManager:54   assigned class org.matsim.core.mobsim.framework.listeners.MobsimListener to interface org.matsim.core.mobsim.framework.listeners.MobsimListener
2026-02-25T15:38:18,257  INFO MobsimListenerManager:54   assigned class org.matsim.core.mobsim.framework.listeners.MobsimListener to interface org.matsim.core.mobsim.qsim.messagequeueengine.MessageQueueEngine
2026-02-25T15:38:18,257  INFO QSimProvider:155 Added MobsimListener class org.matsim.core.mobsim.qsim.messagequeueengine.MessageQueueEngine
2026-02-25T15:38:18,257  INFO QSimProvider:131 Added MobsimEngine class org.matsim.core.mobsim.qsim.pt.TransitQSimEngine
2026-02-25T15:38:18,257  INFO QSimProvider:143 Added DepartureHandler class org.matsim.core.mobsim.qsim.pt.TransitQSimEngine
2026-02-25T15:38:18,257  INFO QSimProvider:149 Added AgentSource class org.matsim.core.mobsim.qsim.pt.TransitQSimEngine
2026-02-25T15:38:18,372  INFO ReconstructingUmlaufBuilder:131 Generating UmlaufStuecke ...
2026-02-25T15:38:18,372  INFO ReconstructingUmlaufBuilder:144 ... done generating UmlaufStuecke
2026-02-25T15:38:18,372  INFO AbstractQNetsimEngine:418 Assigned 1137 nodes and 3009 links to QSimEngineRunner #0
2026-02-25T15:38:18,407  INFO AbstractQNetsimEngine:356 SIMULATION (QNetsimEngine) AT 06:00:00 : #links=0 #nodes=2
2026-02-25T15:38:18,407  INFO QSim:552 SIMULATION (NEW QSim) AT 06:00:00 : #Veh=30823 lost=0 simT=0.0s realT=0s; (s/r): 0.0
2026-02-25T15:38:18,577  INFO AbstractQNetsimEngine:356 SIMULATION (QNetsimEngine) AT 07:00:00 : #links=4 #nodes=3
2026-02-25T15:38:18,577  INFO QSim:552 SIMULATION (NEW QSim) AT 07:00:00 : #Veh=30807 lost=0 simT=3600.0s realT=0s; (s/r): Infinity
2026-02-25T15:38:19,323  INFO AbstractQNetsimEngine:356 SIMULATION (QNetsimEngine) AT 08:00:00 : #links=462 #nodes=85
2026-02-25T15:38:19,323  INFO QSim:552 SIMULATION (NEW QSim) AT 08:00:00 : #Veh=30787 lost=0 simT=7200.0s realT=1s; (s/r): 7200.0
2026-02-25T15:38:20,230  INFO AbstractQNetsimEngine:356 SIMULATION (QNetsimEngine) AT 09:00:00 : #links=483 #nodes=81
2026-02-25T15:38:20,230  INFO QSim:552 SIMULATION (NEW QSim) AT 09:00:00 : #Veh=30767 lost=0 simT=10800.0s realT=1s; (s/r): 10800.0
2026-02-25T15:38:20,707  INFO AbstractQNetsimEngine:356 SIMULATION (QNetsimEngine) AT 10:00:00 : #links=106 #nodes=19
2026-02-25T15:38:20,707  INFO QSim:552 SIMULATION (NEW QSim) AT 10:00:00 : #Veh=30747 lost=0 simT=14400.0s realT=2s; (s/r): 7200.0
2026-02-25T15:38:21,081  INFO AbstractQNetsimEngine:356 SIMULATION (QNetsimEngine) AT 11:00:00 : #links=197 #nodes=27
2026-02-25T15:38:21,081  INFO QSim:552 SIMULATION (NEW QSim) AT 11:00:00 : #Veh=30727 lost=0 simT=18000.0s realT=2s; (s/r): 9000.0
2026-02-25T15:38:21,494  INFO AbstractQNetsimEngine:356 SIMULATION (QNetsimEngine) AT 12:00:00 : #links=202 #nodes=32
2026-02-25T15:38:21,494  INFO QSim:552 SIMULATION (NEW QSim) AT 12:00:00 : #Veh=30707 lost=0 simT=21600.0s realT=3s; (s/r): 7200.0
2026-02-25T15:38:22,024  INFO AbstractQNetsimEngine:356 SIMULATION (QNetsimEngine) AT 13:00:00 : #links=240 #nodes=38
2026-02-25T15:38:22,024  INFO QSim:552 SIMULATION (NEW QSim) AT 13:00:00 : #Veh=30486 lost=0 simT=25200.0s realT=3s; (s/r): 8400.0
2026-02-25T15:38:23,201  INFO AbstractQNetsimEngine:356 SIMULATION (QNetsimEngine) AT 14:00:00 : #links=251 #nodes=34
2026-02-25T15:38:23,202  INFO QSim:552 SIMULATION (NEW QSim) AT 14:00:00 : #Veh=29783 lost=0 simT=28800.0s realT=4s; (s/r): 7200.0
2026-02-25T15:38:24,191  INFO AbstractQNetsimEngine:356 SIMULATION (QNetsimEngine) AT 15:00:00 : #links=272 #nodes=37
2026-02-25T15:38:24,192  INFO QSim:552 SIMULATION (NEW QSim) AT 15:00:00 : #Veh=28466 lost=0 simT=32400.0s realT=5s; (s/r): 6480.0
2026-02-25T15:38:24,723  INFO AbstractQNetsimEngine:356 SIMULATION (QNetsimEngine) AT 16:00:00 : #links=135 #nodes=25
2026-02-25T15:38:24,724  INFO QSim:552 SIMULATION (NEW QSim) AT 16:00:00 : #Veh=26803 lost=0 simT=36000.0s realT=6s; (s/r): 6000.0
2026-02-25T15:38:25,501  INFO EventsManagerImpl:116  event # 4194304
2026-02-25T15:38:25,644  INFO AbstractQNetsimEngine:356 SIMULATION (QNetsimEngine) AT 17:00:00 : #links=434 #nodes=85
2026-02-25T15:38:25,644  INFO QSim:552 SIMULATION (NEW QSim) AT 17:00:00 : #Veh=22813 lost=0 simT=39600.0s realT=7s; (s/r): 5657.142857142857
2026-02-25T15:38:26,608  INFO AbstractQNetsimEngine:356 SIMULATION (QNetsimEngine) AT 18:00:00 : #links=433 #nodes=72
2026-02-25T15:38:26,608  INFO QSim:552 SIMULATION (NEW QSim) AT 18:00:00 : #Veh=16433 lost=0 simT=43200.0s realT=8s; (s/r): 5400.0
2026-02-25T15:38:27,787  INFO AbstractQNetsimEngine:356 SIMULATION (QNetsimEngine) AT 19:00:00 : #links=408 #nodes=79
2026-02-25T15:38:27,787  INFO QSim:552 SIMULATION (NEW QSim) AT 19:00:00 : #Veh=9501 lost=0 simT=46800.0s realT=9s; (s/r): 5200.0
2026-02-25T15:38:28,328  INFO AbstractQNetsimEngine:356 SIMULATION (QNetsimEngine) AT 20:00:00 : #links=184 #nodes=27
2026-02-25T15:38:28,328  INFO QSim:552 SIMULATION (NEW QSim) AT 20:00:00 : #Veh=4648 lost=0 simT=50400.0s realT=10s; (s/r): 5040.0
2026-02-25T15:38:28,709  INFO AbstractQNetsimEngine:356 SIMULATION (QNetsimEngine) AT 21:00:00 : #links=93 #nodes=17
2026-02-25T15:38:28,709  INFO QSim:552 SIMULATION (NEW QSim) AT 21:00:00 : #Veh=2390 lost=0 simT=54000.0s realT=10s; (s/r): 5400.0
2026-02-25T15:38:29,041  INFO AbstractQNetsimEngine:356 SIMULATION (QNetsimEngine) AT 22:00:00 : #links=76 #nodes=24
2026-02-25T15:38:29,041  INFO QSim:552 SIMULATION (NEW QSim) AT 22:00:00 : #Veh=1185 lost=0 simT=57600.0s realT=10s; (s/r): 5760.0
2026-02-25T15:38:29,309  INFO AbstractQNetsimEngine:356 SIMULATION (QNetsimEngine) AT 23:00:00 : #links=36 #nodes=7
2026-02-25T15:38:29,309  INFO QSim:552 SIMULATION (NEW QSim) AT 23:00:00 : #Veh=429 lost=0 simT=61200.0s realT=11s; (s/r): 5563.636363636364
2026-02-25T15:38:29,555  INFO AbstractQNetsimEngine:356 SIMULATION (QNetsimEngine) AT 24:00:00 : #links=8 #nodes=0
2026-02-25T15:38:29,555  INFO QSim:552 SIMULATION (NEW QSim) AT 24:00:00 : #Veh=12 lost=0 simT=64800.0s realT=11s; (s/r): 5890.909090909091
2026-02-25T15:38:29,612  INFO Gbl:196 Thread performance: Thread=class org.matsim.core.events.SimStepParallelEventsManagerImpl$ProcessEventsRunnable0  cpu-time=4.859375sec
2026-02-25T15:38:29,612  INFO AbstractController$9:237 ### ITERATION 1 fires after mobsim event
2026-02-25T15:38:29,624  INFO ControlerListenerManagerImpl:269 calling notifyAfterMobsim on org.matsim.analysis.LegTimesControlerListener with priority 0.0
2026-02-25T15:38:29,626  INFO LegTimesControlerListener:73 [1] average leg duration is: 2843 seconds = 00:47:23
2026-02-25T15:38:29,626  INFO ControlerListenerManagerImpl:269 calling notifyAfterMobsim on org.matsim.core.events.MobsimScopeEventHandling with priority 0.0
2026-02-25T15:38:29,626  INFO ControlerListenerManagerImpl:269 calling notifyAfterMobsim on org.matsim.core.scoring.EventsToActivities$1 with priority 0.0
2026-02-25T15:38:29,655  INFO ControlerListenerManagerImpl:272 [it.1] all ControlerAfterMobsimListeners called.
2026-02-25T15:38:29,655  INFO AbstractController$4:162 ### ITERATION 1 fires scoring event
2026-02-25T15:38:29,656  INFO ControlerListenerManagerImpl:197 calling notifyScoring on org.matsim.core.scoring.PlansScoringImpl with priority 0.0
2026-02-25T15:38:29,675  INFO NewScoreAssignerImpl:60 it: 1 msaStart: null
2026-02-25T15:38:29,705  INFO ControlerListenerManagerImpl:209 [it.1] all ControlerScoringListeners called.
2026-02-25T15:38:29,708  INFO AbstractController$5:170 ### ITERATION 1 fires iteration end event
2026-02-25T15:38:29,708  INFO ControlerListenerManagerImpl:172 calling notifyIterationEnds on org.matsim.core.controler.corelisteners.EventsHandlingImpl with priority 0.0
2026-02-25T15:38:29,708  INFO ControlerListenerManagerImpl:172 calling notifyIterationEnds on org.matsim.core.scoring.PlansScoringImpl with priority 0.0
2026-02-25T15:38:29,729  INFO ControlerListenerManagerImpl:180 calling notifyIterationEnds on org.matsim.counts.CountsControlerListener with priority 0.0
2026-02-25T15:38:29,731  INFO ControlerListenerManagerImpl:180 calling notifyIterationEnds on org.matsim.analysis.ModeChoiceCoverageControlerListener with priority 0.0
2026-02-25T15:38:29,813  INFO ModeChoiceCoverageControlerListener:144 -- mode choice coverage (1x) of mode car = 0.5645484072044881
2026-02-25T15:38:29,813  INFO ModeChoiceCoverageControlerListener:144 -- mode choice coverage (1x) of mode pt = 0.15857419376004725
2026-02-25T15:38:29,813  INFO ModeChoiceCoverageControlerListener:144 -- mode choice coverage (1x) of mode walk = 0.3577802565532627
2026-02-25T15:38:29,813  INFO ModeChoiceCoverageControlerListener:144 -- mode choice coverage (5x) of mode car = 0.0
2026-02-25T15:38:29,813  INFO ModeChoiceCoverageControlerListener:144 -- mode choice coverage (5x) of mode pt = 0.0
2026-02-25T15:38:29,813  INFO ModeChoiceCoverageControlerListener:144 -- mode choice coverage (5x) of mode walk = 0.0
2026-02-25T15:38:29,813  INFO ModeChoiceCoverageControlerListener:144 -- mode choice coverage (10x) of mode car = 0.0
2026-02-25T15:38:29,813  INFO ModeChoiceCoverageControlerListener:144 -- mode choice coverage (10x) of mode pt = 0.0
2026-02-25T15:38:29,825  INFO ModeChoiceCoverageControlerListener:144 -- mode choice coverage (10x) of mode walk = 0.0
2026-02-25T15:38:30,060  INFO ControlerListenerManagerImpl:180 calling notifyIterationEnds on org.matsim.analysis.ModeStatsControlerListener with priority 0.0
2026-02-25T15:38:30,114  INFO ModeStatsControlerListener:133 Mode shares over all 60962.0 trips found. MainModeIdentifier: class org.matsim.core.router.DefaultAnalysisMainModeIdentifier
2026-02-25T15:38:30,114  INFO ModeStatsControlerListener:140 -- mode share of mode car = 0.5084150782454644
2026-02-25T15:38:30,114  INFO ModeStatsControlerListener:140 -- mode share of mode pt = 0.14815786883632426
2026-02-25T15:38:30,114  INFO ModeStatsControlerListener:140 -- mode share of mode walk = 0.34342705291821135
2026-02-25T15:38:30,296  INFO ControlerListenerManagerImpl:180 calling notifyIterationEnds on org.matsim.analysis.ScoreStatsControlerListener with priority 0.0
2026-02-25T15:38:30,307  INFO ScoreStatsControlerListener:154 -- avg. score of the executed plan of each agent: 121.29498010963631
2026-02-25T15:38:30,307  INFO ScoreStatsControlerListener:155 -- avg. score of the worst plan of each agent: 119.45865576335387
2026-02-25T15:38:30,309  INFO ScoreStatsControlerListener:156 -- avg. of the avg. plan score per agent: 120.48022664469813
2026-02-25T15:38:30,309  INFO ScoreStatsControlerListener:157 -- avg. score of the best plan of each agent: 121.50179752604129
2026-02-25T15:38:30,358  INFO ControlerListenerManagerImpl:180 calling notifyIterationEnds on org.matsim.analysis.IterationTravelStatsControlerListener with priority 0.0
2026-02-25T15:38:30,393  INFO TravelDistanceStats:115 -- average leg distance per plan (executed plans only): 3268.658102936987 meters
2026-02-25T15:38:30,393  INFO TravelDistanceStats:116 average leg distance per Person (executed plans only): 8474.42587981688 meters (statistic on all 79026 legs which have a finite distance)
2026-02-25T15:38:30,393  INFO TravelDistanceStats:117 -- average trip distance per plan (executed plans only): 4237.21293990844 meters
2026-02-25T15:38:30,393  INFO TravelDistanceStats:118 average trip distance per Person (executed plans only): 8474.42587981688 meters (statistic on all 60962 trips which have a finite distance)
2026-02-25T15:38:30,393  INFO TravelDistanceStats:119 (TravelDistanceStats takes an average over all legs where the simulation reports travelled (network) distances
2026-02-25T15:38:30,393  INFO TravelDistanceStats:120 (and teleported legs whose route contains a distance.)
2026-02-25T15:38:31,161  INFO ActivityWriter:39 Writing all Activities to activitiescsv
2026-02-25T15:38:31,364  INFO ActivityWriter:59 ...done
2026-02-25T15:38:31,365  INFO ControlerListenerManagerImpl:180 calling notifyIterationEnds on org.matsim.analysis.LegTimesControlerListener with priority 0.0
2026-02-25T15:38:31,365  INFO EventsManagerImpl:164 removing Event-Handler: org.matsim.analysis.CalcLegTimes
2026-02-25T15:38:31,365  INFO EventsManagerImpl:164 removing Event-Handler: org.matsim.analysis.CalcLegTimes
2026-02-25T15:38:31,366  INFO ControlerListenerManagerImpl:180 calling notifyIterationEnds on org.matsim.analysis.LegHistogramListener with priority 0.0
2026-02-25T15:38:31,369  INFO LegHistogramListener:78 number of legs:	237078	100%
2026-02-25T15:38:31,371  INFO LegHistogramListener:85 number of car legs:	92982	39.2200035431377%
2026-02-25T15:38:31,371  INFO LegHistogramListener:85 number of pt legs:	27096	11.4291499000329%
2026-02-25T15:38:31,371  INFO LegHistogramListener:85 number of walk legs:	117000	49.350846556829396%
2026-02-25T15:38:31,656  INFO ControlerListenerManagerImpl:180 calling notifyIterationEnds on org.matsim.analysis.LinkStatsControlerListener with priority 0.0
2026-02-25T15:38:31,672  INFO ControlerListenerManagerImpl:184 [it.1] all ControlerIterationEndsListeners called.
2026-02-25T15:38:31,752  INFO AbstractController:184 ### ITERATION 1 ENDS
2026-02-25T15:38:31,752  INFO AbstractController:185 ###################################################
2026-02-25T15:38:31,752  INFO AbstractController:136 ###################################################
2026-02-25T15:38:31,752  INFO AbstractController:137 ### ITERATION 2 BEGINS
2026-02-25T15:38:31,752  INFO ControlerListenerManagerImpl:156 calling notifyIterationStarts on org.matsim.analysis.LegTimesControlerListener with priority 0.0
2026-02-25T15:38:31,755  INFO EventsManagerImpl:139 === Logging of event-handlers skipped ===
2026-02-25T15:38:31,755  INFO EventsManagerImpl:140 To enable debug output, set an environment variable i.e. export LOG_LEVEL='debug', or set log.setLogLevel(Level.DEBUG) in your run class.
2026-02-25T15:38:31,755  INFO EventsManagerImpl:210     > org.matsim.api.core.v01.events.PersonDepartureEvent
2026-02-25T15:38:31,755  INFO EventsManagerImpl:210     > org.matsim.api.core.v01.events.PersonArrivalEvent
2026-02-25T15:38:31,755  INFO EventsManagerImpl:210     > org.matsim.api.core.v01.events.ActivityEndEvent
2026-02-25T15:38:31,755  INFO EventsManagerImpl:210     > org.matsim.api.core.v01.events.ActivityStartEvent
2026-02-25T15:38:31,755  INFO EventsManagerImpl:139 === Logging of event-handlers skipped ===
2026-02-25T15:38:31,755  INFO EventsManagerImpl:140 To enable debug output, set an environment variable i.e. export LOG_LEVEL='debug', or set log.setLogLevel(Level.DEBUG) in your run class.
2026-02-25T15:38:31,755  INFO EventsManagerImpl:210     > org.matsim.api.core.v01.events.PersonDepartureEvent
2026-02-25T15:38:31,755  INFO EventsManagerImpl:210     > org.matsim.api.core.v01.events.PersonArrivalEvent
2026-02-25T15:38:31,755  INFO EventsManagerImpl:210     > org.matsim.api.core.v01.events.ActivityEndEvent
2026-02-25T15:38:31,755  INFO EventsManagerImpl:210     > org.matsim.api.core.v01.events.ActivityStartEvent
2026-02-25T15:38:31,755  INFO ControlerListenerManagerImpl:156 calling notifyIterationStarts on org.matsim.analysis.LegHistogramListener with priority 0.0
2026-02-25T15:38:31,755  INFO EventsManagerImpl:139 === Logging of event-handlers skipped ===
2026-02-25T15:38:31,755  INFO EventsManagerImpl:140 To enable debug output, set an environment variable i.e. export LOG_LEVEL='debug', or set log.setLogLevel(Level.DEBUG) in your run class.
2026-02-25T15:38:31,755  INFO EventsManagerImpl:210     > org.matsim.api.core.v01.events.PersonDepartureEvent
2026-02-25T15:38:31,755  INFO EventsManagerImpl:210     > org.matsim.api.core.v01.events.PersonArrivalEvent
2026-02-25T15:38:31,755  INFO EventsManagerImpl:210     > org.matsim.api.core.v01.events.PersonStuckEvent
2026-02-25T15:38:31,755  INFO EventsManagerImpl:139 === Logging of event-handlers skipped ===
2026-02-25T15:38:31,755  INFO EventsManagerImpl:140 To enable debug output, set an environment variable i.e. export LOG_LEVEL='debug', or set log.setLogLevel(Level.DEBUG) in your run class.
2026-02-25T15:38:31,755  INFO EventsManagerImpl:210     > org.matsim.api.core.v01.events.PersonDepartureEvent
2026-02-25T15:38:31,755  INFO EventsManagerImpl:210     > org.matsim.api.core.v01.events.PersonArrivalEvent
2026-02-25T15:38:31,755  INFO EventsManagerImpl:210     > org.matsim.api.core.v01.events.PersonStuckEvent
2026-02-25T15:38:31,755  INFO ControlerListenerManagerImpl:156 calling notifyIterationStarts on org.matsim.analysis.LinkStatsControlerListener with priority 0.0
2026-02-25T15:38:31,755  INFO ControlerListenerManagerImpl:156 calling notifyIterationStarts on org.matsim.core.replanning.ReplanningContextImpl with priority 0.0
2026-02-25T15:38:31,755  INFO ControlerListenerManagerImpl:156 calling notifyIterationStarts on org.matsim.core.scoring.ScoringFunctionsForPopulation$$Lambda/0x000001a9da52eeb0 with priority 0.0
2026-02-25T15:38:31,779  INFO ControlerListenerManagerImpl:156 calling notifyIterationStarts on org.matsim.core.scoring.ExperiencedPlansServiceImpl$1 with priority 0.0
2026-02-25T15:38:31,788  INFO ControlerListenerManagerImpl:159 [it.2] all ControlerIterationStartsListeners called.
2026-02-25T15:38:31,788  INFO ControlerListenerManagerImpl:221 calling notifyReplanning on org.matsim.core.controler.corelisteners.PlansReplanningImpl with priority 0.0
2026-02-25T15:38:31,788  WARN NetworkRoutingProvider:137 [mode: car; routingMode: car] Using deprecated routing module without access/egress. Consider using AccessEgressNetworkRouter instead.
2026-02-25T15:38:31,792  WARN NetworkRoutingProvider:137 [mode: car; routingMode: car] Using deprecated routing module without access/egress. Consider using AccessEgressNetworkRouter instead.
2026-02-25T15:38:31,792  INFO ChooseRandomLegModeForSubtour:137 Chain based modes: [car]
2026-02-25T15:38:31,792  INFO ChooseRandomLegModeForSubtour:137 Chain based modes: [car]
2026-02-25T15:38:31,869  INFO GenericPlanStrategyImpl:135 Plan-Strategy finished, 24350 plans handled. Strategy: BestPlanSelector
2026-02-25T15:38:31,869  INFO AbstractMultithreadedModule:142 [PlanRouter] starting 2 threads, handling 3051 plans
2026-02-25T15:38:31,869  INFO Counter:70 [PlanRouter] handled plan # 1
2026-02-25T15:38:31,872  INFO Counter:70 [PlanRouter] handled plan # 2
2026-02-25T15:38:31,872  INFO Counter:70 [PlanRouter] handled plan # 4
2026-02-25T15:38:31,875  INFO Counter:70 [PlanRouter] handled plan # 8
2026-02-25T15:38:31,878  INFO Counter:70 [PlanRouter] handled plan # 16
2026-02-25T15:38:31,878  INFO Counter:70 [PlanRouter] handled plan # 32
2026-02-25T15:38:31,921  INFO Counter:70 [PlanRouter] handled plan # 64
2026-02-25T15:38:31,936  INFO Counter:70 [PlanRouter] handled plan # 128
2026-02-25T15:38:31,966  INFO Counter:70 [PlanRouter] handled plan # 256
2026-02-25T15:38:32,016  INFO Counter:70 [PlanRouter] handled plan # 512
2026-02-25T15:38:32,103  INFO Counter:70 [PlanRouter] handled plan # 1024
2026-02-25T15:38:32,210  INFO Counter:70 [PlanRouter] handled plan # 2048
2026-02-25T15:38:32,371  INFO AbstractMultithreadedModule:157 [PlanRouter] all 2 threads finished.
2026-02-25T15:38:32,371  INFO GenericPlanStrategyImpl:135 Plan-Strategy finished, 3051 plans handled. Strategy: RandomPlanSelector_ReRoute
2026-02-25T15:38:32,371  INFO AbstractMultithreadedModule:142 [ChooseRandomLegModeForSubtour] starting 2 threads, handling 3080 plans
2026-02-25T15:38:32,371  INFO Counter:70 [ChooseRandomLegModeForSubtour] handled plan # 1
2026-02-25T15:38:32,371  INFO Counter:70 [ChooseRandomLegModeForSubtour] handled plan # 2
2026-02-25T15:38:32,374  INFO Counter:70 [ChooseRandomLegModeForSubtour] handled plan # 4
2026-02-25T15:38:32,374  INFO Counter:70 [ChooseRandomLegModeForSubtour] handled plan # 8
2026-02-25T15:38:32,374  INFO Counter:70 [ChooseRandomLegModeForSubtour] handled plan # 16
2026-02-25T15:38:32,374  INFO Counter:70 [ChooseRandomLegModeForSubtour] handled plan # 32
2026-02-25T15:38:32,374  INFO Counter:70 [ChooseRandomLegModeForSubtour] handled plan # 64
2026-02-25T15:38:32,376  INFO Counter:70 [ChooseRandomLegModeForSubtour] handled plan # 128
2026-02-25T15:38:32,376  INFO Counter:70 [ChooseRandomLegModeForSubtour] handled plan # 256
2026-02-25T15:38:32,377  INFO Counter:70 [ChooseRandomLegModeForSubtour] handled plan # 512
2026-02-25T15:38:32,380  INFO Counter:70 [ChooseRandomLegModeForSubtour] handled plan # 1024
2026-02-25T15:38:32,390  INFO Counter:70 [ChooseRandomLegModeForSubtour] handled plan # 2048
2026-02-25T15:38:32,396  INFO AbstractMultithreadedModule:157 [ChooseRandomLegModeForSubtour] all 2 threads finished.
2026-02-25T15:38:32,396  WARN NetworkRoutingProvider:137 [mode: car; routingMode: car] Using deprecated routing module without access/egress. Consider using AccessEgressNetworkRouter instead.
2026-02-25T15:38:32,396  WARN NetworkRoutingProvider:137 [mode: car; routingMode: car] Using deprecated routing module without access/egress. Consider using AccessEgressNetworkRouter instead.
2026-02-25T15:38:32,401  INFO AbstractMultithreadedModule:142 [PlanRouter] starting 2 threads, handling 3080 plans
2026-02-25T15:38:32,401  INFO Counter:70 [PlanRouter] handled plan # 1
2026-02-25T15:38:32,401  INFO Counter:70 [PlanRouter] handled plan # 2
2026-02-25T15:38:32,402  INFO Counter:70 [PlanRouter] handled plan # 4
2026-02-25T15:38:32,402  INFO Counter:70 [PlanRouter] handled plan # 8
2026-02-25T15:38:32,403  INFO Counter:70 [PlanRouter] handled plan # 16
2026-02-25T15:38:32,403  INFO Counter:70 [PlanRouter] handled plan # 32
2026-02-25T15:38:32,404  INFO Counter:70 [PlanRouter] handled plan # 64
2026-02-25T15:38:32,411  INFO Counter:70 [PlanRouter] handled plan # 128
2026-02-25T15:38:32,416  INFO Counter:70 [PlanRouter] handled plan # 256
2026-02-25T15:38:32,434  INFO Counter:70 [PlanRouter] handled plan # 512
2026-02-25T15:38:32,452  INFO Counter:70 [PlanRouter] handled plan # 1024
2026-02-25T15:38:32,500  INFO Counter:70 [PlanRouter] handled plan # 2048
2026-02-25T15:38:32,546  INFO AbstractMultithreadedModule:157 [PlanRouter] all 2 threads finished.
2026-02-25T15:38:32,546  INFO GenericPlanStrategyImpl:135 Plan-Strategy finished, 3080 plans handled. Strategy: RandomPlanSelector_SubtourModeChoice_ReRoute
2026-02-25T15:38:32,546  INFO ControlerListenerManagerImpl:230 [it.2] all ControlerReplanningListeners called.
2026-02-25T15:38:32,546  INFO ControlerListenerManagerImpl:242 calling notifyBeforeMobsim on org.matsim.core.controler.corelisteners.EventsHandlingImpl with priority 0.0
2026-02-25T15:38:32,546  INFO EventsManagerImpl:173 resetting Event-Handlers
2026-02-25T15:38:32,546  INFO EventsManagerImpl:180   org.matsim.core.trafficmonitoring.TravelTimeCalculator
2026-02-25T15:38:32,546  INFO EventsManagerImpl:180   org.matsim.analysis.VolumesAnalyzer
2026-02-25T15:38:32,546  INFO EventsManagerImpl:180   org.matsim.core.scoring.ScoringFunctionsForPopulation
2026-02-25T15:38:32,546  INFO EventsManagerImpl:180   org.matsim.analysis.LegHistogram
2026-02-25T15:38:32,546  INFO EventsManagerImpl:180   org.matsim.analysis.CalcLegTimes
2026-02-25T15:38:32,546  INFO EventsManagerImpl:180   ch.sbb.matsim.routing.pt.raptor.SwissRailRaptorFactory$$Lambda/0x000001a9da5de1f0
2026-02-25T15:38:32,546  INFO ControlerListenerManagerImpl:242 calling notifyBeforeMobsim on org.matsim.core.controler.corelisteners.PlansDumpingImpl with priority 0.0
2026-02-25T15:38:32,546  INFO ControlerListenerManagerImpl:248 calling notifyBeforeMobsim on org.matsim.core.population.VspPlansCleaner with priority 0.0
2026-02-25T15:38:32,575  INFO ControlerListenerManagerImpl:251 [it.2] all ControlerBeforeMobsimListeners called.
2026-02-25T15:38:32,577  INFO PrepareForMobsimImpl:86 Network seems to be multimodal. Create car-only network which is handed over to PersonPrepareForSim.
2026-02-25T15:38:32,577  INFO NetworkImpl:165  node # 1
2026-02-25T15:38:32,577  INFO NetworkImpl:165  node # 4
2026-02-25T15:38:32,577  INFO NetworkImpl:165  node # 16
2026-02-25T15:38:32,577  INFO NetworkImpl:165  node # 64
2026-02-25T15:38:32,577  INFO NetworkImpl:165  node # 256
2026-02-25T15:38:32,577  INFO NetworkImpl:165  node # 1024
2026-02-25T15:38:32,577  INFO NetworkImpl:161  link # 1
2026-02-25T15:38:32,577  INFO NetworkImpl:161  link # 4
2026-02-25T15:38:32,577  INFO NetworkImpl:161  link # 16
2026-02-25T15:38:32,577  INFO NetworkImpl:161  link # 64
2026-02-25T15:38:32,577  INFO NetworkImpl:161  link # 256
2026-02-25T15:38:32,577  INFO NetworkImpl:161  link # 1024
2026-02-25T15:38:32,577  WARN NetworkRoutingProvider:137 [mode: car; routingMode: car] Using deprecated routing module without access/egress. Consider using AccessEgressNetworkRouter instead.
2026-02-25T15:38:32,593  WARN NetworkRoutingProvider:137 [mode: car; routingMode: car] Using deprecated routing module without access/egress. Consider using AccessEgressNetworkRouter instead.
2026-02-25T15:38:32,597  INFO Counter:70 [PersonPrepareForSim] handled person # 1
2026-02-25T15:38:32,597  INFO Counter:70 [PersonPrepareForSim] handled person # 2
2026-02-25T15:38:32,598  INFO Counter:70 [PersonPrepareForSim] handled person # 4
2026-02-25T15:38:32,598  INFO Counter:70 [PersonPrepareForSim] handled person # 8
2026-02-25T15:38:32,599  INFO Counter:70 [PersonPrepareForSim] handled person # 16
2026-02-25T15:38:32,599  INFO Counter:70 [PersonPrepareForSim] handled person # 32
2026-02-25T15:38:32,599  INFO Counter:70 [PersonPrepareForSim] handled person # 64
2026-02-25T15:38:32,600  INFO Counter:70 [PersonPrepareForSim] handled person # 128
2026-02-25T15:38:32,600  INFO Counter:70 [PersonPrepareForSim] handled person # 256
2026-02-25T15:38:32,602  INFO Counter:70 [PersonPrepareForSim] handled person # 512
2026-02-25T15:38:32,606  INFO Counter:70 [PersonPrepareForSim] handled person # 1024
2026-02-25T15:38:32,610  INFO Counter:70 [PersonPrepareForSim] handled person # 2048
2026-02-25T15:38:32,620  INFO Counter:70 [PersonPrepareForSim] handled person # 4096
2026-02-25T15:38:32,648  INFO Counter:70 [PersonPrepareForSim] handled person # 8192
2026-02-25T15:38:32,667  INFO Counter:70 [PersonPrepareForSim] handled person # 16384
2026-02-25T15:38:32,694  INFO Counter:75 [PersonPrepareForSim] handled person # 30481
2026-02-25T15:38:32,718  INFO MobsimListenerManager:50 calling addQueueSimulationListener
2026-02-25T15:38:32,718  INFO MobsimListenerManager:54   assigned class org.matsim.core.mobsim.framework.listeners.MobsimListener to interface org.matsim.vis.snapshotwriters.SnapshotWriterManager
2026-02-25T15:38:32,718  INFO MobsimListenerManager:54   assigned class org.matsim.core.mobsim.framework.listeners.MobsimListener to interface org.matsim.core.mobsim.framework.listeners.MobsimInitializedListener
2026-02-25T15:38:32,718  INFO MobsimListenerManager:54   assigned class org.matsim.core.mobsim.framework.listeners.MobsimListener to interface org.matsim.core.mobsim.framework.listeners.MobsimAfterSimStepListener
2026-02-25T15:38:32,718  INFO MobsimListenerManager:54   assigned class org.matsim.core.mobsim.framework.listeners.MobsimListener to interface org.matsim.core.mobsim.framework.listeners.MobsimBeforeCleanupListener
2026-02-25T15:38:32,718  INFO MobsimListenerManager:54   assigned class org.matsim.core.mobsim.framework.listeners.MobsimListener to interface org.matsim.core.mobsim.framework.listeners.MobsimListener
2026-02-25T15:38:32,718  INFO QSimProvider:131 Added MobsimEngine class org.matsim.core.mobsim.qsim.ActivityEngineDefaultImpl
2026-02-25T15:38:32,718  INFO QSimProvider:137 Added Activityhandler class org.matsim.core.mobsim.qsim.ActivityEngineDefaultImpl
2026-02-25T15:38:32,730  INFO QSimProvider:131 Added MobsimEngine class org.matsim.core.mobsim.qsim.qnetsimengine.QNetsimEngineWithThreadpool
2026-02-25T15:38:32,732  INFO QSimProvider:143 Added DepartureHandler class org.matsim.core.mobsim.qsim.qnetsimengine.NetworkModeDepartureHandlerDefaultImpl
2026-02-25T15:38:32,732  INFO QSimProvider:131 Added MobsimEngine class org.matsim.core.mobsim.qsim.DefaultTeleportationEngine
2026-02-25T15:38:32,732  INFO QSimProvider:143 Added DepartureHandler class org.matsim.core.mobsim.qsim.DefaultTeleportationEngine
2026-02-25T15:38:32,732  INFO QSimProvider:149 Added AgentSource class org.matsim.core.mobsim.qsim.agents.PopulationAgentSource
2026-02-25T15:38:32,732  INFO MobsimListenerManager:50 calling addQueueSimulationListener
2026-02-25T15:38:32,732  INFO MobsimListenerManager:54   assigned class org.matsim.core.mobsim.framework.listeners.MobsimListener to interface org.matsim.core.mobsim.framework.listeners.MobsimBeforeSimStepListener
2026-02-25T15:38:32,732  INFO MobsimListenerManager:54   assigned class org.matsim.core.mobsim.framework.listeners.MobsimListener to interface org.matsim.core.mobsim.framework.listeners.MobsimListener
2026-02-25T15:38:32,734  INFO MobsimListenerManager:54   assigned class org.matsim.core.mobsim.framework.listeners.MobsimListener to interface org.matsim.core.mobsim.qsim.messagequeueengine.MessageQueueEngine
2026-02-25T15:38:32,734  INFO QSimProvider:155 Added MobsimListener class org.matsim.core.mobsim.qsim.messagequeueengine.MessageQueueEngine
2026-02-25T15:38:32,734  INFO QSimProvider:131 Added MobsimEngine class org.matsim.core.mobsim.qsim.pt.TransitQSimEngine
2026-02-25T15:38:32,734  INFO QSimProvider:143 Added DepartureHandler class org.matsim.core.mobsim.qsim.pt.TransitQSimEngine
2026-02-25T15:38:32,734  INFO QSimProvider:149 Added AgentSource class org.matsim.core.mobsim.qsim.pt.TransitQSimEngine
2026-02-25T15:38:32,853  INFO ReconstructingUmlaufBuilder:131 Generating UmlaufStuecke ...
2026-02-25T15:38:32,853  INFO ReconstructingUmlaufBuilder:144 ... done generating UmlaufStuecke
2026-02-25T15:38:32,871  INFO AbstractQNetsimEngine:418 Assigned 1137 nodes and 3009 links to QSimEngineRunner #0
2026-02-25T15:38:32,913  INFO AbstractQNetsimEngine:356 SIMULATION (QNetsimEngine) AT 06:00:00 : #links=0 #nodes=2
2026-02-25T15:38:32,913  INFO QSim:552 SIMULATION (NEW QSim) AT 06:00:00 : #Veh=30823 lost=0 simT=0.0s realT=0s; (s/r): 0.0
2026-02-25T15:38:33,125  INFO AbstractQNetsimEngine:356 SIMULATION (QNetsimEngine) AT 07:00:00 : #links=4 #nodes=2
2026-02-25T15:38:33,125  INFO QSim:552 SIMULATION (NEW QSim) AT 07:00:00 : #Veh=30807 lost=0 simT=3600.0s realT=0s; (s/r): Infinity
2026-02-25T15:38:34,624  INFO AbstractQNetsimEngine:356 SIMULATION (QNetsimEngine) AT 08:00:00 : #links=478 #nodes=84
2026-02-25T15:38:34,624  INFO QSim:552 SIMULATION (NEW QSim) AT 08:00:00 : #Veh=30787 lost=0 simT=7200.0s realT=1s; (s/r): 7200.0
2026-02-25T15:38:36,205  INFO AbstractQNetsimEngine:356 SIMULATION (QNetsimEngine) AT 09:00:00 : #links=507 #nodes=70
2026-02-25T15:38:36,207  INFO QSim:552 SIMULATION (NEW QSim) AT 09:00:00 : #Veh=30767 lost=0 simT=10800.0s realT=3s; (s/r): 3600.0
2026-02-25T15:38:36,864  INFO AbstractQNetsimEngine:356 SIMULATION (QNetsimEngine) AT 10:00:00 : #links=99 #nodes=19
2026-02-25T15:38:36,864  INFO QSim:552 SIMULATION (NEW QSim) AT 10:00:00 : #Veh=30747 lost=0 simT=14400.0s realT=4s; (s/r): 3600.0
2026-02-25T15:38:37,536  INFO AbstractQNetsimEngine:356 SIMULATION (QNetsimEngine) AT 11:00:00 : #links=196 #nodes=28
2026-02-25T15:38:37,536  INFO QSim:552 SIMULATION (NEW QSim) AT 11:00:00 : #Veh=30727 lost=0 simT=18000.0s realT=4s; (s/r): 4500.0
2026-02-25T15:38:38,130  INFO AbstractQNetsimEngine:356 SIMULATION (QNetsimEngine) AT 12:00:00 : #links=194 #nodes=34
2026-02-25T15:38:38,130  INFO QSim:552 SIMULATION (NEW QSim) AT 12:00:00 : #Veh=30707 lost=0 simT=21600.0s realT=5s; (s/r): 4320.0
2026-02-25T15:38:38,739  INFO AbstractQNetsimEngine:356 SIMULATION (QNetsimEngine) AT 13:00:00 : #links=239 #nodes=31
2026-02-25T15:38:38,739  INFO QSim:552 SIMULATION (NEW QSim) AT 13:00:00 : #Veh=30423 lost=0 simT=25200.0s realT=6s; (s/r): 4200.0
2026-02-25T15:38:39,420  INFO AbstractQNetsimEngine:356 SIMULATION (QNetsimEngine) AT 14:00:00 : #links=244 #nodes=28
2026-02-25T15:38:39,420  INFO QSim:552 SIMULATION (NEW QSim) AT 14:00:00 : #Veh=29507 lost=0 simT=28800.0s realT=6s; (s/r): 4800.0
2026-02-25T15:38:40,145  INFO AbstractQNetsimEngine:356 SIMULATION (QNetsimEngine) AT 15:00:00 : #links=288 #nodes=37
2026-02-25T15:38:40,145  INFO QSim:552 SIMULATION (NEW QSim) AT 15:00:00 : #Veh=28085 lost=0 simT=32400.0s realT=7s; (s/r): 4628.571428571428
2026-02-25T15:38:40,688  INFO AbstractQNetsimEngine:356 SIMULATION (QNetsimEngine) AT 16:00:00 : #links=100 #nodes=12
2026-02-25T15:38:40,688  INFO QSim:552 SIMULATION (NEW QSim) AT 16:00:00 : #Veh=26469 lost=0 simT=36000.0s realT=7s; (s/r): 5142.857142857143
2026-02-25T15:38:41,619  INFO AbstractQNetsimEngine:356 SIMULATION (QNetsimEngine) AT 17:00:00 : #links=456 #nodes=76
2026-02-25T15:38:41,619  INFO QSim:552 SIMULATION (NEW QSim) AT 17:00:00 : #Veh=22287 lost=0 simT=39600.0s realT=8s; (s/r): 4950.0
2026-02-25T15:38:42,796  INFO AbstractQNetsimEngine:356 SIMULATION (QNetsimEngine) AT 18:00:00 : #links=441 #nodes=69
2026-02-25T15:38:42,796  INFO QSim:552 SIMULATION (NEW QSim) AT 18:00:00 : #Veh=15494 lost=0 simT=43200.0s realT=10s; (s/r): 4320.0
2026-02-25T15:38:43,886  INFO AbstractQNetsimEngine:356 SIMULATION (QNetsimEngine) AT 19:00:00 : #links=415 #nodes=72
2026-02-25T15:38:43,886  INFO QSim:552 SIMULATION (NEW QSim) AT 19:00:00 : #Veh=8200 lost=0 simT=46800.0s realT=11s; (s/r): 4254.545454545455
2026-02-25T15:38:44,471  INFO AbstractQNetsimEngine:356 SIMULATION (QNetsimEngine) AT 20:00:00 : #links=168 #nodes=25
2026-02-25T15:38:44,471  INFO QSim:552 SIMULATION (NEW QSim) AT 20:00:00 : #Veh=3129 lost=0 simT=50400.0s realT=11s; (s/r): 4581.818181818182
2026-02-25T15:38:44,834  INFO AbstractQNetsimEngine:356 SIMULATION (QNetsimEngine) AT 21:00:00 : #links=79 #nodes=12
2026-02-25T15:38:44,834  INFO QSim:552 SIMULATION (NEW QSim) AT 21:00:00 : #Veh=825 lost=0 simT=54000.0s realT=12s; (s/r): 4500.0
2026-02-25T15:38:45,126  INFO AbstractQNetsimEngine:356 SIMULATION (QNetsimEngine) AT 22:00:00 : #links=7 #nodes=2
2026-02-25T15:38:45,127  INFO QSim:552 SIMULATION (NEW QSim) AT 22:00:00 : #Veh=50 lost=0 simT=57600.0s realT=12s; (s/r): 4800.0
2026-02-25T15:38:45,346  INFO AbstractQNetsimEngine:356 SIMULATION (QNetsimEngine) AT 23:00:00 : #links=4 #nodes=2
2026-02-25T15:38:45,346  INFO QSim:552 SIMULATION (NEW QSim) AT 23:00:00 : #Veh=6 lost=0 simT=61200.0s realT=12s; (s/r): 5100.0
2026-02-25T15:38:45,391  INFO AbstractController$9:237 ### ITERATION 2 fires after mobsim event
2026-02-25T15:38:45,391  INFO Gbl:196 Thread performance: Thread=class org.matsim.core.events.SimStepParallelEventsManagerImpl$ProcessEventsRunnable0  cpu-time=5.21875sec
2026-02-25T15:38:45,398  INFO ControlerListenerManagerImpl:269 calling notifyAfterMobsim on org.matsim.analysis.LegTimesControlerListener with priority 0.0
2026-02-25T15:38:45,399  INFO LegTimesControlerListener:73 [2] average leg duration is: 2229 seconds = 00:37:09
2026-02-25T15:38:45,399  INFO ControlerListenerManagerImpl:269 calling notifyAfterMobsim on org.matsim.core.events.MobsimScopeEventHandling with priority 0.0
2026-02-25T15:38:45,399  INFO ControlerListenerManagerImpl:269 calling notifyAfterMobsim on org.matsim.core.scoring.EventsToActivities$1 with priority 0.0
2026-02-25T15:38:45,419  INFO ControlerListenerManagerImpl:272 [it.2] all ControlerAfterMobsimListeners called.
2026-02-25T15:38:45,419  INFO AbstractController$4:162 ### ITERATION 2 fires scoring event
2026-02-25T15:38:45,419  INFO ControlerListenerManagerImpl:197 calling notifyScoring on org.matsim.core.scoring.PlansScoringImpl with priority 0.0
2026-02-25T15:38:45,436  INFO NewScoreAssignerImpl:60 it: 2 msaStart: null
2026-02-25T15:38:45,457  INFO ControlerListenerManagerImpl:209 [it.2] all ControlerScoringListeners called.
2026-02-25T15:38:45,457  INFO AbstractController$5:170 ### ITERATION 2 fires iteration end event
2026-02-25T15:38:45,457  INFO ControlerListenerManagerImpl:172 calling notifyIterationEnds on org.matsim.core.controler.corelisteners.EventsHandlingImpl with priority 0.0
2026-02-25T15:38:45,457  INFO ControlerListenerManagerImpl:172 calling notifyIterationEnds on org.matsim.core.scoring.PlansScoringImpl with priority 0.0
2026-02-25T15:38:45,465  INFO ControlerListenerManagerImpl:180 calling notifyIterationEnds on org.matsim.counts.CountsControlerListener with priority 0.0
2026-02-25T15:38:45,465  INFO ControlerListenerManagerImpl:180 calling notifyIterationEnds on org.matsim.analysis.ModeChoiceCoverageControlerListener with priority 0.0
2026-02-25T15:38:45,544  INFO ModeChoiceCoverageControlerListener:144 -- mode choice coverage (1x) of mode car = 0.574718677208753
2026-02-25T15:38:45,544  INFO ModeChoiceCoverageControlerListener:144 -- mode choice coverage (1x) of mode pt = 0.17889833010727996
2026-02-25T15:38:45,544  INFO ModeChoiceCoverageControlerListener:144 -- mode choice coverage (1x) of mode walk = 0.40120074800695515
2026-02-25T15:38:45,544  INFO ModeChoiceCoverageControlerListener:144 -- mode choice coverage (5x) of mode car = 0.0
2026-02-25T15:38:45,544  INFO ModeChoiceCoverageControlerListener:144 -- mode choice coverage (5x) of mode pt = 0.0
2026-02-25T15:38:45,544  INFO ModeChoiceCoverageControlerListener:144 -- mode choice coverage (5x) of mode walk = 0.0
2026-02-25T15:38:45,544  INFO ModeChoiceCoverageControlerListener:144 -- mode choice coverage (10x) of mode car = 0.0
2026-02-25T15:38:45,544  INFO ModeChoiceCoverageControlerListener:144 -- mode choice coverage (10x) of mode pt = 0.0
2026-02-25T15:38:45,544  INFO ModeChoiceCoverageControlerListener:144 -- mode choice coverage (10x) of mode walk = 0.0
2026-02-25T15:38:45,748  INFO ControlerListenerManagerImpl:180 calling notifyIterationEnds on org.matsim.analysis.ModeStatsControlerListener with priority 0.0
2026-02-25T15:38:45,797  INFO ModeStatsControlerListener:133 Mode shares over all 60962.0 trips found. MainModeIdentifier: class org.matsim.core.router.DefaultAnalysisMainModeIdentifier
2026-02-25T15:38:45,797  INFO ModeStatsControlerListener:140 -- mode share of mode car = 0.4881237492208261
2026-02-25T15:38:45,797  INFO ModeStatsControlerListener:140 -- mode share of mode pt = 0.1548341589842853
2026-02-25T15:38:45,797  INFO ModeStatsControlerListener:140 -- mode share of mode walk = 0.3570420917948886
2026-02-25T15:38:45,890  INFO ControlerListenerManagerImpl:180 calling notifyIterationEnds on org.matsim.analysis.ScoreStatsControlerListener with priority 0.0
2026-02-25T15:38:45,890  INFO ScoreStatsControlerListener:154 -- avg. score of the executed plan of each agent: 123.70140413273057
2026-02-25T15:38:45,890  INFO ScoreStatsControlerListener:155 -- avg. score of the worst plan of each agent: 120.9581374689406
2026-02-25T15:38:45,906  INFO ScoreStatsControlerListener:156 -- avg. of the avg. plan score per agent: 122.5289586295045
2026-02-25T15:38:45,906  INFO ScoreStatsControlerListener:157 -- avg. score of the best plan of each agent: 123.99527254118559
2026-02-25T15:38:45,938  INFO ControlerListenerManagerImpl:180 calling notifyIterationEnds on org.matsim.analysis.IterationTravelStatsControlerListener with priority 0.0
2026-02-25T15:38:45,976  INFO TravelDistanceStats:115 -- average leg distance per plan (executed plans only): 3298.4767351490027 meters
2026-02-25T15:38:45,976  INFO TravelDistanceStats:116 average leg distance per Person (executed plans only): 8639.820955162113 meters (statistic on all 79840 legs which have a finite distance)
2026-02-25T15:38:45,976  INFO TravelDistanceStats:117 -- average trip distance per plan (executed plans only): 4319.9104775810565 meters
2026-02-25T15:38:45,976  INFO TravelDistanceStats:118 average trip distance per Person (executed plans only): 8639.820955162113 meters (statistic on all 60962 trips which have a finite distance)
2026-02-25T15:38:45,976  INFO TravelDistanceStats:119 (TravelDistanceStats takes an average over all legs where the simulation reports travelled (network) distances
2026-02-25T15:38:45,976  INFO TravelDistanceStats:120 (and teleported legs whose route contains a distance.)
2026-02-25T15:38:46,090  INFO ControlerListenerManagerImpl:180 calling notifyIterationEnds on org.matsim.analysis.LegTimesControlerListener with priority 0.0
2026-02-25T15:38:46,097  INFO EventsManagerImpl:164 removing Event-Handler: org.matsim.analysis.CalcLegTimes
2026-02-25T15:38:46,097  INFO EventsManagerImpl:164 removing Event-Handler: org.matsim.analysis.CalcLegTimes
2026-02-25T15:38:46,097  INFO ControlerListenerManagerImpl:180 calling notifyIterationEnds on org.matsim.analysis.LegHistogramListener with priority 0.0
2026-02-25T15:38:46,099  INFO LegHistogramListener:78 number of legs:	319360	100%
2026-02-25T15:38:46,102  INFO LegHistogramListener:85 number of car legs:	119028	37.270791583166336%
2026-02-25T15:38:46,102  INFO LegHistogramListener:85 number of pt legs:	37756	11.822394789579159%
2026-02-25T15:38:46,102  INFO LegHistogramListener:85 number of walk legs:	162576	50.90681362725451%
2026-02-25T15:38:46,312  INFO ControlerListenerManagerImpl:180 calling notifyIterationEnds on org.matsim.analysis.LinkStatsControlerListener with priority 0.0
2026-02-25T15:38:46,312  INFO ControlerListenerManagerImpl:184 [it.2] all ControlerIterationEndsListeners called.
2026-02-25T15:38:46,376  INFO AbstractController:184 ### ITERATION 2 ENDS
2026-02-25T15:38:46,376  INFO AbstractController:185 ###################################################
2026-02-25T15:38:46,376  INFO AbstractController:136 ###################################################
2026-02-25T15:38:46,376  INFO AbstractController:137 ### ITERATION 3 BEGINS
2026-02-25T15:38:46,376  INFO ControlerListenerManagerImpl:156 calling notifyIterationStarts on org.matsim.analysis.LegTimesControlerListener with priority 0.0
2026-02-25T15:38:46,392  INFO EventsManagerImpl:139 === Logging of event-handlers skipped ===
2026-02-25T15:38:46,392  INFO EventsManagerImpl:140 To enable debug output, set an environment variable i.e. export LOG_LEVEL='debug', or set log.setLogLevel(Level.DEBUG) in your run class.
2026-02-25T15:38:46,392  INFO EventsManagerImpl:210     > org.matsim.api.core.v01.events.PersonDepartureEvent
2026-02-25T15:38:46,392  INFO EventsManagerImpl:210     > org.matsim.api.core.v01.events.PersonArrivalEvent
2026-02-25T15:38:46,392  INFO EventsManagerImpl:210     > org.matsim.api.core.v01.events.ActivityEndEvent
2026-02-25T15:38:46,392  INFO EventsManagerImpl:210     > org.matsim.api.core.v01.events.ActivityStartEvent
2026-02-25T15:38:46,394  INFO EventsManagerImpl:139 === Logging of event-handlers skipped ===
2026-02-25T15:38:46,394  INFO EventsManagerImpl:140 To enable debug output, set an environment variable i.e. export LOG_LEVEL='debug', or set log.setLogLevel(Level.DEBUG) in your run class.
2026-02-25T15:38:46,394  INFO EventsManagerImpl:210     > org.matsim.api.core.v01.events.PersonDepartureEvent
2026-02-25T15:38:46,394  INFO EventsManagerImpl:210     > org.matsim.api.core.v01.events.PersonArrivalEvent
2026-02-25T15:38:46,394  INFO EventsManagerImpl:210     > org.matsim.api.core.v01.events.ActivityEndEvent
2026-02-25T15:38:46,394  INFO EventsManagerImpl:210     > org.matsim.api.core.v01.events.ActivityStartEvent
2026-02-25T15:38:46,394  INFO ControlerListenerManagerImpl:156 calling notifyIterationStarts on org.matsim.analysis.LegHistogramListener with priority 0.0
2026-02-25T15:38:46,394  INFO EventsManagerImpl:139 === Logging of event-handlers skipped ===
2026-02-25T15:38:46,394  INFO EventsManagerImpl:140 To enable debug output, set an environment variable i.e. export LOG_LEVEL='debug', or set log.setLogLevel(Level.DEBUG) in your run class.
2026-02-25T15:38:46,394  INFO EventsManagerImpl:210     > org.matsim.api.core.v01.events.PersonDepartureEvent
2026-02-25T15:38:46,394  INFO EventsManagerImpl:210     > org.matsim.api.core.v01.events.PersonArrivalEvent
2026-02-25T15:38:46,394  INFO EventsManagerImpl:210     > org.matsim.api.core.v01.events.PersonStuckEvent
2026-02-25T15:38:46,394  INFO EventsManagerImpl:139 === Logging of event-handlers skipped ===
2026-02-25T15:38:46,394  INFO EventsManagerImpl:140 To enable debug output, set an environment variable i.e. export LOG_LEVEL='debug', or set log.setLogLevel(Level.DEBUG) in your run class.
2026-02-25T15:38:46,394  INFO EventsManagerImpl:210     > org.matsim.api.core.v01.events.PersonDepartureEvent
2026-02-25T15:38:46,394  INFO EventsManagerImpl:210     > org.matsim.api.core.v01.events.PersonArrivalEvent
2026-02-25T15:38:46,394  INFO EventsManagerImpl:210     > org.matsim.api.core.v01.events.PersonStuckEvent
2026-02-25T15:38:46,394  INFO ControlerListenerManagerImpl:156 calling notifyIterationStarts on org.matsim.analysis.LinkStatsControlerListener with priority 0.0
2026-02-25T15:38:46,394  INFO ControlerListenerManagerImpl:156 calling notifyIterationStarts on org.matsim.core.replanning.ReplanningContextImpl with priority 0.0
2026-02-25T15:38:46,394  INFO ControlerListenerManagerImpl:156 calling notifyIterationStarts on org.matsim.core.scoring.ScoringFunctionsForPopulation$$Lambda/0x000001a9da52eeb0 with priority 0.0
2026-02-25T15:38:46,441  INFO ControlerListenerManagerImpl:156 calling notifyIterationStarts on org.matsim.core.scoring.ExperiencedPlansServiceImpl$1 with priority 0.0
2026-02-25T15:38:46,447  INFO ControlerListenerManagerImpl:159 [it.3] all ControlerIterationStartsListeners called.
2026-02-25T15:38:46,449  INFO ControlerListenerManagerImpl:221 calling notifyReplanning on org.matsim.core.controler.corelisteners.PlansReplanningImpl with priority 0.0
2026-02-25T15:38:46,449  WARN NetworkRoutingProvider:137 [mode: car; routingMode: car] Using deprecated routing module without access/egress. Consider using AccessEgressNetworkRouter instead.
2026-02-25T15:38:46,451  WARN NetworkRoutingProvider:137 [mode: car; routingMode: car] Using deprecated routing module without access/egress. Consider using AccessEgressNetworkRouter instead.
2026-02-25T15:38:46,451  INFO ChooseRandomLegModeForSubtour:137 Chain based modes: [car]
2026-02-25T15:38:46,451  INFO ChooseRandomLegModeForSubtour:137 Chain based modes: [car]
2026-02-25T15:38:46,492  INFO GenericPlanStrategyImpl:135 Plan-Strategy finished, 24410 plans handled. Strategy: BestPlanSelector
2026-02-25T15:38:46,492  INFO AbstractMultithreadedModule:142 [PlanRouter] starting 2 threads, handling 3009 plans
2026-02-25T15:38:46,492  INFO Counter:70 [PlanRouter] handled plan # 1
2026-02-25T15:38:46,492  INFO Counter:70 [PlanRouter] handled plan # 2
2026-02-25T15:38:46,496  INFO Counter:70 [PlanRouter] handled plan # 4
2026-02-25T15:38:46,499  INFO Counter:70 [PlanRouter] handled plan # 8
2026-02-25T15:38:46,502  INFO Counter:70 [PlanRouter] handled plan # 16
2026-02-25T15:38:46,506  INFO Counter:70 [PlanRouter] handled plan # 32
2026-02-25T15:38:46,514  INFO Counter:70 [PlanRouter] handled plan # 64
2026-02-25T15:38:46,524  INFO Counter:70 [PlanRouter] handled plan # 128
2026-02-25T15:38:46,535  INFO Counter:70 [PlanRouter] handled plan # 256
2026-02-25T15:38:46,562  INFO Counter:70 [PlanRouter] handled plan # 512
2026-02-25T15:38:46,630  INFO Counter:70 [PlanRouter] handled plan # 1024
2026-02-25T15:38:46,738  INFO Counter:70 [PlanRouter] handled plan # 2048
2026-02-25T15:38:46,802  INFO AbstractMultithreadedModule:157 [PlanRouter] all 2 threads finished.
2026-02-25T15:38:46,802  INFO GenericPlanStrategyImpl:135 Plan-Strategy finished, 3009 plans handled. Strategy: RandomPlanSelector_ReRoute
2026-02-25T15:38:46,802  INFO AbstractMultithreadedModule:142 [ChooseRandomLegModeForSubtour] starting 2 threads, handling 3062 plans
2026-02-25T15:38:46,816  INFO Counter:70 [ChooseRandomLegModeForSubtour] handled plan # 2
2026-02-25T15:38:46,816  INFO Counter:70 [ChooseRandomLegModeForSubtour] handled plan # 1
2026-02-25T15:38:46,818  INFO Counter:70 [ChooseRandomLegModeForSubtour] handled plan # 4
2026-02-25T15:38:46,818  INFO Counter:70 [ChooseRandomLegModeForSubtour] handled plan # 8
2026-02-25T15:38:46,818  INFO Counter:70 [ChooseRandomLegModeForSubtour] handled plan # 16
2026-02-25T15:38:46,818  INFO Counter:70 [ChooseRandomLegModeForSubtour] handled plan # 32
2026-02-25T15:38:46,818  INFO Counter:70 [ChooseRandomLegModeForSubtour] handled plan # 64
2026-02-25T15:38:46,818  INFO Counter:70 [ChooseRandomLegModeForSubtour] handled plan # 128
2026-02-25T15:38:46,818  INFO Counter:70 [ChooseRandomLegModeForSubtour] handled plan # 256
2026-02-25T15:38:46,822  INFO Counter:70 [ChooseRandomLegModeForSubtour] handled plan # 512
2026-02-25T15:38:46,824  INFO Counter:70 [ChooseRandomLegModeForSubtour] handled plan # 1024
2026-02-25T15:38:46,826  INFO Counter:70 [ChooseRandomLegModeForSubtour] handled plan # 2048
2026-02-25T15:38:46,835  INFO AbstractMultithreadedModule:157 [ChooseRandomLegModeForSubtour] all 2 threads finished.
2026-02-25T15:38:46,835  WARN NetworkRoutingProvider:137 [mode: car; routingMode: car] Using deprecated routing module without access/egress. Consider using AccessEgressNetworkRouter instead.
2026-02-25T15:38:46,835  WARN NetworkRoutingProvider:137 [mode: car; routingMode: car] Using deprecated routing module without access/egress. Consider using AccessEgressNetworkRouter instead.
2026-02-25T15:38:46,835  INFO AbstractMultithreadedModule:142 [PlanRouter] starting 2 threads, handling 3062 plans
2026-02-25T15:38:46,835  INFO Counter:70 [PlanRouter] handled plan # 2
2026-02-25T15:38:46,835  INFO Counter:70 [PlanRouter] handled plan # 1
2026-02-25T15:38:46,840  INFO Counter:70 [PlanRouter] handled plan # 4
2026-02-25T15:38:46,840  INFO Counter:70 [PlanRouter] handled plan # 8
2026-02-25T15:38:46,840  INFO Counter:70 [PlanRouter] handled plan # 16
2026-02-25T15:38:46,840  INFO Counter:70 [PlanRouter] handled plan # 32
2026-02-25T15:38:46,840  INFO Counter:70 [PlanRouter] handled plan # 64
2026-02-25T15:38:46,843  INFO Counter:70 [PlanRouter] handled plan # 128
2026-02-25T15:38:46,848  INFO Counter:70 [PlanRouter] handled plan # 256
2026-02-25T15:38:46,856  INFO Counter:70 [PlanRouter] handled plan # 512
2026-02-25T15:38:46,877  INFO Counter:70 [PlanRouter] handled plan # 1024
2026-02-25T15:38:46,944  INFO Counter:70 [PlanRouter] handled plan # 2048
2026-02-25T15:38:46,982  INFO AbstractMultithreadedModule:157 [PlanRouter] all 2 threads finished.
2026-02-25T15:38:46,982  INFO GenericPlanStrategyImpl:135 Plan-Strategy finished, 3062 plans handled. Strategy: RandomPlanSelector_SubtourModeChoice_ReRoute
2026-02-25T15:38:46,982  INFO ControlerListenerManagerImpl:230 [it.3] all ControlerReplanningListeners called.
2026-02-25T15:38:46,982  INFO ControlerListenerManagerImpl:242 calling notifyBeforeMobsim on org.matsim.core.controler.corelisteners.EventsHandlingImpl with priority 0.0
2026-02-25T15:38:46,982  INFO EventsManagerImpl:173 resetting Event-Handlers
2026-02-25T15:38:46,982  INFO EventsManagerImpl:180   org.matsim.core.trafficmonitoring.TravelTimeCalculator
2026-02-25T15:38:46,984  INFO EventsManagerImpl:180   org.matsim.analysis.VolumesAnalyzer
2026-02-25T15:38:46,984  INFO EventsManagerImpl:180   org.matsim.core.scoring.ScoringFunctionsForPopulation
2026-02-25T15:38:46,986  INFO EventsManagerImpl:180   org.matsim.analysis.LegHistogram
2026-02-25T15:38:46,986  INFO EventsManagerImpl:180   org.matsim.analysis.CalcLegTimes
2026-02-25T15:38:46,986  INFO EventsManagerImpl:180   ch.sbb.matsim.routing.pt.raptor.SwissRailRaptorFactory$$Lambda/0x000001a9da5de1f0
2026-02-25T15:38:46,986  INFO ControlerListenerManagerImpl:242 calling notifyBeforeMobsim on org.matsim.core.controler.corelisteners.PlansDumpingImpl with priority 0.0
2026-02-25T15:38:46,986  INFO ControlerListenerManagerImpl:248 calling notifyBeforeMobsim on org.matsim.core.population.VspPlansCleaner with priority 0.0
2026-02-25T15:38:46,999  INFO ControlerListenerManagerImpl:251 [it.3] all ControlerBeforeMobsimListeners called.
2026-02-25T15:38:46,999  INFO PrepareForMobsimImpl:86 Network seems to be multimodal. Create car-only network which is handed over to PersonPrepareForSim.
2026-02-25T15:38:46,999  INFO NetworkImpl:165  node # 1
2026-02-25T15:38:46,999  INFO NetworkImpl:165  node # 4
2026-02-25T15:38:46,999  INFO NetworkImpl:165  node # 16
2026-02-25T15:38:46,999  INFO NetworkImpl:165  node # 64
2026-02-25T15:38:46,999  INFO NetworkImpl:165  node # 256
2026-02-25T15:38:46,999  INFO NetworkImpl:165  node # 1024
2026-02-25T15:38:46,999  INFO NetworkImpl:161  link # 1
2026-02-25T15:38:46,999  INFO NetworkImpl:161  link # 4
2026-02-25T15:38:46,999  INFO NetworkImpl:161  link # 16
2026-02-25T15:38:46,999  INFO NetworkImpl:161  link # 64
2026-02-25T15:38:46,999  INFO NetworkImpl:161  link # 256
2026-02-25T15:38:47,014  INFO NetworkImpl:161  link # 1024
2026-02-25T15:38:47,014  WARN NetworkRoutingProvider:137 [mode: car; routingMode: car] Using deprecated routing module without access/egress. Consider using AccessEgressNetworkRouter instead.
2026-02-25T15:38:47,014  WARN NetworkRoutingProvider:137 [mode: car; routingMode: car] Using deprecated routing module without access/egress. Consider using AccessEgressNetworkRouter instead.
2026-02-25T15:38:47,014  INFO Counter:70 [PersonPrepareForSim] handled person # 1
2026-02-25T15:38:47,014  INFO Counter:70 [PersonPrepareForSim] handled person # 2
2026-02-25T15:38:47,030  INFO Counter:70 [PersonPrepareForSim] handled person # 4
2026-02-25T15:38:47,030  INFO Counter:70 [PersonPrepareForSim] handled person # 8
2026-02-25T15:38:47,031  INFO Counter:70 [PersonPrepareForSim] handled person # 16
2026-02-25T15:38:47,031  INFO Counter:70 [PersonPrepareForSim] handled person # 32
2026-02-25T15:38:47,031  INFO Counter:70 [PersonPrepareForSim] handled person # 64
2026-02-25T15:38:47,032  INFO Counter:70 [PersonPrepareForSim] handled person # 128
2026-02-25T15:38:47,032  INFO Counter:70 [PersonPrepareForSim] handled person # 256
2026-02-25T15:38:47,032  INFO Counter:70 [PersonPrepareForSim] handled person # 512
2026-02-25T15:38:47,036  INFO Counter:70 [PersonPrepareForSim] handled person # 1024
2026-02-25T15:38:47,039  INFO Counter:70 [PersonPrepareForSim] handled person # 2048
2026-02-25T15:38:47,043  INFO Counter:70 [PersonPrepareForSim] handled person # 4096
2026-02-25T15:38:47,055  INFO Counter:70 [PersonPrepareForSim] handled person # 8192
2026-02-25T15:38:47,078  INFO Counter:70 [PersonPrepareForSim] handled person # 16384
2026-02-25T15:38:47,118  INFO Counter:75 [PersonPrepareForSim] handled person # 30481
2026-02-25T15:38:47,128  INFO MobsimListenerManager:50 calling addQueueSimulationListener
2026-02-25T15:38:47,141  INFO MobsimListenerManager:54   assigned class org.matsim.core.mobsim.framework.listeners.MobsimListener to interface org.matsim.vis.snapshotwriters.SnapshotWriterManager
2026-02-25T15:38:47,141  INFO MobsimListenerManager:54   assigned class org.matsim.core.mobsim.framework.listeners.MobsimListener to interface org.matsim.core.mobsim.framework.listeners.MobsimInitializedListener
2026-02-25T15:38:47,141  INFO MobsimListenerManager:54   assigned class org.matsim.core.mobsim.framework.listeners.MobsimListener to interface org.matsim.core.mobsim.framework.listeners.MobsimAfterSimStepListener
2026-02-25T15:38:47,141  INFO MobsimListenerManager:54   assigned class org.matsim.core.mobsim.framework.listeners.MobsimListener to interface org.matsim.core.mobsim.framework.listeners.MobsimBeforeCleanupListener
2026-02-25T15:38:47,141  INFO MobsimListenerManager:54   assigned class org.matsim.core.mobsim.framework.listeners.MobsimListener to interface org.matsim.core.mobsim.framework.listeners.MobsimListener
2026-02-25T15:38:47,143  INFO QSimProvider:131 Added MobsimEngine class org.matsim.core.mobsim.qsim.ActivityEngineDefaultImpl
2026-02-25T15:38:47,143  INFO QSimProvider:137 Added Activityhandler class org.matsim.core.mobsim.qsim.ActivityEngineDefaultImpl
2026-02-25T15:38:47,143  INFO QSimProvider:131 Added MobsimEngine class org.matsim.core.mobsim.qsim.qnetsimengine.QNetsimEngineWithThreadpool
2026-02-25T15:38:47,143  INFO QSimProvider:143 Added DepartureHandler class org.matsim.core.mobsim.qsim.qnetsimengine.NetworkModeDepartureHandlerDefaultImpl
2026-02-25T15:38:47,143  INFO QSimProvider:131 Added MobsimEngine class org.matsim.core.mobsim.qsim.DefaultTeleportationEngine
2026-02-25T15:38:47,143  INFO QSimProvider:143 Added DepartureHandler class org.matsim.core.mobsim.qsim.DefaultTeleportationEngine
2026-02-25T15:38:47,143  INFO QSimProvider:149 Added AgentSource class org.matsim.core.mobsim.qsim.agents.PopulationAgentSource
2026-02-25T15:38:47,143  INFO MobsimListenerManager:50 calling addQueueSimulationListener
2026-02-25T15:38:47,143  INFO MobsimListenerManager:54   assigned class org.matsim.core.mobsim.framework.listeners.MobsimListener to interface org.matsim.core.mobsim.framework.listeners.MobsimBeforeSimStepListener
2026-02-25T15:38:47,143  INFO MobsimListenerManager:54   assigned class org.matsim.core.mobsim.framework.listeners.MobsimListener to interface org.matsim.core.mobsim.framework.listeners.MobsimListener
2026-02-25T15:38:47,143  INFO MobsimListenerManager:54   assigned class org.matsim.core.mobsim.framework.listeners.MobsimListener to interface org.matsim.core.mobsim.qsim.messagequeueengine.MessageQueueEngine
2026-02-25T15:38:47,143  INFO QSimProvider:155 Added MobsimListener class org.matsim.core.mobsim.qsim.messagequeueengine.MessageQueueEngine
2026-02-25T15:38:47,143  INFO QSimProvider:131 Added MobsimEngine class org.matsim.core.mobsim.qsim.pt.TransitQSimEngine
2026-02-25T15:38:47,143  INFO QSimProvider:143 Added DepartureHandler class org.matsim.core.mobsim.qsim.pt.TransitQSimEngine
2026-02-25T15:38:47,143  INFO QSimProvider:149 Added AgentSource class org.matsim.core.mobsim.qsim.pt.TransitQSimEngine
2026-02-25T15:38:47,234  INFO ReconstructingUmlaufBuilder:131 Generating UmlaufStuecke ...
2026-02-25T15:38:47,235  INFO ReconstructingUmlaufBuilder:144 ... done generating UmlaufStuecke
2026-02-25T15:38:47,244  INFO AbstractQNetsimEngine:418 Assigned 1137 nodes and 3009 links to QSimEngineRunner #0
2026-02-25T15:38:47,270  INFO AbstractQNetsimEngine:356 SIMULATION (QNetsimEngine) AT 06:00:00 : #links=0 #nodes=2
2026-02-25T15:38:47,271  INFO QSim:552 SIMULATION (NEW QSim) AT 06:00:00 : #Veh=30823 lost=0 simT=0.0s realT=0s; (s/r): 0.0
2026-02-25T15:38:47,483  INFO AbstractQNetsimEngine:356 SIMULATION (QNetsimEngine) AT 07:00:00 : #links=4 #nodes=2
2026-02-25T15:38:47,483  INFO QSim:552 SIMULATION (NEW QSim) AT 07:00:00 : #Veh=30807 lost=0 simT=3600.0s realT=0s; (s/r): Infinity
2026-02-25T15:38:48,570  INFO AbstractQNetsimEngine:356 SIMULATION (QNetsimEngine) AT 08:00:00 : #links=480 #nodes=74
2026-02-25T15:38:48,570  INFO QSim:552 SIMULATION (NEW QSim) AT 08:00:00 : #Veh=30787 lost=0 simT=7200.0s realT=1s; (s/r): 7200.0
2026-02-25T15:38:49,878  INFO AbstractQNetsimEngine:356 SIMULATION (QNetsimEngine) AT 09:00:00 : #links=515 #nodes=82
2026-02-25T15:38:49,878  INFO QSim:552 SIMULATION (NEW QSim) AT 09:00:00 : #Veh=30767 lost=0 simT=10800.0s realT=2s; (s/r): 5400.0
2026-02-25T15:38:50,430  INFO AbstractQNetsimEngine:356 SIMULATION (QNetsimEngine) AT 10:00:00 : #links=95 #nodes=18
2026-02-25T15:38:50,431  INFO QSim:552 SIMULATION (NEW QSim) AT 10:00:00 : #Veh=30747 lost=0 simT=14400.0s realT=3s; (s/r): 4800.0
2026-02-25T15:38:50,903  INFO AbstractQNetsimEngine:356 SIMULATION (QNetsimEngine) AT 11:00:00 : #links=203 #nodes=21
2026-02-25T15:38:50,903  INFO QSim:552 SIMULATION (NEW QSim) AT 11:00:00 : #Veh=30727 lost=0 simT=18000.0s realT=3s; (s/r): 6000.0
2026-02-25T15:38:51,467  INFO AbstractQNetsimEngine:356 SIMULATION (QNetsimEngine) AT 12:00:00 : #links=172 #nodes=28
2026-02-25T15:38:51,467  INFO QSim:552 SIMULATION (NEW QSim) AT 12:00:00 : #Veh=30707 lost=0 simT=21600.0s realT=4s; (s/r): 5400.0
2026-02-25T15:38:52,119  INFO AbstractQNetsimEngine:356 SIMULATION (QNetsimEngine) AT 13:00:00 : #links=221 #nodes=25
2026-02-25T15:38:52,119  INFO QSim:552 SIMULATION (NEW QSim) AT 13:00:00 : #Veh=30376 lost=0 simT=25200.0s realT=4s; (s/r): 6300.0
2026-02-25T15:38:52,846  INFO AbstractQNetsimEngine:356 SIMULATION (QNetsimEngine) AT 14:00:00 : #links=229 #nodes=20
2026-02-25T15:38:52,846  INFO QSim:552 SIMULATION (NEW QSim) AT 14:00:00 : #Veh=29473 lost=0 simT=28800.0s realT=5s; (s/r): 5760.0
2026-02-25T15:38:53,486  INFO AbstractQNetsimEngine:356 SIMULATION (QNetsimEngine) AT 15:00:00 : #links=277 #nodes=32
2026-02-25T15:38:53,486  INFO QSim:552 SIMULATION (NEW QSim) AT 15:00:00 : #Veh=28049 lost=0 simT=32400.0s realT=6s; (s/r): 5400.0
2026-02-25T15:38:53,942  INFO AbstractQNetsimEngine:356 SIMULATION (QNetsimEngine) AT 16:00:00 : #links=106 #nodes=12
2026-02-25T15:38:53,942  INFO QSim:552 SIMULATION (NEW QSim) AT 16:00:00 : #Veh=26449 lost=0 simT=36000.0s realT=6s; (s/r): 6000.0
2026-02-25T15:38:54,755  INFO AbstractQNetsimEngine:356 SIMULATION (QNetsimEngine) AT 17:00:00 : #links=454 #nodes=61
2026-02-25T15:38:54,756  INFO QSim:552 SIMULATION (NEW QSim) AT 17:00:00 : #Veh=22184 lost=0 simT=39600.0s realT=7s; (s/r): 5657.142857142857
2026-02-25T15:38:55,725  INFO AbstractQNetsimEngine:356 SIMULATION (QNetsimEngine) AT 18:00:00 : #links=441 #nodes=74
2026-02-25T15:38:55,726  INFO QSim:552 SIMULATION (NEW QSim) AT 18:00:00 : #Veh=15264 lost=0 simT=43200.0s realT=8s; (s/r): 5400.0
2026-02-25T15:38:56,727  INFO AbstractQNetsimEngine:356 SIMULATION (QNetsimEngine) AT 19:00:00 : #links=441 #nodes=71
2026-02-25T15:38:56,727  INFO QSim:552 SIMULATION (NEW QSim) AT 19:00:00 : #Veh=7735 lost=0 simT=46800.0s realT=9s; (s/r): 5200.0
2026-02-25T15:38:57,162  INFO MemoryObserver:42 used RAM: 497 MB  free: 230 MB  total: 728 MB
2026-02-25T15:38:57,260  INFO AbstractQNetsimEngine:356 SIMULATION (QNetsimEngine) AT 20:00:00 : #links=175 #nodes=21
2026-02-25T15:38:57,261  INFO QSim:552 SIMULATION (NEW QSim) AT 20:00:00 : #Veh=2526 lost=0 simT=50400.0s realT=10s; (s/r): 5040.0
2026-02-25T15:38:57,584  INFO AbstractQNetsimEngine:356 SIMULATION (QNetsimEngine) AT 21:00:00 : #links=39 #nodes=5
2026-02-25T15:38:57,584  INFO QSim:552 SIMULATION (NEW QSim) AT 21:00:00 : #Veh=436 lost=0 simT=54000.0s realT=10s; (s/r): 5400.0
2026-02-25T15:38:57,819  INFO AbstractQNetsimEngine:356 SIMULATION (QNetsimEngine) AT 22:00:00 : #links=4 #nodes=2
2026-02-25T15:38:57,819  INFO QSim:552 SIMULATION (NEW QSim) AT 22:00:00 : #Veh=43 lost=0 simT=57600.0s realT=10s; (s/r): 5760.0
2026-02-25T15:38:58,039  INFO AbstractQNetsimEngine:356 SIMULATION (QNetsimEngine) AT 23:00:00 : #links=4 #nodes=2
2026-02-25T15:38:58,040  INFO QSim:552 SIMULATION (NEW QSim) AT 23:00:00 : #Veh=7 lost=0 simT=61200.0s realT=10s; (s/r): 6120.0
2026-02-25T15:38:58,194  INFO AbstractController$9:237 ### ITERATION 3 fires after mobsim event
2026-02-25T15:38:58,195  INFO ControlerListenerManagerImpl:269 calling notifyAfterMobsim on org.matsim.analysis.LegTimesControlerListener with priority 0.0
2026-02-25T15:38:58,194  INFO Gbl:196 Thread performance: Thread=class org.matsim.core.events.SimStepParallelEventsManagerImpl$ProcessEventsRunnable0  cpu-time=4.875sec
2026-02-25T15:38:58,196  INFO LegTimesControlerListener:73 [3] average leg duration is: 2037 seconds = 00:33:57
2026-02-25T15:38:58,197  INFO ControlerListenerManagerImpl:269 calling notifyAfterMobsim on org.matsim.core.events.MobsimScopeEventHandling with priority 0.0
2026-02-25T15:38:58,197  INFO ControlerListenerManagerImpl:269 calling notifyAfterMobsim on org.matsim.core.scoring.EventsToActivities$1 with priority 0.0
2026-02-25T15:38:58,220  INFO ControlerListenerManagerImpl:272 [it.3] all ControlerAfterMobsimListeners called.
2026-02-25T15:38:58,220  INFO AbstractController$4:162 ### ITERATION 3 fires scoring event
2026-02-25T15:38:58,220  INFO ControlerListenerManagerImpl:197 calling notifyScoring on org.matsim.core.scoring.PlansScoringImpl with priority 0.0
2026-02-25T15:38:58,238  INFO NewScoreAssignerImpl:60 it: 3 msaStart: null
2026-02-25T15:38:58,253  INFO ControlerListenerManagerImpl:209 [it.3] all ControlerScoringListeners called.
2026-02-25T15:38:58,254  INFO AbstractController$5:170 ### ITERATION 3 fires iteration end event
2026-02-25T15:38:58,254  INFO ControlerListenerManagerImpl:172 calling notifyIterationEnds on org.matsim.core.controler.corelisteners.EventsHandlingImpl with priority 0.0
2026-02-25T15:38:58,254  INFO ControlerListenerManagerImpl:172 calling notifyIterationEnds on org.matsim.core.scoring.PlansScoringImpl with priority 0.0
2026-02-25T15:38:58,266  INFO ControlerListenerManagerImpl:180 calling notifyIterationEnds on org.matsim.counts.CountsControlerListener with priority 0.0
2026-02-25T15:38:58,266  INFO ControlerListenerManagerImpl:180 calling notifyIterationEnds on org.matsim.analysis.ModeChoiceCoverageControlerListener with priority 0.0
2026-02-25T15:38:58,354  INFO ModeChoiceCoverageControlerListener:144 -- mode choice coverage (1x) of mode car = 0.585955185197336
2026-02-25T15:38:58,354  INFO ModeChoiceCoverageControlerListener:144 -- mode choice coverage (1x) of mode pt = 0.19817263213149175
2026-02-25T15:38:58,354  INFO ModeChoiceCoverageControlerListener:144 -- mode choice coverage (1x) of mode walk = 0.4412256815721269
2026-02-25T15:38:58,354  INFO ModeChoiceCoverageControlerListener:144 -- mode choice coverage (5x) of mode car = 0.0
2026-02-25T15:38:58,354  INFO ModeChoiceCoverageControlerListener:144 -- mode choice coverage (5x) of mode pt = 0.0
2026-02-25T15:38:58,355  INFO ModeChoiceCoverageControlerListener:144 -- mode choice coverage (5x) of mode walk = 0.0
2026-02-25T15:38:58,355  INFO ModeChoiceCoverageControlerListener:144 -- mode choice coverage (10x) of mode car = 0.0
2026-02-25T15:38:58,355  INFO ModeChoiceCoverageControlerListener:144 -- mode choice coverage (10x) of mode pt = 0.0
2026-02-25T15:38:58,355  INFO ModeChoiceCoverageControlerListener:144 -- mode choice coverage (10x) of mode walk = 0.0
2026-02-25T15:38:58,508  INFO ControlerListenerManagerImpl:180 calling notifyIterationEnds on org.matsim.analysis.ModeStatsControlerListener with priority 0.0
2026-02-25T15:38:58,560  INFO ModeStatsControlerListener:133 Mode shares over all 60962.0 trips found. MainModeIdentifier: class org.matsim.core.router.DefaultAnalysisMainModeIdentifier
2026-02-25T15:38:58,560  INFO ModeStatsControlerListener:140 -- mode share of mode car = 0.482743348315344
2026-02-25T15:38:58,561  INFO ModeStatsControlerListener:140 -- mode share of mode pt = 0.15667136904957185
2026-02-25T15:38:58,561  INFO ModeStatsControlerListener:140 -- mode share of mode walk = 0.36058528263508416
2026-02-25T15:38:58,685  INFO ControlerListenerManagerImpl:180 calling notifyIterationEnds on org.matsim.analysis.ScoreStatsControlerListener with priority 0.0
2026-02-25T15:38:58,693  INFO ScoreStatsControlerListener:154 -- avg. score of the executed plan of each agent: 124.45283939938871
2026-02-25T15:38:58,694  INFO ScoreStatsControlerListener:155 -- avg. score of the worst plan of each agent: 121.15778766677384
2026-02-25T15:38:58,694  INFO ScoreStatsControlerListener:156 -- avg. of the avg. plan score per agent: 123.09566505078303
2026-02-25T15:38:58,694  INFO ScoreStatsControlerListener:157 -- avg. score of the best plan of each agent: 124.8367931208372
2026-02-25T15:38:58,742  INFO ControlerListenerManagerImpl:180 calling notifyIterationEnds on org.matsim.analysis.IterationTravelStatsControlerListener with priority 0.0
2026-02-25T15:38:58,770  INFO TravelDistanceStats:115 -- average leg distance per plan (executed plans only): 3317.804896854643 meters
2026-02-25T15:38:58,771  INFO TravelDistanceStats:116 average leg distance per Person (executed plans only): 8714.829935427648 meters (statistic on all 80064 legs which have a finite distance)
2026-02-25T15:38:58,772  INFO TravelDistanceStats:117 -- average trip distance per plan (executed plans only): 4357.414967713824 meters
2026-02-25T15:38:58,772  INFO TravelDistanceStats:118 average trip distance per Person (executed plans only): 8714.829935427648 meters (statistic on all 60962 trips which have a finite distance)
2026-02-25T15:38:58,772  INFO TravelDistanceStats:119 (TravelDistanceStats takes an average over all legs where the simulation reports travelled (network) distances
2026-02-25T15:38:58,773  INFO TravelDistanceStats:120 (and teleported legs whose route contains a distance.)
2026-02-25T15:38:58,905  INFO ControlerListenerManagerImpl:180 calling notifyIterationEnds on org.matsim.analysis.LegTimesControlerListener with priority 0.0
2026-02-25T15:38:58,906  INFO EventsManagerImpl:164 removing Event-Handler: org.matsim.analysis.CalcLegTimes
2026-02-25T15:38:58,906  INFO EventsManagerImpl:164 removing Event-Handler: org.matsim.analysis.CalcLegTimes
2026-02-25T15:38:58,906  INFO ControlerListenerManagerImpl:180 calling notifyIterationEnds on org.matsim.analysis.LegHistogramListener with priority 0.0
2026-02-25T15:38:58,910  INFO LegHistogramListener:78 number of legs:	400320	100%
2026-02-25T15:38:58,910  INFO LegHistogramListener:85 number of car legs:	147145	36.7568445243805%
2026-02-25T15:38:58,910  INFO LegHistogramListener:85 number of pt legs:	47755	11.929206634692246%
2026-02-25T15:38:58,910  INFO LegHistogramListener:85 number of walk legs:	205420	51.31394884092726%
2026-02-25T15:38:59,177  INFO ControlerListenerManagerImpl:180 calling notifyIterationEnds on org.matsim.analysis.LinkStatsControlerListener with priority 0.0
2026-02-25T15:38:59,177  INFO ControlerListenerManagerImpl:184 [it.3] all ControlerIterationEndsListeners called.
2026-02-25T15:38:59,255  INFO AbstractController:184 ### ITERATION 3 ENDS
2026-02-25T15:38:59,255  INFO AbstractController:185 ###################################################
2026-02-25T15:38:59,255  INFO AbstractController:136 ###################################################
2026-02-25T15:38:59,256  INFO AbstractController:137 ### ITERATION 4 BEGINS
2026-02-25T15:38:59,256  INFO ControlerListenerManagerImpl:156 calling notifyIterationStarts on org.matsim.analysis.LegTimesControlerListener with priority 0.0
2026-02-25T15:38:59,257  INFO EventsManagerImpl:139 === Logging of event-handlers skipped ===
2026-02-25T15:38:59,257  INFO EventsManagerImpl:140 To enable debug output, set an environment variable i.e. export LOG_LEVEL='debug', or set log.setLogLevel(Level.DEBUG) in your run class.
2026-02-25T15:38:59,257  INFO EventsManagerImpl:210     > org.matsim.api.core.v01.events.PersonDepartureEvent
2026-02-25T15:38:59,257  INFO EventsManagerImpl:210     > org.matsim.api.core.v01.events.PersonArrivalEvent
2026-02-25T15:38:59,258  INFO EventsManagerImpl:210     > org.matsim.api.core.v01.events.ActivityEndEvent
2026-02-25T15:38:59,258  INFO EventsManagerImpl:210     > org.matsim.api.core.v01.events.ActivityStartEvent
2026-02-25T15:38:59,258  INFO EventsManagerImpl:139 === Logging of event-handlers skipped ===
2026-02-25T15:38:59,258  INFO EventsManagerImpl:140 To enable debug output, set an environment variable i.e. export LOG_LEVEL='debug', or set log.setLogLevel(Level.DEBUG) in your run class.
2026-02-25T15:38:59,259  INFO EventsManagerImpl:210     > org.matsim.api.core.v01.events.PersonDepartureEvent
2026-02-25T15:38:59,259  INFO EventsManagerImpl:210     > org.matsim.api.core.v01.events.PersonArrivalEvent
2026-02-25T15:38:59,259  INFO EventsManagerImpl:210     > org.matsim.api.core.v01.events.ActivityEndEvent
2026-02-25T15:38:59,259  INFO EventsManagerImpl:210     > org.matsim.api.core.v01.events.ActivityStartEvent
2026-02-25T15:38:59,259  INFO ControlerListenerManagerImpl:156 calling notifyIterationStarts on org.matsim.analysis.LegHistogramListener with priority 0.0
2026-02-25T15:38:59,260  INFO EventsManagerImpl:139 === Logging of event-handlers skipped ===
2026-02-25T15:38:59,260  INFO EventsManagerImpl:140 To enable debug output, set an environment variable i.e. export LOG_LEVEL='debug', or set log.setLogLevel(Level.DEBUG) in your run class.
2026-02-25T15:38:59,260  INFO EventsManagerImpl:210     > org.matsim.api.core.v01.events.PersonDepartureEvent
2026-02-25T15:38:59,260  INFO EventsManagerImpl:210     > org.matsim.api.core.v01.events.PersonArrivalEvent
2026-02-25T15:38:59,261  INFO EventsManagerImpl:210     > org.matsim.api.core.v01.events.PersonStuckEvent
2026-02-25T15:38:59,261  INFO EventsManagerImpl:139 === Logging of event-handlers skipped ===
2026-02-25T15:38:59,261  INFO EventsManagerImpl:140 To enable debug output, set an environment variable i.e. export LOG_LEVEL='debug', or set log.setLogLevel(Level.DEBUG) in your run class.
2026-02-25T15:38:59,262  INFO EventsManagerImpl:210     > org.matsim.api.core.v01.events.PersonDepartureEvent
2026-02-25T15:38:59,262  INFO EventsManagerImpl:210     > org.matsim.api.core.v01.events.PersonArrivalEvent
2026-02-25T15:38:59,262  INFO EventsManagerImpl:210     > org.matsim.api.core.v01.events.PersonStuckEvent
2026-02-25T15:38:59,263  INFO ControlerListenerManagerImpl:156 calling notifyIterationStarts on org.matsim.analysis.LinkStatsControlerListener with priority 0.0
2026-02-25T15:38:59,263  INFO ControlerListenerManagerImpl:156 calling notifyIterationStarts on org.matsim.core.replanning.ReplanningContextImpl with priority 0.0
2026-02-25T15:38:59,263  INFO ControlerListenerManagerImpl:156 calling notifyIterationStarts on org.matsim.core.scoring.ScoringFunctionsForPopulation$$Lambda/0x000001a9da52eeb0 with priority 0.0
2026-02-25T15:38:59,285  INFO ControlerListenerManagerImpl:156 calling notifyIterationStarts on org.matsim.core.scoring.ExperiencedPlansServiceImpl$1 with priority 0.0
2026-02-25T15:38:59,289  INFO ControlerListenerManagerImpl:159 [it.4] all ControlerIterationStartsListeners called.
2026-02-25T15:38:59,289  INFO ControlerListenerManagerImpl:221 calling notifyReplanning on org.matsim.core.controler.corelisteners.PlansReplanningImpl with priority 0.0
2026-02-25T15:38:59,291  WARN NetworkRoutingProvider:137 [mode: car; routingMode: car] Using deprecated routing module without access/egress. Consider using AccessEgressNetworkRouter instead.
2026-02-25T15:38:59,292  WARN NetworkRoutingProvider:137 [mode: car; routingMode: car] Using deprecated routing module without access/egress. Consider using AccessEgressNetworkRouter instead.
2026-02-25T15:38:59,293  INFO ChooseRandomLegModeForSubtour:137 Chain based modes: [car]
2026-02-25T15:38:59,293  INFO ChooseRandomLegModeForSubtour:137 Chain based modes: [car]
2026-02-25T15:38:59,359  INFO GenericPlanStrategyImpl:135 Plan-Strategy finished, 24395 plans handled. Strategy: BestPlanSelector
2026-02-25T15:38:59,359  INFO AbstractMultithreadedModule:142 [PlanRouter] starting 2 threads, handling 3025 plans
2026-02-25T15:38:59,360  INFO Counter:70 [PlanRouter] handled plan # 1
2026-02-25T15:38:59,360  INFO Counter:70 [PlanRouter] handled plan # 2
2026-02-25T15:38:59,361  INFO Counter:70 [PlanRouter] handled plan # 4
2026-02-25T15:38:59,361  INFO Counter:70 [PlanRouter] handled plan # 8
2026-02-25T15:38:59,361  INFO Counter:70 [PlanRouter] handled plan # 16
2026-02-25T15:38:59,364  INFO Counter:70 [PlanRouter] handled plan # 32
2026-02-25T15:38:59,370  INFO Counter:70 [PlanRouter] handled plan # 64
2026-02-25T15:38:59,377  INFO Counter:70 [PlanRouter] handled plan # 128
2026-02-25T15:38:59,388  INFO Counter:70 [PlanRouter] handled plan # 256
2026-02-25T15:38:59,405  INFO Counter:70 [PlanRouter] handled plan # 512
2026-02-25T15:38:59,452  INFO Counter:70 [PlanRouter] handled plan # 1024
2026-02-25T15:38:59,519  INFO Counter:70 [PlanRouter] handled plan # 2048
2026-02-25T15:38:59,598  INFO AbstractMultithreadedModule:157 [PlanRouter] all 2 threads finished.
2026-02-25T15:38:59,598  INFO GenericPlanStrategyImpl:135 Plan-Strategy finished, 3025 plans handled. Strategy: RandomPlanSelector_ReRoute
2026-02-25T15:38:59,599  INFO AbstractMultithreadedModule:142 [ChooseRandomLegModeForSubtour] starting 2 threads, handling 3061 plans
2026-02-25T15:38:59,600  INFO Counter:70 [ChooseRandomLegModeForSubtour] handled plan # 1
2026-02-25T15:38:59,600  INFO Counter:70 [ChooseRandomLegModeForSubtour] handled plan # 2
2026-02-25T15:38:59,600  INFO Counter:70 [ChooseRandomLegModeForSubtour] handled plan # 4
2026-02-25T15:38:59,600  INFO Counter:70 [ChooseRandomLegModeForSubtour] handled plan # 8
2026-02-25T15:38:59,600  INFO Counter:70 [ChooseRandomLegModeForSubtour] handled plan # 16
2026-02-25T15:38:59,600  INFO Counter:70 [ChooseRandomLegModeForSubtour] handled plan # 32
2026-02-25T15:38:59,601  INFO Counter:70 [ChooseRandomLegModeForSubtour] handled plan # 64
2026-02-25T15:38:59,601  INFO Counter:70 [ChooseRandomLegModeForSubtour] handled plan # 128
2026-02-25T15:38:59,601  INFO Counter:70 [ChooseRandomLegModeForSubtour] handled plan # 256
2026-02-25T15:38:59,602  INFO Counter:70 [ChooseRandomLegModeForSubtour] handled plan # 512
2026-02-25T15:38:59,604  INFO Counter:70 [ChooseRandomLegModeForSubtour] handled plan # 1024
2026-02-25T15:38:59,606  INFO Counter:70 [ChooseRandomLegModeForSubtour] handled plan # 2048
2026-02-25T15:38:59,609  INFO AbstractMultithreadedModule:157 [ChooseRandomLegModeForSubtour] all 2 threads finished.
2026-02-25T15:38:59,610  WARN NetworkRoutingProvider:137 [mode: car; routingMode: car] Using deprecated routing module without access/egress. Consider using AccessEgressNetworkRouter instead.
2026-02-25T15:38:59,611  WARN NetworkRoutingProvider:137 [mode: car; routingMode: car] Using deprecated routing module without access/egress. Consider using AccessEgressNetworkRouter instead.
2026-02-25T15:38:59,612  INFO AbstractMultithreadedModule:142 [PlanRouter] starting 2 threads, handling 3061 plans
2026-02-25T15:38:59,613  INFO Counter:70 [PlanRouter] handled plan # 2
2026-02-25T15:38:59,613  INFO Counter:70 [PlanRouter] handled plan # 1
2026-02-25T15:38:59,613  INFO Counter:70 [PlanRouter] handled plan # 4
2026-02-25T15:38:59,613  INFO Counter:70 [PlanRouter] handled plan # 8
2026-02-25T15:38:59,614  INFO Counter:70 [PlanRouter] handled plan # 16
2026-02-25T15:38:59,615  INFO Counter:70 [PlanRouter] handled plan # 32
2026-02-25T15:38:59,616  INFO Counter:70 [PlanRouter] handled plan # 64
2026-02-25T15:38:59,617  INFO Counter:70 [PlanRouter] handled plan # 128
2026-02-25T15:38:59,621  INFO Counter:70 [PlanRouter] handled plan # 256
2026-02-25T15:38:59,632  INFO Counter:70 [PlanRouter] handled plan # 512
2026-02-25T15:38:59,652  INFO Counter:70 [PlanRouter] handled plan # 1024
2026-02-25T15:38:59,680  INFO Counter:70 [PlanRouter] handled plan # 2048
2026-02-25T15:38:59,710  INFO AbstractMultithreadedModule:157 [PlanRouter] all 2 threads finished.
2026-02-25T15:38:59,711  INFO GenericPlanStrategyImpl:135 Plan-Strategy finished, 3061 plans handled. Strategy: RandomPlanSelector_SubtourModeChoice_ReRoute
2026-02-25T15:38:59,711  INFO ControlerListenerManagerImpl:230 [it.4] all ControlerReplanningListeners called.
2026-02-25T15:38:59,712  INFO ControlerListenerManagerImpl:242 calling notifyBeforeMobsim on org.matsim.core.controler.corelisteners.EventsHandlingImpl with priority 0.0
2026-02-25T15:38:59,712  INFO EventsManagerImpl:173 resetting Event-Handlers
2026-02-25T15:38:59,712  INFO EventsManagerImpl:180   org.matsim.core.trafficmonitoring.TravelTimeCalculator
2026-02-25T15:38:59,713  INFO EventsManagerImpl:180   org.matsim.analysis.VolumesAnalyzer
2026-02-25T15:38:59,714  INFO EventsManagerImpl:180   org.matsim.core.scoring.ScoringFunctionsForPopulation
2026-02-25T15:38:59,714  INFO EventsManagerImpl:180   org.matsim.analysis.LegHistogram
2026-02-25T15:38:59,715  INFO EventsManagerImpl:180   org.matsim.analysis.CalcLegTimes
2026-02-25T15:38:59,715  INFO EventsManagerImpl:180   ch.sbb.matsim.routing.pt.raptor.SwissRailRaptorFactory$$Lambda/0x000001a9da5de1f0
2026-02-25T15:38:59,715  INFO ControlerListenerManagerImpl:242 calling notifyBeforeMobsim on org.matsim.core.controler.corelisteners.PlansDumpingImpl with priority 0.0
2026-02-25T15:38:59,715  INFO ControlerListenerManagerImpl:248 calling notifyBeforeMobsim on org.matsim.core.population.VspPlansCleaner with priority 0.0
2026-02-25T15:38:59,735  INFO ControlerListenerManagerImpl:251 [it.4] all ControlerBeforeMobsimListeners called.
2026-02-25T15:38:59,736  INFO PrepareForMobsimImpl:86 Network seems to be multimodal. Create car-only network which is handed over to PersonPrepareForSim.
2026-02-25T15:38:59,737  INFO NetworkImpl:165  node # 1
2026-02-25T15:38:59,737  INFO NetworkImpl:165  node # 4
2026-02-25T15:38:59,737  INFO NetworkImpl:165  node # 16
2026-02-25T15:38:59,738  INFO NetworkImpl:165  node # 64
2026-02-25T15:38:59,739  INFO NetworkImpl:165  node # 256
2026-02-25T15:38:59,739  INFO NetworkImpl:165  node # 1024
2026-02-25T15:38:59,740  INFO NetworkImpl:161  link # 1
2026-02-25T15:38:59,740  INFO NetworkImpl:161  link # 4
2026-02-25T15:38:59,741  INFO NetworkImpl:161  link # 16
2026-02-25T15:38:59,741  INFO NetworkImpl:161  link # 64
2026-02-25T15:38:59,742  INFO NetworkImpl:161  link # 256
2026-02-25T15:38:59,744  INFO NetworkImpl:161  link # 1024
2026-02-25T15:38:59,750  WARN NetworkRoutingProvider:137 [mode: car; routingMode: car] Using deprecated routing module without access/egress. Consider using AccessEgressNetworkRouter instead.
2026-02-25T15:38:59,752  WARN NetworkRoutingProvider:137 [mode: car; routingMode: car] Using deprecated routing module without access/egress. Consider using AccessEgressNetworkRouter instead.
2026-02-25T15:38:59,755  INFO Counter:70 [PersonPrepareForSim] handled person # 1
2026-02-25T15:38:59,755  INFO Counter:70 [PersonPrepareForSim] handled person # 2
2026-02-25T15:38:59,756  INFO Counter:70 [PersonPrepareForSim] handled person # 8
2026-02-25T15:38:59,756  INFO Counter:70 [PersonPrepareForSim] handled person # 4
2026-02-25T15:38:59,756  INFO Counter:70 [PersonPrepareForSim] handled person # 16
2026-02-25T15:38:59,756  INFO Counter:70 [PersonPrepareForSim] handled person # 32
2026-02-25T15:38:59,757  INFO Counter:70 [PersonPrepareForSim] handled person # 64
2026-02-25T15:38:59,757  INFO Counter:70 [PersonPrepareForSim] handled person # 128
2026-02-25T15:38:59,758  INFO Counter:70 [PersonPrepareForSim] handled person # 256
2026-02-25T15:38:59,759  INFO Counter:70 [PersonPrepareForSim] handled person # 512
2026-02-25T15:38:59,761  INFO Counter:70 [PersonPrepareForSim] handled person # 1024
2026-02-25T15:38:59,764  INFO Counter:70 [PersonPrepareForSim] handled person # 2048
2026-02-25T15:38:59,771  INFO Counter:70 [PersonPrepareForSim] handled person # 4096
2026-02-25T15:38:59,784  INFO Counter:70 [PersonPrepareForSim] handled person # 8192
2026-02-25T15:38:59,813  INFO Counter:70 [PersonPrepareForSim] handled person # 16384
2026-02-25T15:38:59,877  INFO Counter:75 [PersonPrepareForSim] handled person # 30481
2026-02-25T15:38:59,895  INFO MobsimListenerManager:50 calling addQueueSimulationListener
2026-02-25T15:38:59,895  INFO MobsimListenerManager:54   assigned class org.matsim.core.mobsim.framework.listeners.MobsimListener to interface org.matsim.vis.snapshotwriters.SnapshotWriterManager
2026-02-25T15:38:59,895  INFO MobsimListenerManager:54   assigned class org.matsim.core.mobsim.framework.listeners.MobsimListener to interface org.matsim.core.mobsim.framework.listeners.MobsimInitializedListener
2026-02-25T15:38:59,896  INFO MobsimListenerManager:54   assigned class org.matsim.core.mobsim.framework.listeners.MobsimListener to interface org.matsim.core.mobsim.framework.listeners.MobsimAfterSimStepListener
2026-02-25T15:38:59,896  INFO MobsimListenerManager:54   assigned class org.matsim.core.mobsim.framework.listeners.MobsimListener to interface org.matsim.core.mobsim.framework.listeners.MobsimBeforeCleanupListener
2026-02-25T15:38:59,896  INFO MobsimListenerManager:54   assigned class org.matsim.core.mobsim.framework.listeners.MobsimListener to interface org.matsim.core.mobsim.framework.listeners.MobsimListener
2026-02-25T15:38:59,898  INFO QSimProvider:131 Added MobsimEngine class org.matsim.core.mobsim.qsim.ActivityEngineDefaultImpl
2026-02-25T15:38:59,898  INFO QSimProvider:137 Added Activityhandler class org.matsim.core.mobsim.qsim.ActivityEngineDefaultImpl
2026-02-25T15:38:59,906  INFO QSimProvider:131 Added MobsimEngine class org.matsim.core.mobsim.qsim.qnetsimengine.QNetsimEngineWithThreadpool
2026-02-25T15:38:59,907  INFO QSimProvider:143 Added DepartureHandler class org.matsim.core.mobsim.qsim.qnetsimengine.NetworkModeDepartureHandlerDefaultImpl
2026-02-25T15:38:59,907  INFO QSimProvider:131 Added MobsimEngine class org.matsim.core.mobsim.qsim.DefaultTeleportationEngine
2026-02-25T15:38:59,907  INFO QSimProvider:143 Added DepartureHandler class org.matsim.core.mobsim.qsim.DefaultTeleportationEngine
2026-02-25T15:38:59,907  INFO QSimProvider:149 Added AgentSource class org.matsim.core.mobsim.qsim.agents.PopulationAgentSource
2026-02-25T15:38:59,908  INFO MobsimListenerManager:50 calling addQueueSimulationListener
2026-02-25T15:38:59,908  INFO MobsimListenerManager:54   assigned class org.matsim.core.mobsim.framework.listeners.MobsimListener to interface org.matsim.core.mobsim.framework.listeners.MobsimBeforeSimStepListener
2026-02-25T15:38:59,909  INFO MobsimListenerManager:54   assigned class org.matsim.core.mobsim.framework.listeners.MobsimListener to interface org.matsim.core.mobsim.framework.listeners.MobsimListener
2026-02-25T15:38:59,909  INFO MobsimListenerManager:54   assigned class org.matsim.core.mobsim.framework.listeners.MobsimListener to interface org.matsim.core.mobsim.qsim.messagequeueengine.MessageQueueEngine
2026-02-25T15:38:59,909  INFO QSimProvider:155 Added MobsimListener class org.matsim.core.mobsim.qsim.messagequeueengine.MessageQueueEngine
2026-02-25T15:38:59,909  INFO QSimProvider:131 Added MobsimEngine class org.matsim.core.mobsim.qsim.pt.TransitQSimEngine
2026-02-25T15:38:59,910  INFO QSimProvider:143 Added DepartureHandler class org.matsim.core.mobsim.qsim.pt.TransitQSimEngine
2026-02-25T15:38:59,910  INFO QSimProvider:149 Added AgentSource class org.matsim.core.mobsim.qsim.pt.TransitQSimEngine
2026-02-25T15:38:59,996  INFO ReconstructingUmlaufBuilder:131 Generating UmlaufStuecke ...
2026-02-25T15:38:59,997  INFO ReconstructingUmlaufBuilder:144 ... done generating UmlaufStuecke
2026-02-25T15:39:00,003  INFO AbstractQNetsimEngine:418 Assigned 1137 nodes and 3009 links to QSimEngineRunner #0
2026-02-25T15:39:00,031  INFO AbstractQNetsimEngine:356 SIMULATION (QNetsimEngine) AT 06:00:00 : #links=0 #nodes=2
2026-02-25T15:39:00,032  INFO QSim:552 SIMULATION (NEW QSim) AT 06:00:00 : #Veh=30823 lost=0 simT=0.0s realT=0s; (s/r): 0.0
2026-02-25T15:39:00,221  INFO AbstractQNetsimEngine:356 SIMULATION (QNetsimEngine) AT 07:00:00 : #links=4 #nodes=2
2026-02-25T15:39:00,222  INFO QSim:552 SIMULATION (NEW QSim) AT 07:00:00 : #Veh=30807 lost=0 simT=3600.0s realT=0s; (s/r): Infinity
2026-02-25T15:39:01,291  INFO AbstractQNetsimEngine:356 SIMULATION (QNetsimEngine) AT 08:00:00 : #links=484 #nodes=75
2026-02-25T15:39:01,292  INFO QSim:552 SIMULATION (NEW QSim) AT 08:00:00 : #Veh=30787 lost=0 simT=7200.0s realT=1s; (s/r): 7200.0
2026-02-25T15:39:02,828  INFO AbstractQNetsimEngine:356 SIMULATION (QNetsimEngine) AT 09:00:00 : #links=522 #nodes=73
2026-02-25T15:39:02,828  INFO QSim:552 SIMULATION (NEW QSim) AT 09:00:00 : #Veh=30767 lost=0 simT=10800.0s realT=2s; (s/r): 5400.0
2026-02-25T15:39:03,476  INFO AbstractQNetsimEngine:356 SIMULATION (QNetsimEngine) AT 10:00:00 : #links=92 #nodes=15
2026-02-25T15:39:03,477  INFO QSim:552 SIMULATION (NEW QSim) AT 10:00:00 : #Veh=30747 lost=0 simT=14400.0s realT=3s; (s/r): 4800.0
2026-02-25T15:39:03,992  INFO AbstractQNetsimEngine:356 SIMULATION (QNetsimEngine) AT 11:00:00 : #links=182 #nodes=25
2026-02-25T15:39:03,992  INFO QSim:552 SIMULATION (NEW QSim) AT 11:00:00 : #Veh=30727 lost=0 simT=18000.0s realT=4s; (s/r): 4500.0
2026-02-25T15:39:04,487  INFO AbstractQNetsimEngine:356 SIMULATION (QNetsimEngine) AT 12:00:00 : #links=164 #nodes=24
2026-02-25T15:39:04,487  INFO QSim:552 SIMULATION (NEW QSim) AT 12:00:00 : #Veh=30707 lost=0 simT=21600.0s realT=4s; (s/r): 5400.0
2026-02-25T15:39:05,001  INFO AbstractQNetsimEngine:356 SIMULATION (QNetsimEngine) AT 13:00:00 : #links=216 #nodes=23
2026-02-25T15:39:05,002  INFO QSim:552 SIMULATION (NEW QSim) AT 13:00:00 : #Veh=30368 lost=0 simT=25200.0s realT=5s; (s/r): 5040.0
2026-02-25T15:39:05,603  INFO AbstractQNetsimEngine:356 SIMULATION (QNetsimEngine) AT 14:00:00 : #links=232 #nodes=24
2026-02-25T15:39:05,604  INFO QSim:552 SIMULATION (NEW QSim) AT 14:00:00 : #Veh=29470 lost=0 simT=28800.0s realT=5s; (s/r): 5760.0
2026-02-25T15:39:06,263  INFO AbstractQNetsimEngine:356 SIMULATION (QNetsimEngine) AT 15:00:00 : #links=286 #nodes=39
2026-02-25T15:39:06,263  INFO QSim:552 SIMULATION (NEW QSim) AT 15:00:00 : #Veh=28036 lost=0 simT=32400.0s realT=6s; (s/r): 5400.0
2026-02-25T15:39:06,723  INFO AbstractQNetsimEngine:356 SIMULATION (QNetsimEngine) AT 16:00:00 : #links=103 #nodes=12
2026-02-25T15:39:06,723  INFO QSim:552 SIMULATION (NEW QSim) AT 16:00:00 : #Veh=26442 lost=0 simT=36000.0s realT=6s; (s/r): 6000.0
2026-02-25T15:39:07,850  INFO AbstractQNetsimEngine:356 SIMULATION (QNetsimEngine) AT 17:00:00 : #links=475 #nodes=79
2026-02-25T15:39:07,851  INFO QSim:552 SIMULATION (NEW QSim) AT 17:00:00 : #Veh=22148 lost=0 simT=39600.0s realT=7s; (s/r): 5657.142857142857
2026-02-25T15:39:08,892  INFO AbstractQNetsimEngine:356 SIMULATION (QNetsimEngine) AT 18:00:00 : #links=445 #nodes=69
2026-02-25T15:39:08,892  INFO QSim:552 SIMULATION (NEW QSim) AT 18:00:00 : #Veh=15014 lost=0 simT=43200.0s realT=8s; (s/r): 5400.0
2026-02-25T15:39:09,985  INFO AbstractQNetsimEngine:356 SIMULATION (QNetsimEngine) AT 19:00:00 : #links=435 #nodes=67
2026-02-25T15:39:09,985  INFO QSim:552 SIMULATION (NEW QSim) AT 19:00:00 : #Veh=7262 lost=0 simT=46800.0s realT=10s; (s/r): 4680.0
2026-02-25T15:39:10,554  INFO AbstractQNetsimEngine:356 SIMULATION (QNetsimEngine) AT 20:00:00 : #links=159 #nodes=17
2026-02-25T15:39:10,555  INFO QSim:552 SIMULATION (NEW QSim) AT 20:00:00 : #Veh=2004 lost=0 simT=50400.0s realT=10s; (s/r): 5040.0
2026-02-25T15:39:10,848  INFO AbstractQNetsimEngine:356 SIMULATION (QNetsimEngine) AT 21:00:00 : #links=5 #nodes=1
2026-02-25T15:39:10,848  INFO QSim:552 SIMULATION (NEW QSim) AT 21:00:00 : #Veh=292 lost=0 simT=54000.0s realT=10s; (s/r): 5400.0
2026-02-25T15:39:11,076  INFO AbstractQNetsimEngine:356 SIMULATION (QNetsimEngine) AT 22:00:00 : #links=4 #nodes=2
2026-02-25T15:39:11,076  INFO QSim:552 SIMULATION (NEW QSim) AT 22:00:00 : #Veh=44 lost=0 simT=57600.0s realT=11s; (s/r): 5236.363636363636
2026-02-25T15:39:11,293  INFO AbstractQNetsimEngine:356 SIMULATION (QNetsimEngine) AT 23:00:00 : #links=4 #nodes=2
2026-02-25T15:39:11,293  INFO QSim:552 SIMULATION (NEW QSim) AT 23:00:00 : #Veh=6 lost=0 simT=61200.0s realT=11s; (s/r): 5563.636363636364
2026-02-25T15:39:11,341  INFO AbstractController$9:237 ### ITERATION 4 fires after mobsim event
2026-02-25T15:39:11,341  INFO Gbl:196 Thread performance: Thread=class org.matsim.core.events.SimStepParallelEventsManagerImpl$ProcessEventsRunnable0  cpu-time=5.109375sec
2026-02-25T15:39:11,341  INFO ControlerListenerManagerImpl:269 calling notifyAfterMobsim on org.matsim.analysis.LegTimesControlerListener with priority 0.0
2026-02-25T15:39:11,343  INFO LegTimesControlerListener:73 [4] average leg duration is: 1929 seconds = 00:32:09
2026-02-25T15:39:11,343  INFO ControlerListenerManagerImpl:269 calling notifyAfterMobsim on org.matsim.core.events.MobsimScopeEventHandling with priority 0.0
2026-02-25T15:39:11,344  INFO ControlerListenerManagerImpl:269 calling notifyAfterMobsim on org.matsim.core.scoring.EventsToActivities$1 with priority 0.0
2026-02-25T15:39:11,366  INFO ControlerListenerManagerImpl:272 [it.4] all ControlerAfterMobsimListeners called.
2026-02-25T15:39:11,366  INFO AbstractController$4:162 ### ITERATION 4 fires scoring event
2026-02-25T15:39:11,367  INFO ControlerListenerManagerImpl:197 calling notifyScoring on org.matsim.core.scoring.PlansScoringImpl with priority 0.0
2026-02-25T15:39:11,380  INFO NewScoreAssignerImpl:60 it: 4 msaStart: null
2026-02-25T15:39:11,394  INFO ControlerListenerManagerImpl:209 [it.4] all ControlerScoringListeners called.
2026-02-25T15:39:11,395  INFO AbstractController$5:170 ### ITERATION 4 fires iteration end event
2026-02-25T15:39:11,395  INFO ControlerListenerManagerImpl:172 calling notifyIterationEnds on org.matsim.core.controler.corelisteners.EventsHandlingImpl with priority 0.0
2026-02-25T15:39:11,395  INFO ControlerListenerManagerImpl:172 calling notifyIterationEnds on org.matsim.core.scoring.PlansScoringImpl with priority 0.0
2026-02-25T15:39:11,406  INFO ControlerListenerManagerImpl:180 calling notifyIterationEnds on org.matsim.counts.CountsControlerListener with priority 0.0
2026-02-25T15:39:11,406  INFO ControlerListenerManagerImpl:180 calling notifyIterationEnds on org.matsim.analysis.ModeChoiceCoverageControlerListener with priority 0.0
2026-02-25T15:39:11,478  INFO ModeChoiceCoverageControlerListener:144 -- mode choice coverage (1x) of mode car = 0.5965191430727338
2026-02-25T15:39:11,478  INFO ModeChoiceCoverageControlerListener:144 -- mode choice coverage (1x) of mode pt = 0.2159213936550638
2026-02-25T15:39:11,479  INFO ModeChoiceCoverageControlerListener:144 -- mode choice coverage (1x) of mode walk = 0.47774023161969753
2026-02-25T15:39:11,479  INFO ModeChoiceCoverageControlerListener:144 -- mode choice coverage (5x) of mode car = 0.3606673009415702
2026-02-25T15:39:11,479  INFO ModeChoiceCoverageControlerListener:144 -- mode choice coverage (5x) of mode pt = 0.10181752567172993
2026-02-25T15:39:11,479  INFO ModeChoiceCoverageControlerListener:144 -- mode choice coverage (5x) of mode walk = 0.25906302286670385
2026-02-25T15:39:11,479  INFO ModeChoiceCoverageControlerListener:144 -- mode choice coverage (10x) of mode car = 0.0
2026-02-25T15:39:11,479  INFO ModeChoiceCoverageControlerListener:144 -- mode choice coverage (10x) of mode pt = 0.0
2026-02-25T15:39:11,479  INFO ModeChoiceCoverageControlerListener:144 -- mode choice coverage (10x) of mode walk = 0.0
2026-02-25T15:39:11,645  INFO ControlerListenerManagerImpl:180 calling notifyIterationEnds on org.matsim.analysis.ModeStatsControlerListener with priority 0.0
2026-02-25T15:39:11,705  INFO ModeStatsControlerListener:133 Mode shares over all 60962.0 trips found. MainModeIdentifier: class org.matsim.core.router.DefaultAnalysisMainModeIdentifier
2026-02-25T15:39:11,706  INFO ModeStatsControlerListener:140 -- mode share of mode car = 0.4851546865260326
2026-02-25T15:39:11,706  INFO ModeStatsControlerListener:140 -- mode share of mode pt = 0.15526065417801252
2026-02-25T15:39:11,706  INFO ModeStatsControlerListener:140 -- mode share of mode walk = 0.35958465929595484
2026-02-25T15:39:11,815  INFO ControlerListenerManagerImpl:180 calling notifyIterationEnds on org.matsim.analysis.ScoreStatsControlerListener with priority 0.0
2026-02-25T15:39:11,821  INFO ScoreStatsControlerListener:154 -- avg. score of the executed plan of each agent: 124.89787013611502
2026-02-25T15:39:11,822  INFO ScoreStatsControlerListener:155 -- avg. score of the worst plan of each agent: 121.13967853919073
2026-02-25T15:39:11,822  INFO ScoreStatsControlerListener:156 -- avg. of the avg. plan score per agent: 123.38854756725463
2026-02-25T15:39:11,822  INFO ScoreStatsControlerListener:157 -- avg. score of the best plan of each agent: 125.34906465419327
2026-02-25T15:39:11,868  INFO ControlerListenerManagerImpl:180 calling notifyIterationEnds on org.matsim.analysis.IterationTravelStatsControlerListener with priority 0.0
2026-02-25T15:39:11,895  INFO TravelDistanceStats:115 -- average leg distance per plan (executed plans only): 3356.5257843268696 meters
2026-02-25T15:39:11,896  INFO TravelDistanceStats:116 average leg distance per Person (executed plans only): 8797.597124813565 meters (statistic on all 79892 legs which have a finite distance)
2026-02-25T15:39:11,896  INFO TravelDistanceStats:117 -- average trip distance per plan (executed plans only): 4398.798562406782 meters
2026-02-25T15:39:11,897  INFO TravelDistanceStats:118 average trip distance per Person (executed plans only): 8797.597124813565 meters (statistic on all 60962 trips which have a finite distance)
2026-02-25T15:39:11,897  INFO TravelDistanceStats:119 (TravelDistanceStats takes an average over all legs where the simulation reports travelled (network) distances
2026-02-25T15:39:11,897  INFO TravelDistanceStats:120 (and teleported legs whose route contains a distance.)
2026-02-25T15:39:12,025  INFO ControlerListenerManagerImpl:180 calling notifyIterationEnds on org.matsim.analysis.LegTimesControlerListener with priority 0.0
2026-02-25T15:39:12,025  INFO EventsManagerImpl:164 removing Event-Handler: org.matsim.analysis.CalcLegTimes
2026-02-25T15:39:12,027  INFO EventsManagerImpl:164 removing Event-Handler: org.matsim.analysis.CalcLegTimes
2026-02-25T15:39:12,027  INFO ControlerListenerManagerImpl:180 calling notifyIterationEnds on org.matsim.analysis.LegHistogramListener with priority 0.0
2026-02-25T15:39:12,029  INFO LegHistogramListener:78 number of legs:	479352	100%
2026-02-25T15:39:12,030  INFO LegHistogramListener:85 number of car legs:	177456	37.019976968908026%
2026-02-25T15:39:12,030  INFO LegHistogramListener:85 number of pt legs:	56790	11.847243779101788%
2026-02-25T15:39:12,030  INFO LegHistogramListener:85 number of walk legs:	245106	51.132779251990186%
2026-02-25T15:39:12,301  INFO ControlerListenerManagerImpl:180 calling notifyIterationEnds on org.matsim.analysis.LinkStatsControlerListener with priority 0.0
2026-02-25T15:39:12,302  INFO ControlerListenerManagerImpl:184 [it.4] all ControlerIterationEndsListeners called.
2026-02-25T15:39:12,370  INFO AbstractController:184 ### ITERATION 4 ENDS
2026-02-25T15:39:12,370  INFO AbstractController:185 ###################################################
2026-02-25T15:39:12,370  INFO AbstractController:136 ###################################################
2026-02-25T15:39:12,371  INFO AbstractController:137 ### ITERATION 5 BEGINS
2026-02-25T15:39:12,371  INFO ControlerListenerManagerImpl:156 calling notifyIterationStarts on org.matsim.analysis.LegTimesControlerListener with priority 0.0
2026-02-25T15:39:12,372  INFO EventsManagerImpl:139 === Logging of event-handlers skipped ===
2026-02-25T15:39:12,372  INFO EventsManagerImpl:140 To enable debug output, set an environment variable i.e. export LOG_LEVEL='debug', or set log.setLogLevel(Level.DEBUG) in your run class.
2026-02-25T15:39:12,372  INFO EventsManagerImpl:210     > org.matsim.api.core.v01.events.PersonDepartureEvent
2026-02-25T15:39:12,372  INFO EventsManagerImpl:210     > org.matsim.api.core.v01.events.PersonArrivalEvent
2026-02-25T15:39:12,372  INFO EventsManagerImpl:210     > org.matsim.api.core.v01.events.ActivityEndEvent
2026-02-25T15:39:12,372  INFO EventsManagerImpl:210     > org.matsim.api.core.v01.events.ActivityStartEvent
2026-02-25T15:39:12,373  INFO EventsManagerImpl:139 === Logging of event-handlers skipped ===
2026-02-25T15:39:12,373  INFO EventsManagerImpl:140 To enable debug output, set an environment variable i.e. export LOG_LEVEL='debug', or set log.setLogLevel(Level.DEBUG) in your run class.
2026-02-25T15:39:12,373  INFO EventsManagerImpl:210     > org.matsim.api.core.v01.events.PersonDepartureEvent
2026-02-25T15:39:12,373  INFO EventsManagerImpl:210     > org.matsim.api.core.v01.events.PersonArrivalEvent
2026-02-25T15:39:12,373  INFO EventsManagerImpl:210     > org.matsim.api.core.v01.events.ActivityEndEvent
2026-02-25T15:39:12,374  INFO EventsManagerImpl:210     > org.matsim.api.core.v01.events.ActivityStartEvent
2026-02-25T15:39:12,374  INFO ControlerListenerManagerImpl:156 calling notifyIterationStarts on org.matsim.analysis.LegHistogramListener with priority 0.0
2026-02-25T15:39:12,374  INFO EventsManagerImpl:139 === Logging of event-handlers skipped ===
2026-02-25T15:39:12,374  INFO EventsManagerImpl:140 To enable debug output, set an environment variable i.e. export LOG_LEVEL='debug', or set log.setLogLevel(Level.DEBUG) in your run class.
2026-02-25T15:39:12,374  INFO EventsManagerImpl:210     > org.matsim.api.core.v01.events.PersonDepartureEvent
2026-02-25T15:39:12,374  INFO EventsManagerImpl:210     > org.matsim.api.core.v01.events.PersonArrivalEvent
2026-02-25T15:39:12,374  INFO EventsManagerImpl:210     > org.matsim.api.core.v01.events.PersonStuckEvent
2026-02-25T15:39:12,375  INFO EventsManagerImpl:139 === Logging of event-handlers skipped ===
2026-02-25T15:39:12,375  INFO EventsManagerImpl:140 To enable debug output, set an environment variable i.e. export LOG_LEVEL='debug', or set log.setLogLevel(Level.DEBUG) in your run class.
2026-02-25T15:39:12,375  INFO EventsManagerImpl:210     > org.matsim.api.core.v01.events.PersonDepartureEvent
2026-02-25T15:39:12,375  INFO EventsManagerImpl:210     > org.matsim.api.core.v01.events.PersonArrivalEvent
2026-02-25T15:39:12,375  INFO EventsManagerImpl:210     > org.matsim.api.core.v01.events.PersonStuckEvent
2026-02-25T15:39:12,376  INFO ControlerListenerManagerImpl:156 calling notifyIterationStarts on org.matsim.analysis.LinkStatsControlerListener with priority 0.0
2026-02-25T15:39:12,376  INFO ControlerListenerManagerImpl:156 calling notifyIterationStarts on org.matsim.core.replanning.ReplanningContextImpl with priority 0.0
2026-02-25T15:39:12,376  INFO ControlerListenerManagerImpl:156 calling notifyIterationStarts on org.matsim.core.scoring.ScoringFunctionsForPopulation$$Lambda/0x000001a9da52eeb0 with priority 0.0
2026-02-25T15:39:12,397  INFO ControlerListenerManagerImpl:156 calling notifyIterationStarts on org.matsim.core.scoring.ExperiencedPlansServiceImpl$1 with priority 0.0
2026-02-25T15:39:12,399  INFO ControlerListenerManagerImpl:159 [it.5] all ControlerIterationStartsListeners called.
2026-02-25T15:39:12,400  INFO ControlerListenerManagerImpl:221 calling notifyReplanning on org.matsim.core.controler.corelisteners.PlansReplanningImpl with priority 0.0
2026-02-25T15:39:12,400  WARN NetworkRoutingProvider:137 [mode: car; routingMode: car] Using deprecated routing module without access/egress. Consider using AccessEgressNetworkRouter instead.
2026-02-25T15:39:12,401  WARN NetworkRoutingProvider:137 [mode: car; routingMode: car] Using deprecated routing module without access/egress. Consider using AccessEgressNetworkRouter instead.
2026-02-25T15:39:12,402  INFO ChooseRandomLegModeForSubtour:137 Chain based modes: [car]
2026-02-25T15:39:12,402  INFO ChooseRandomLegModeForSubtour:137 Chain based modes: [car]
2026-02-25T15:39:12,467  INFO GenericPlanStrategyImpl:135 Plan-Strategy finished, 24470 plans handled. Strategy: BestPlanSelector
2026-02-25T15:39:12,467  INFO AbstractMultithreadedModule:142 [PlanRouter] starting 2 threads, handling 3035 plans
2026-02-25T15:39:12,468  INFO Counter:70 [PlanRouter] handled plan # 2
2026-02-25T15:39:12,468  INFO Counter:70 [PlanRouter] handled plan # 1
2026-02-25T15:39:12,469  INFO Counter:70 [PlanRouter] handled plan # 4
2026-02-25T15:39:12,469  INFO Counter:70 [PlanRouter] handled plan # 8
2026-02-25T15:39:12,470  INFO Counter:70 [PlanRouter] handled plan # 16
2026-02-25T15:39:12,472  INFO Counter:70 [PlanRouter] handled plan # 32
2026-02-25T15:39:12,478  INFO Counter:70 [PlanRouter] handled plan # 64
2026-02-25T15:39:12,484  INFO Counter:70 [PlanRouter] handled plan # 128
2026-02-25T15:39:12,495  INFO Counter:70 [PlanRouter] handled plan # 256
2026-02-25T15:39:12,528  INFO Counter:70 [PlanRouter] handled plan # 512
2026-02-25T15:39:12,587  INFO Counter:70 [PlanRouter] handled plan # 1024
2026-02-25T15:39:12,689  INFO Counter:70 [PlanRouter] handled plan # 2048
2026-02-25T15:39:12,773  INFO AbstractMultithreadedModule:157 [PlanRouter] all 2 threads finished.
2026-02-25T15:39:12,773  INFO GenericPlanStrategyImpl:135 Plan-Strategy finished, 3035 plans handled. Strategy: RandomPlanSelector_ReRoute
2026-02-25T15:39:12,774  INFO AbstractMultithreadedModule:142 [ChooseRandomLegModeForSubtour] starting 2 threads, handling 2976 plans
2026-02-25T15:39:12,775  INFO Counter:70 [ChooseRandomLegModeForSubtour] handled plan # 2
2026-02-25T15:39:12,775  INFO Counter:70 [ChooseRandomLegModeForSubtour] handled plan # 1
2026-02-25T15:39:12,775  INFO Counter:70 [ChooseRandomLegModeForSubtour] handled plan # 4
2026-02-25T15:39:12,775  INFO Counter:70 [ChooseRandomLegModeForSubtour] handled plan # 16
2026-02-25T15:39:12,775  INFO Counter:70 [ChooseRandomLegModeForSubtour] handled plan # 8
2026-02-25T15:39:12,776  INFO Counter:70 [ChooseRandomLegModeForSubtour] handled plan # 32
2026-02-25T15:39:12,776  INFO Counter:70 [ChooseRandomLegModeForSubtour] handled plan # 64
2026-02-25T15:39:12,776  INFO Counter:70 [ChooseRandomLegModeForSubtour] handled plan # 128
2026-02-25T15:39:12,777  INFO Counter:70 [ChooseRandomLegModeForSubtour] handled plan # 256
2026-02-25T15:39:12,778  INFO Counter:70 [ChooseRandomLegModeForSubtour] handled plan # 512
2026-02-25T15:39:12,780  INFO Counter:70 [ChooseRandomLegModeForSubtour] handled plan # 1024
2026-02-25T15:39:12,785  INFO Counter:70 [ChooseRandomLegModeForSubtour] handled plan # 2048
2026-02-25T15:39:12,790  INFO AbstractMultithreadedModule:157 [ChooseRandomLegModeForSubtour] all 2 threads finished.
2026-02-25T15:39:12,791  WARN NetworkRoutingProvider:137 [mode: car; routingMode: car] Using deprecated routing module without access/egress. Consider using AccessEgressNetworkRouter instead.
2026-02-25T15:39:12,792  WARN NetworkRoutingProvider:137 [mode: car; routingMode: car] Using deprecated routing module without access/egress. Consider using AccessEgressNetworkRouter instead.
2026-02-25T15:39:12,793  INFO AbstractMultithreadedModule:142 [PlanRouter] starting 2 threads, handling 2976 plans
2026-02-25T15:39:12,795  INFO Counter:70 [PlanRouter] handled plan # 2
2026-02-25T15:39:12,795  INFO Counter:70 [PlanRouter] handled plan # 1
2026-02-25T15:39:12,795  INFO Counter:70 [PlanRouter] handled plan # 4
2026-02-25T15:39:12,795  INFO Counter:70 [PlanRouter] handled plan # 8
2026-02-25T15:39:12,796  INFO Counter:70 [PlanRouter] handled plan # 16
2026-02-25T15:39:12,796  INFO Counter:70 [PlanRouter] handled plan # 32
2026-02-25T15:39:12,798  INFO Counter:70 [PlanRouter] handled plan # 64
2026-02-25T15:39:12,801  INFO Counter:70 [PlanRouter] handled plan # 128
2026-02-25T15:39:12,805  INFO Counter:70 [PlanRouter] handled plan # 256
2026-02-25T15:39:12,813  INFO Counter:70 [PlanRouter] handled plan # 512
2026-02-25T15:39:12,827  INFO Counter:70 [PlanRouter] handled plan # 1024
2026-02-25T15:39:12,858  INFO Counter:70 [PlanRouter] handled plan # 2048
2026-02-25T15:39:12,887  INFO AbstractMultithreadedModule:157 [PlanRouter] all 2 threads finished.
2026-02-25T15:39:12,888  INFO GenericPlanStrategyImpl:135 Plan-Strategy finished, 2976 plans handled. Strategy: RandomPlanSelector_SubtourModeChoice_ReRoute
2026-02-25T15:39:12,888  INFO ControlerListenerManagerImpl:230 [it.5] all ControlerReplanningListeners called.
2026-02-25T15:39:12,888  INFO ControlerListenerManagerImpl:242 calling notifyBeforeMobsim on org.matsim.core.controler.corelisteners.EventsHandlingImpl with priority 0.0
2026-02-25T15:39:12,888  INFO EventsManagerImpl:173 resetting Event-Handlers
2026-02-25T15:39:12,888  INFO EventsManagerImpl:180   org.matsim.core.trafficmonitoring.TravelTimeCalculator
2026-02-25T15:39:12,890  INFO EventsManagerImpl:180   org.matsim.analysis.VolumesAnalyzer
2026-02-25T15:39:12,890  INFO EventsManagerImpl:180   org.matsim.core.scoring.ScoringFunctionsForPopulation
2026-02-25T15:39:12,890  INFO EventsManagerImpl:180   org.matsim.analysis.LegHistogram
2026-02-25T15:39:12,890  INFO EventsManagerImpl:180   org.matsim.analysis.CalcLegTimes
2026-02-25T15:39:12,890  INFO EventsManagerImpl:180   ch.sbb.matsim.routing.pt.raptor.SwissRailRaptorFactory$$Lambda/0x000001a9da5de1f0
2026-02-25T15:39:12,890  INFO ControlerListenerManagerImpl:242 calling notifyBeforeMobsim on org.matsim.core.controler.corelisteners.PlansDumpingImpl with priority 0.0
2026-02-25T15:39:12,891  INFO ControlerListenerManagerImpl:248 calling notifyBeforeMobsim on org.matsim.core.population.VspPlansCleaner with priority 0.0
2026-02-25T15:39:12,911  INFO ControlerListenerManagerImpl:251 [it.5] all ControlerBeforeMobsimListeners called.
2026-02-25T15:39:12,912  INFO PrepareForMobsimImpl:86 Network seems to be multimodal. Create car-only network which is handed over to PersonPrepareForSim.
2026-02-25T15:39:12,912  INFO NetworkImpl:165  node # 1
2026-02-25T15:39:12,912  INFO NetworkImpl:165  node # 4
2026-02-25T15:39:12,912  INFO NetworkImpl:165  node # 16
2026-02-25T15:39:12,913  INFO NetworkImpl:165  node # 64
2026-02-25T15:39:12,913  INFO NetworkImpl:165  node # 256
2026-02-25T15:39:12,913  INFO NetworkImpl:165  node # 1024
2026-02-25T15:39:12,914  INFO NetworkImpl:161  link # 1
2026-02-25T15:39:12,914  INFO NetworkImpl:161  link # 4
2026-02-25T15:39:12,914  INFO NetworkImpl:161  link # 16
2026-02-25T15:39:12,914  INFO NetworkImpl:161  link # 64
2026-02-25T15:39:12,915  INFO NetworkImpl:161  link # 256
2026-02-25T15:39:12,917  INFO NetworkImpl:161  link # 1024
2026-02-25T15:39:12,921  WARN NetworkRoutingProvider:137 [mode: car; routingMode: car] Using deprecated routing module without access/egress. Consider using AccessEgressNetworkRouter instead.
2026-02-25T15:39:12,924  WARN NetworkRoutingProvider:137 [mode: car; routingMode: car] Using deprecated routing module without access/egress. Consider using AccessEgressNetworkRouter instead.
2026-02-25T15:39:12,928  INFO Counter:70 [PersonPrepareForSim] handled person # 1
2026-02-25T15:39:12,928  INFO Counter:70 [PersonPrepareForSim] handled person # 2
2026-02-25T15:39:12,928  INFO Counter:70 [PersonPrepareForSim] handled person # 4
2026-02-25T15:39:12,928  INFO Counter:70 [PersonPrepareForSim] handled person # 8
2026-02-25T15:39:12,928  INFO Counter:70 [PersonPrepareForSim] handled person # 16
2026-02-25T15:39:12,929  INFO Counter:70 [PersonPrepareForSim] handled person # 32
2026-02-25T15:39:12,929  INFO Counter:70 [PersonPrepareForSim] handled person # 64
2026-02-25T15:39:12,929  INFO Counter:70 [PersonPrepareForSim] handled person # 128
2026-02-25T15:39:12,930  INFO Counter:70 [PersonPrepareForSim] handled person # 256
2026-02-25T15:39:12,931  INFO Counter:70 [PersonPrepareForSim] handled person # 512
2026-02-25T15:39:12,933  INFO Counter:70 [PersonPrepareForSim] handled person # 1024
2026-02-25T15:39:12,935  INFO Counter:70 [PersonPrepareForSim] handled person # 2048
2026-02-25T15:39:12,943  INFO Counter:70 [PersonPrepareForSim] handled person # 4096
2026-02-25T15:39:12,954  INFO Counter:70 [PersonPrepareForSim] handled person # 8192
2026-02-25T15:39:12,980  INFO Counter:70 [PersonPrepareForSim] handled person # 16384
2026-02-25T15:39:13,025  INFO Counter:75 [PersonPrepareForSim] handled person # 30481
2026-02-25T15:39:13,041  INFO MobsimListenerManager:50 calling addQueueSimulationListener
2026-02-25T15:39:13,041  INFO MobsimListenerManager:54   assigned class org.matsim.core.mobsim.framework.listeners.MobsimListener to interface org.matsim.vis.snapshotwriters.SnapshotWriterManager
2026-02-25T15:39:13,042  INFO MobsimListenerManager:54   assigned class org.matsim.core.mobsim.framework.listeners.MobsimListener to interface org.matsim.core.mobsim.framework.listeners.MobsimInitializedListener
2026-02-25T15:39:13,042  INFO MobsimListenerManager:54   assigned class org.matsim.core.mobsim.framework.listeners.MobsimListener to interface org.matsim.core.mobsim.framework.listeners.MobsimAfterSimStepListener
2026-02-25T15:39:13,042  INFO MobsimListenerManager:54   assigned class org.matsim.core.mobsim.framework.listeners.MobsimListener to interface org.matsim.core.mobsim.framework.listeners.MobsimBeforeCleanupListener
2026-02-25T15:39:13,043  INFO MobsimListenerManager:54   assigned class org.matsim.core.mobsim.framework.listeners.MobsimListener to interface org.matsim.core.mobsim.framework.listeners.MobsimListener
2026-02-25T15:39:13,044  INFO QSimProvider:131 Added MobsimEngine class org.matsim.core.mobsim.qsim.ActivityEngineDefaultImpl
2026-02-25T15:39:13,044  INFO QSimProvider:137 Added Activityhandler class org.matsim.core.mobsim.qsim.ActivityEngineDefaultImpl
2026-02-25T15:39:13,048  INFO QSimProvider:131 Added MobsimEngine class org.matsim.core.mobsim.qsim.qnetsimengine.QNetsimEngineWithThreadpool
2026-02-25T15:39:13,049  INFO QSimProvider:143 Added DepartureHandler class org.matsim.core.mobsim.qsim.qnetsimengine.NetworkModeDepartureHandlerDefaultImpl
2026-02-25T15:39:13,049  INFO QSimProvider:131 Added MobsimEngine class org.matsim.core.mobsim.qsim.DefaultTeleportationEngine
2026-02-25T15:39:13,049  INFO QSimProvider:143 Added DepartureHandler class org.matsim.core.mobsim.qsim.DefaultTeleportationEngine
2026-02-25T15:39:13,050  INFO QSimProvider:149 Added AgentSource class org.matsim.core.mobsim.qsim.agents.PopulationAgentSource
2026-02-25T15:39:13,050  INFO MobsimListenerManager:50 calling addQueueSimulationListener
2026-02-25T15:39:13,050  INFO MobsimListenerManager:54   assigned class org.matsim.core.mobsim.framework.listeners.MobsimListener to interface org.matsim.core.mobsim.framework.listeners.MobsimBeforeSimStepListener
2026-02-25T15:39:13,051  INFO MobsimListenerManager:54   assigned class org.matsim.core.mobsim.framework.listeners.MobsimListener to interface org.matsim.core.mobsim.framework.listeners.MobsimListener
2026-02-25T15:39:13,051  INFO MobsimListenerManager:54   assigned class org.matsim.core.mobsim.framework.listeners.MobsimListener to interface org.matsim.core.mobsim.qsim.messagequeueengine.MessageQueueEngine
2026-02-25T15:39:13,051  INFO QSimProvider:155 Added MobsimListener class org.matsim.core.mobsim.qsim.messagequeueengine.MessageQueueEngine
2026-02-25T15:39:13,051  INFO QSimProvider:131 Added MobsimEngine class org.matsim.core.mobsim.qsim.pt.TransitQSimEngine
2026-02-25T15:39:13,052  INFO QSimProvider:143 Added DepartureHandler class org.matsim.core.mobsim.qsim.pt.TransitQSimEngine
2026-02-25T15:39:13,052  INFO QSimProvider:149 Added AgentSource class org.matsim.core.mobsim.qsim.pt.TransitQSimEngine
2026-02-25T15:39:13,148  INFO ReconstructingUmlaufBuilder:131 Generating UmlaufStuecke ...
2026-02-25T15:39:13,149  INFO ReconstructingUmlaufBuilder:144 ... done generating UmlaufStuecke
2026-02-25T15:39:13,155  INFO AbstractQNetsimEngine:418 Assigned 1137 nodes and 3009 links to QSimEngineRunner #0
2026-02-25T15:39:13,182  INFO AbstractQNetsimEngine:356 SIMULATION (QNetsimEngine) AT 06:00:00 : #links=0 #nodes=2
2026-02-25T15:39:13,182  INFO QSim:552 SIMULATION (NEW QSim) AT 06:00:00 : #Veh=30823 lost=0 simT=0.0s realT=0s; (s/r): 0.0
2026-02-25T15:39:13,407  INFO AbstractQNetsimEngine:356 SIMULATION (QNetsimEngine) AT 07:00:00 : #links=4 #nodes=2
2026-02-25T15:39:13,407  INFO QSim:552 SIMULATION (NEW QSim) AT 07:00:00 : #Veh=30807 lost=0 simT=3600.0s realT=0s; (s/r): Infinity
2026-02-25T15:39:14,497  INFO AbstractQNetsimEngine:356 SIMULATION (QNetsimEngine) AT 08:00:00 : #links=489 #nodes=85
2026-02-25T15:39:14,497  INFO QSim:552 SIMULATION (NEW QSim) AT 08:00:00 : #Veh=30787 lost=0 simT=7200.0s realT=1s; (s/r): 7200.0
2026-02-25T15:39:15,909  INFO AbstractQNetsimEngine:356 SIMULATION (QNetsimEngine) AT 09:00:00 : #links=545 #nodes=81
2026-02-25T15:39:15,909  INFO QSim:552 SIMULATION (NEW QSim) AT 09:00:00 : #Veh=30767 lost=0 simT=10800.0s realT=2s; (s/r): 5400.0
2026-02-25T15:39:16,509  INFO AbstractQNetsimEngine:356 SIMULATION (QNetsimEngine) AT 10:00:00 : #links=66 #nodes=10
2026-02-25T15:39:16,509  INFO QSim:552 SIMULATION (NEW QSim) AT 10:00:00 : #Veh=30747 lost=0 simT=14400.0s realT=3s; (s/r): 4800.0
2026-02-25T15:39:17,013  INFO AbstractQNetsimEngine:356 SIMULATION (QNetsimEngine) AT 11:00:00 : #links=170 #nodes=19
2026-02-25T15:39:17,013  INFO QSim:552 SIMULATION (NEW QSim) AT 11:00:00 : #Veh=30727 lost=0 simT=18000.0s realT=3s; (s/r): 6000.0
2026-02-25T15:39:17,512  INFO AbstractQNetsimEngine:356 SIMULATION (QNetsimEngine) AT 12:00:00 : #links=168 #nodes=20
2026-02-25T15:39:17,512  INFO QSim:552 SIMULATION (NEW QSim) AT 12:00:00 : #Veh=30707 lost=0 simT=21600.0s realT=4s; (s/r): 5400.0
2026-02-25T15:39:18,103  INFO AbstractQNetsimEngine:356 SIMULATION (QNetsimEngine) AT 13:00:00 : #links=226 #nodes=21
2026-02-25T15:39:18,103  INFO QSim:552 SIMULATION (NEW QSim) AT 13:00:00 : #Veh=30361 lost=0 simT=25200.0s realT=5s; (s/r): 5040.0
2026-02-25T15:39:18,857  INFO AbstractQNetsimEngine:356 SIMULATION (QNetsimEngine) AT 14:00:00 : #links=229 #nodes=19
2026-02-25T15:39:18,857  INFO QSim:552 SIMULATION (NEW QSim) AT 14:00:00 : #Veh=29446 lost=0 simT=28800.0s realT=5s; (s/r): 5760.0
2026-02-25T15:39:19,572  INFO AbstractQNetsimEngine:356 SIMULATION (QNetsimEngine) AT 15:00:00 : #links=288 #nodes=42
2026-02-25T15:39:19,573  INFO QSim:552 SIMULATION (NEW QSim) AT 15:00:00 : #Veh=28031 lost=0 simT=32400.0s realT=6s; (s/r): 5400.0
2026-02-25T15:39:20,053  INFO AbstractQNetsimEngine:356 SIMULATION (QNetsimEngine) AT 16:00:00 : #links=109 #nodes=10
2026-02-25T15:39:20,053  INFO QSim:552 SIMULATION (NEW QSim) AT 16:00:00 : #Veh=26416 lost=0 simT=36000.0s realT=7s; (s/r): 5142.857142857143
2026-02-25T15:39:20,965  INFO AbstractQNetsimEngine:356 SIMULATION (QNetsimEngine) AT 17:00:00 : #links=463 #nodes=68
2026-02-25T15:39:20,965  INFO QSim:552 SIMULATION (NEW QSim) AT 17:00:00 : #Veh=22095 lost=0 simT=39600.0s realT=7s; (s/r): 5657.142857142857
2026-02-25T15:39:22,194  INFO AbstractQNetsimEngine:356 SIMULATION (QNetsimEngine) AT 18:00:00 : #links=484 #nodes=72
2026-02-25T15:39:22,195  INFO QSim:552 SIMULATION (NEW QSim) AT 18:00:00 : #Veh=14867 lost=0 simT=43200.0s realT=9s; (s/r): 4800.0
2026-02-25T15:39:23,481  INFO AbstractQNetsimEngine:356 SIMULATION (QNetsimEngine) AT 19:00:00 : #links=442 #nodes=61
2026-02-25T15:39:23,483  INFO QSim:552 SIMULATION (NEW QSim) AT 19:00:00 : #Veh=6971 lost=0 simT=46800.0s realT=10s; (s/r): 4680.0
2026-02-25T15:39:24,059  INFO AbstractQNetsimEngine:356 SIMULATION (QNetsimEngine) AT 20:00:00 : #links=137 #nodes=11
2026-02-25T15:39:24,060  INFO QSim:552 SIMULATION (NEW QSim) AT 20:00:00 : #Veh=1756 lost=0 simT=50400.0s realT=11s; (s/r): 4581.818181818182
2026-02-25T15:39:24,345  INFO AbstractQNetsimEngine:356 SIMULATION (QNetsimEngine) AT 21:00:00 : #links=5 #nodes=1
2026-02-25T15:39:24,345  INFO QSim:552 SIMULATION (NEW QSim) AT 21:00:00 : #Veh=274 lost=0 simT=54000.0s realT=11s; (s/r): 4909.090909090909
2026-02-25T15:39:24,585  INFO AbstractQNetsimEngine:356 SIMULATION (QNetsimEngine) AT 22:00:00 : #links=4 #nodes=2
2026-02-25T15:39:24,585  INFO QSim:552 SIMULATION (NEW QSim) AT 22:00:00 : #Veh=45 lost=0 simT=57600.0s realT=11s; (s/r): 5236.363636363636
2026-02-25T15:39:24,817  INFO AbstractQNetsimEngine:356 SIMULATION (QNetsimEngine) AT 23:00:00 : #links=4 #nodes=2
2026-02-25T15:39:24,817  INFO QSim:552 SIMULATION (NEW QSim) AT 23:00:00 : #Veh=6 lost=0 simT=61200.0s realT=11s; (s/r): 5563.636363636364
2026-02-25T15:39:24,871  INFO AbstractController$9:237 ### ITERATION 5 fires after mobsim event
2026-02-25T15:39:24,871  INFO ControlerListenerManagerImpl:269 calling notifyAfterMobsim on org.matsim.analysis.LegTimesControlerListener with priority 0.0
2026-02-25T15:39:24,871  INFO Gbl:196 Thread performance: Thread=class org.matsim.core.events.SimStepParallelEventsManagerImpl$ProcessEventsRunnable0  cpu-time=4.578125sec
2026-02-25T15:39:24,872  INFO LegTimesControlerListener:73 [5] average leg duration is: 1856 seconds = 00:30:56
2026-02-25T15:39:24,873  INFO ControlerListenerManagerImpl:269 calling notifyAfterMobsim on org.matsim.core.events.MobsimScopeEventHandling with priority 0.0
2026-02-25T15:39:24,873  INFO ControlerListenerManagerImpl:269 calling notifyAfterMobsim on org.matsim.core.scoring.EventsToActivities$1 with priority 0.0
2026-02-25T15:39:24,894  INFO ControlerListenerManagerImpl:272 [it.5] all ControlerAfterMobsimListeners called.
2026-02-25T15:39:24,895  INFO AbstractController$4:162 ### ITERATION 5 fires scoring event
2026-02-25T15:39:24,895  INFO ControlerListenerManagerImpl:197 calling notifyScoring on org.matsim.core.scoring.PlansScoringImpl with priority 0.0
2026-02-25T15:39:24,910  INFO NewScoreAssignerImpl:60 it: 5 msaStart: null
2026-02-25T15:39:24,921  INFO ControlerListenerManagerImpl:209 [it.5] all ControlerScoringListeners called.
2026-02-25T15:39:24,922  INFO AbstractController$5:170 ### ITERATION 5 fires iteration end event
2026-02-25T15:39:24,922  INFO ControlerListenerManagerImpl:172 calling notifyIterationEnds on org.matsim.core.controler.corelisteners.EventsHandlingImpl with priority 0.0
2026-02-25T15:39:24,922  INFO ControlerListenerManagerImpl:172 calling notifyIterationEnds on org.matsim.core.scoring.PlansScoringImpl with priority 0.0
2026-02-25T15:39:24,931  INFO ControlerListenerManagerImpl:180 calling notifyIterationEnds on org.matsim.counts.CountsControlerListener with priority 0.0
2026-02-25T15:39:24,931  INFO ControlerListenerManagerImpl:180 calling notifyIterationEnds on org.matsim.analysis.ModeChoiceCoverageControlerListener with priority 0.0
2026-02-25T15:39:25,001  INFO ModeChoiceCoverageControlerListener:144 -- mode choice coverage (1x) of mode car = 0.6052458908828451
2026-02-25T15:39:25,001  INFO ModeChoiceCoverageControlerListener:144 -- mode choice coverage (1x) of mode pt = 0.23168531216167448
2026-02-25T15:39:25,001  INFO ModeChoiceCoverageControlerListener:144 -- mode choice coverage (1x) of mode walk = 0.5135986352153801
2026-02-25T15:39:25,001  INFO ModeChoiceCoverageControlerListener:144 -- mode choice coverage (5x) of mode car = 0.4607460385157967
2026-02-25T15:39:25,001  INFO ModeChoiceCoverageControlerListener:144 -- mode choice coverage (5x) of mode pt = 0.11981234211476001
2026-02-25T15:39:25,001  INFO ModeChoiceCoverageControlerListener:144 -- mode choice coverage (5x) of mode walk = 0.28694924707194647
2026-02-25T15:39:25,001  INFO ModeChoiceCoverageControlerListener:144 -- mode choice coverage (10x) of mode car = 0.0
2026-02-25T15:39:25,001  INFO ModeChoiceCoverageControlerListener:144 -- mode choice coverage (10x) of mode pt = 0.0
2026-02-25T15:39:25,001  INFO ModeChoiceCoverageControlerListener:144 -- mode choice coverage (10x) of mode walk = 0.0
2026-02-25T15:39:25,188  INFO ControlerListenerManagerImpl:180 calling notifyIterationEnds on org.matsim.analysis.ModeStatsControlerListener with priority 0.0
2026-02-25T15:39:25,241  INFO ModeStatsControlerListener:133 Mode shares over all 60962.0 trips found. MainModeIdentifier: class org.matsim.core.router.DefaultAnalysisMainModeIdentifier
2026-02-25T15:39:25,242  INFO ModeStatsControlerListener:140 -- mode share of mode car = 0.48773006134969327
2026-02-25T15:39:25,242  INFO ModeStatsControlerListener:140 -- mode share of mode pt = 0.15196351825727503
2026-02-25T15:39:25,242  INFO ModeStatsControlerListener:140 -- mode share of mode walk = 0.36030642039303173
2026-02-25T15:39:25,352  INFO ControlerListenerManagerImpl:180 calling notifyIterationEnds on org.matsim.analysis.ScoreStatsControlerListener with priority 0.0
2026-02-25T15:39:25,357  INFO ScoreStatsControlerListener:154 -- avg. score of the executed plan of each agent: 125.24332984639551
2026-02-25T15:39:25,357  INFO ScoreStatsControlerListener:155 -- avg. score of the worst plan of each agent: 121.0312868067412
2026-02-25T15:39:25,357  INFO ScoreStatsControlerListener:156 -- avg. of the avg. plan score per agent: 123.56296882845885
2026-02-25T15:39:25,357  INFO ScoreStatsControlerListener:157 -- avg. score of the best plan of each agent: 125.73446988980527
2026-02-25T15:39:25,406  INFO ControlerListenerManagerImpl:180 calling notifyIterationEnds on org.matsim.analysis.IterationTravelStatsControlerListener with priority 0.0
2026-02-25T15:39:25,433  INFO TravelDistanceStats:115 -- average leg distance per plan (executed plans only): 3387.8636996325863 meters
2026-02-25T15:39:25,433  INFO TravelDistanceStats:116 average leg distance per Person (executed plans only): 8835.054147954275 meters (statistic on all 79490 legs which have a finite distance)
2026-02-25T15:39:25,433  INFO TravelDistanceStats:117 -- average trip distance per plan (executed plans only): 4417.527073977138 meters
2026-02-25T15:39:25,433  INFO TravelDistanceStats:118 average trip distance per Person (executed plans only): 8835.054147954275 meters (statistic on all 60962 trips which have a finite distance)
2026-02-25T15:39:25,433  INFO TravelDistanceStats:119 (TravelDistanceStats takes an average over all legs where the simulation reports travelled (network) distances
2026-02-25T15:39:25,434  INFO TravelDistanceStats:120 (and teleported legs whose route contains a distance.)
2026-02-25T15:39:25,561  INFO ControlerListenerManagerImpl:180 calling notifyIterationEnds on org.matsim.analysis.LegTimesControlerListener with priority 0.0
2026-02-25T15:39:25,562  INFO EventsManagerImpl:164 removing Event-Handler: org.matsim.analysis.CalcLegTimes
2026-02-25T15:39:25,562  INFO EventsManagerImpl:164 removing Event-Handler: org.matsim.analysis.CalcLegTimes
2026-02-25T15:39:25,562  INFO ControlerListenerManagerImpl:180 calling notifyIterationEnds on org.matsim.analysis.LegHistogramListener with priority 0.0
2026-02-25T15:39:25,565  INFO LegHistogramListener:78 number of legs:	556430	100%
2026-02-25T15:39:25,566  INFO LegHistogramListener:85 number of car legs:	208131	37.404704994338914%
2026-02-25T15:39:25,566  INFO LegHistogramListener:85 number of pt legs:	64848	11.654296137878978%
2026-02-25T15:39:25,566  INFO LegHistogramListener:85 number of walk legs:	283451	50.94099886778211%
2026-02-25T15:39:25,841  INFO ControlerListenerManagerImpl:180 calling notifyIterationEnds on org.matsim.analysis.LinkStatsControlerListener with priority 0.0
2026-02-25T15:39:25,841  INFO ControlerListenerManagerImpl:184 [it.5] all ControlerIterationEndsListeners called.
2026-02-25T15:39:25,904  INFO AbstractController:184 ### ITERATION 5 ENDS
2026-02-25T15:39:25,904  INFO AbstractController:185 ###################################################
2026-02-25T15:39:25,904  INFO AbstractController:136 ###################################################
2026-02-25T15:39:25,904  INFO AbstractController:137 ### ITERATION 6 BEGINS
2026-02-25T15:39:25,906  INFO ControlerListenerManagerImpl:156 calling notifyIterationStarts on org.matsim.analysis.LegTimesControlerListener with priority 0.0
2026-02-25T15:39:25,906  INFO EventsManagerImpl:139 === Logging of event-handlers skipped ===
2026-02-25T15:39:25,906  INFO EventsManagerImpl:140 To enable debug output, set an environment variable i.e. export LOG_LEVEL='debug', or set log.setLogLevel(Level.DEBUG) in your run class.
2026-02-25T15:39:25,906  INFO EventsManagerImpl:210     > org.matsim.api.core.v01.events.PersonDepartureEvent
2026-02-25T15:39:25,907  INFO EventsManagerImpl:210     > org.matsim.api.core.v01.events.PersonArrivalEvent
2026-02-25T15:39:25,907  INFO EventsManagerImpl:210     > org.matsim.api.core.v01.events.ActivityEndEvent
2026-02-25T15:39:25,907  INFO EventsManagerImpl:210     > org.matsim.api.core.v01.events.ActivityStartEvent
2026-02-25T15:39:25,907  INFO EventsManagerImpl:139 === Logging of event-handlers skipped ===
2026-02-25T15:39:25,907  INFO EventsManagerImpl:140 To enable debug output, set an environment variable i.e. export LOG_LEVEL='debug', or set log.setLogLevel(Level.DEBUG) in your run class.
2026-02-25T15:39:25,907  INFO EventsManagerImpl:210     > org.matsim.api.core.v01.events.PersonDepartureEvent
2026-02-25T15:39:25,908  INFO EventsManagerImpl:210     > org.matsim.api.core.v01.events.PersonArrivalEvent
2026-02-25T15:39:25,908  INFO EventsManagerImpl:210     > org.matsim.api.core.v01.events.ActivityEndEvent
2026-02-25T15:39:25,908  INFO EventsManagerImpl:210     > org.matsim.api.core.v01.events.ActivityStartEvent
2026-02-25T15:39:25,908  INFO ControlerListenerManagerImpl:156 calling notifyIterationStarts on org.matsim.analysis.LegHistogramListener with priority 0.0
2026-02-25T15:39:25,908  INFO EventsManagerImpl:139 === Logging of event-handlers skipped ===
2026-02-25T15:39:25,908  INFO EventsManagerImpl:140 To enable debug output, set an environment variable i.e. export LOG_LEVEL='debug', or set log.setLogLevel(Level.DEBUG) in your run class.
2026-02-25T15:39:25,909  INFO EventsManagerImpl:210     > org.matsim.api.core.v01.events.PersonDepartureEvent
2026-02-25T15:39:25,909  INFO EventsManagerImpl:210     > org.matsim.api.core.v01.events.PersonArrivalEvent
2026-02-25T15:39:25,909  INFO EventsManagerImpl:210     > org.matsim.api.core.v01.events.PersonStuckEvent
2026-02-25T15:39:25,909  INFO EventsManagerImpl:139 === Logging of event-handlers skipped ===
2026-02-25T15:39:25,909  INFO EventsManagerImpl:140 To enable debug output, set an environment variable i.e. export LOG_LEVEL='debug', or set log.setLogLevel(Level.DEBUG) in your run class.
2026-02-25T15:39:25,910  INFO EventsManagerImpl:210     > org.matsim.api.core.v01.events.PersonDepartureEvent
2026-02-25T15:39:25,910  INFO EventsManagerImpl:210     > org.matsim.api.core.v01.events.PersonArrivalEvent
2026-02-25T15:39:25,910  INFO EventsManagerImpl:210     > org.matsim.api.core.v01.events.PersonStuckEvent
2026-02-25T15:39:25,910  INFO ControlerListenerManagerImpl:156 calling notifyIterationStarts on org.matsim.analysis.LinkStatsControlerListener with priority 0.0
2026-02-25T15:39:25,910  INFO ControlerListenerManagerImpl:156 calling notifyIterationStarts on org.matsim.core.replanning.ReplanningContextImpl with priority 0.0
2026-02-25T15:39:25,911  INFO ControlerListenerManagerImpl:156 calling notifyIterationStarts on org.matsim.core.scoring.ScoringFunctionsForPopulation$$Lambda/0x000001a9da52eeb0 with priority 0.0
2026-02-25T15:39:25,929  INFO ControlerListenerManagerImpl:156 calling notifyIterationStarts on org.matsim.core.scoring.ExperiencedPlansServiceImpl$1 with priority 0.0
2026-02-25T15:39:25,930  INFO ControlerListenerManagerImpl:159 [it.6] all ControlerIterationStartsListeners called.
2026-02-25T15:39:25,931  INFO ControlerListenerManagerImpl:221 calling notifyReplanning on org.matsim.core.controler.corelisteners.PlansReplanningImpl with priority 0.0
2026-02-25T15:39:25,931  WARN NetworkRoutingProvider:137 [mode: car; routingMode: car] Using deprecated routing module without access/egress. Consider using AccessEgressNetworkRouter instead.
2026-02-25T15:39:25,932  WARN NetworkRoutingProvider:137 [mode: car; routingMode: car] Using deprecated routing module without access/egress. Consider using AccessEgressNetworkRouter instead.
2026-02-25T15:39:25,933  INFO ChooseRandomLegModeForSubtour:137 Chain based modes: [car]
2026-02-25T15:39:25,933  INFO ChooseRandomLegModeForSubtour:137 Chain based modes: [car]
2026-02-25T15:39:25,969  INFO GenericPlanStrategyImpl:135 Plan-Strategy finished, 24264 plans handled. Strategy: BestPlanSelector
2026-02-25T15:39:25,970  INFO AbstractMultithreadedModule:142 [PlanRouter] starting 2 threads, handling 3126 plans
2026-02-25T15:39:25,970  INFO Counter:70 [PlanRouter] handled plan # 2
2026-02-25T15:39:25,970  INFO Counter:70 [PlanRouter] handled plan # 1
2026-02-25T15:39:25,971  INFO Counter:70 [PlanRouter] handled plan # 4
2026-02-25T15:39:25,971  INFO Counter:70 [PlanRouter] handled plan # 8
2026-02-25T15:39:25,973  INFO Counter:70 [PlanRouter] handled plan # 16
2026-02-25T15:39:25,975  INFO Counter:70 [PlanRouter] handled plan # 32
2026-02-25T15:39:25,979  INFO Counter:70 [PlanRouter] handled plan # 64
2026-02-25T15:39:25,986  INFO Counter:70 [PlanRouter] handled plan # 128
2026-02-25T15:39:25,996  INFO Counter:70 [PlanRouter] handled plan # 256
2026-02-25T15:39:26,021  INFO Counter:70 [PlanRouter] handled plan # 512
2026-02-25T15:39:26,063  INFO Counter:70 [PlanRouter] handled plan # 1024
2026-02-25T15:39:26,148  INFO Counter:70 [PlanRouter] handled plan # 2048
2026-02-25T15:39:26,232  INFO AbstractMultithreadedModule:157 [PlanRouter] all 2 threads finished.
2026-02-25T15:39:26,232  INFO GenericPlanStrategyImpl:135 Plan-Strategy finished, 3126 plans handled. Strategy: RandomPlanSelector_ReRoute
2026-02-25T15:39:26,232  INFO AbstractMultithreadedModule:142 [ChooseRandomLegModeForSubtour] starting 2 threads, handling 3091 plans
2026-02-25T15:39:26,233  INFO Counter:70 [ChooseRandomLegModeForSubtour] handled plan # 2
2026-02-25T15:39:26,233  INFO Counter:70 [ChooseRandomLegModeForSubtour] handled plan # 1
2026-02-25T15:39:26,233  INFO Counter:70 [ChooseRandomLegModeForSubtour] handled plan # 8
2026-02-25T15:39:26,233  INFO Counter:70 [ChooseRandomLegModeForSubtour] handled plan # 4
2026-02-25T15:39:26,234  INFO Counter:70 [ChooseRandomLegModeForSubtour] handled plan # 16
2026-02-25T15:39:26,234  INFO Counter:70 [ChooseRandomLegModeForSubtour] handled plan # 32
2026-02-25T15:39:26,234  INFO Counter:70 [ChooseRandomLegModeForSubtour] handled plan # 64
2026-02-25T15:39:26,234  INFO Counter:70 [ChooseRandomLegModeForSubtour] handled plan # 128
2026-02-25T15:39:26,235  INFO Counter:70 [ChooseRandomLegModeForSubtour] handled plan # 256
2026-02-25T15:39:26,236  INFO Counter:70 [ChooseRandomLegModeForSubtour] handled plan # 512
2026-02-25T15:39:26,237  INFO Counter:70 [ChooseRandomLegModeForSubtour] handled plan # 1024
2026-02-25T15:39:26,240  INFO Counter:70 [ChooseRandomLegModeForSubtour] handled plan # 2048
2026-02-25T15:39:26,243  INFO AbstractMultithreadedModule:157 [ChooseRandomLegModeForSubtour] all 2 threads finished.
2026-02-25T15:39:26,244  WARN NetworkRoutingProvider:137 [mode: car; routingMode: car] Using deprecated routing module without access/egress. Consider using AccessEgressNetworkRouter instead.
2026-02-25T15:39:26,244  WARN NetworkRoutingProvider:137 [mode: car; routingMode: car] Using deprecated routing module without access/egress. Consider using AccessEgressNetworkRouter instead.
2026-02-25T15:39:26,246  INFO AbstractMultithreadedModule:142 [PlanRouter] starting 2 threads, handling 3091 plans
2026-02-25T15:39:26,247  INFO Counter:70 [PlanRouter] handled plan # 1
2026-02-25T15:39:26,248  INFO Counter:70 [PlanRouter] handled plan # 2
2026-02-25T15:39:26,248  INFO Counter:70 [PlanRouter] handled plan # 4
2026-02-25T15:39:26,249  INFO Counter:70 [PlanRouter] handled plan # 8
2026-02-25T15:39:26,249  INFO Counter:70 [PlanRouter] handled plan # 16
2026-02-25T15:39:26,250  INFO Counter:70 [PlanRouter] handled plan # 32
2026-02-25T15:39:26,250  INFO Counter:70 [PlanRouter] handled plan # 64
2026-02-25T15:39:26,253  INFO Counter:70 [PlanRouter] handled plan # 128
2026-02-25T15:39:26,256  INFO Counter:70 [PlanRouter] handled plan # 256
2026-02-25T15:39:26,264  INFO Counter:70 [PlanRouter] handled plan # 512
2026-02-25T15:39:26,309  INFO Counter:70 [PlanRouter] handled plan # 1024
2026-02-25T15:39:26,338  INFO Counter:70 [PlanRouter] handled plan # 2048
2026-02-25T15:39:26,366  INFO AbstractMultithreadedModule:157 [PlanRouter] all 2 threads finished.
2026-02-25T15:39:26,367  INFO GenericPlanStrategyImpl:135 Plan-Strategy finished, 3091 plans handled. Strategy: RandomPlanSelector_SubtourModeChoice_ReRoute
2026-02-25T15:39:26,367  INFO ControlerListenerManagerImpl:230 [it.6] all ControlerReplanningListeners called.
2026-02-25T15:39:26,367  INFO ControlerListenerManagerImpl:242 calling notifyBeforeMobsim on org.matsim.core.controler.corelisteners.EventsHandlingImpl with priority 0.0
2026-02-25T15:39:26,368  INFO EventsManagerImpl:173 resetting Event-Handlers
2026-02-25T15:39:26,368  INFO EventsManagerImpl:180   org.matsim.core.trafficmonitoring.TravelTimeCalculator
2026-02-25T15:39:26,369  INFO EventsManagerImpl:180   org.matsim.analysis.VolumesAnalyzer
2026-02-25T15:39:26,369  INFO EventsManagerImpl:180   org.matsim.core.scoring.ScoringFunctionsForPopulation
2026-02-25T15:39:26,370  INFO EventsManagerImpl:180   org.matsim.analysis.LegHistogram
2026-02-25T15:39:26,370  INFO EventsManagerImpl:180   org.matsim.analysis.CalcLegTimes
2026-02-25T15:39:26,370  INFO EventsManagerImpl:180   ch.sbb.matsim.routing.pt.raptor.SwissRailRaptorFactory$$Lambda/0x000001a9da5de1f0
2026-02-25T15:39:26,370  INFO ControlerListenerManagerImpl:242 calling notifyBeforeMobsim on org.matsim.core.controler.corelisteners.PlansDumpingImpl with priority 0.0
2026-02-25T15:39:26,370  INFO ControlerListenerManagerImpl:248 calling notifyBeforeMobsim on org.matsim.core.population.VspPlansCleaner with priority 0.0
2026-02-25T15:39:26,388  INFO ControlerListenerManagerImpl:251 [it.6] all ControlerBeforeMobsimListeners called.
2026-02-25T15:39:26,389  INFO PrepareForMobsimImpl:86 Network seems to be multimodal. Create car-only network which is handed over to PersonPrepareForSim.
2026-02-25T15:39:26,390  INFO NetworkImpl:165  node # 1
2026-02-25T15:39:26,390  INFO NetworkImpl:165  node # 4
2026-02-25T15:39:26,390  INFO NetworkImpl:165  node # 16
2026-02-25T15:39:26,390  INFO NetworkImpl:165  node # 64
2026-02-25T15:39:26,390  INFO NetworkImpl:165  node # 256
2026-02-25T15:39:26,391  INFO NetworkImpl:165  node # 1024
2026-02-25T15:39:26,391  INFO NetworkImpl:161  link # 1
2026-02-25T15:39:26,392  INFO NetworkImpl:161  link # 4
2026-02-25T15:39:26,392  INFO NetworkImpl:161  link # 16
2026-02-25T15:39:26,392  INFO NetworkImpl:161  link # 64
2026-02-25T15:39:26,393  INFO NetworkImpl:161  link # 256
2026-02-25T15:39:26,394  INFO NetworkImpl:161  link # 1024
2026-02-25T15:39:26,399  WARN NetworkRoutingProvider:137 [mode: car; routingMode: car] Using deprecated routing module without access/egress. Consider using AccessEgressNetworkRouter instead.
2026-02-25T15:39:26,400  WARN NetworkRoutingProvider:137 [mode: car; routingMode: car] Using deprecated routing module without access/egress. Consider using AccessEgressNetworkRouter instead.
2026-02-25T15:39:26,403  INFO Counter:70 [PersonPrepareForSim] handled person # 1
2026-02-25T15:39:26,403  INFO Counter:70 [PersonPrepareForSim] handled person # 2
2026-02-25T15:39:26,404  INFO Counter:70 [PersonPrepareForSim] handled person # 4
2026-02-25T15:39:26,404  INFO Counter:70 [PersonPrepareForSim] handled person # 8
2026-02-25T15:39:26,404  INFO Counter:70 [PersonPrepareForSim] handled person # 16
2026-02-25T15:39:26,404  INFO Counter:70 [PersonPrepareForSim] handled person # 32
2026-02-25T15:39:26,404  INFO Counter:70 [PersonPrepareForSim] handled person # 64
2026-02-25T15:39:26,404  INFO Counter:70 [PersonPrepareForSim] handled person # 128
2026-02-25T15:39:26,405  INFO Counter:70 [PersonPrepareForSim] handled person # 256
2026-02-25T15:39:26,406  INFO Counter:70 [PersonPrepareForSim] handled person # 512
2026-02-25T15:39:26,408  INFO Counter:70 [PersonPrepareForSim] handled person # 1024
2026-02-25T15:39:26,412  INFO Counter:70 [PersonPrepareForSim] handled person # 2048
2026-02-25T15:39:26,420  INFO Counter:70 [PersonPrepareForSim] handled person # 4096
2026-02-25T15:39:26,436  INFO Counter:70 [PersonPrepareForSim] handled person # 8192
2026-02-25T15:39:26,462  INFO Counter:70 [PersonPrepareForSim] handled person # 16384
2026-02-25T15:39:26,504  INFO Counter:75 [PersonPrepareForSim] handled person # 30481
2026-02-25T15:39:26,516  INFO MobsimListenerManager:50 calling addQueueSimulationListener
2026-02-25T15:39:26,517  INFO MobsimListenerManager:54   assigned class org.matsim.core.mobsim.framework.listeners.MobsimListener to interface org.matsim.vis.snapshotwriters.SnapshotWriterManager
2026-02-25T15:39:26,517  INFO MobsimListenerManager:54   assigned class org.matsim.core.mobsim.framework.listeners.MobsimListener to interface org.matsim.core.mobsim.framework.listeners.MobsimInitializedListener
2026-02-25T15:39:26,517  INFO MobsimListenerManager:54   assigned class org.matsim.core.mobsim.framework.listeners.MobsimListener to interface org.matsim.core.mobsim.framework.listeners.MobsimAfterSimStepListener
2026-02-25T15:39:26,517  INFO MobsimListenerManager:54   assigned class org.matsim.core.mobsim.framework.listeners.MobsimListener to interface org.matsim.core.mobsim.framework.listeners.MobsimBeforeCleanupListener
2026-02-25T15:39:26,517  INFO MobsimListenerManager:54   assigned class org.matsim.core.mobsim.framework.listeners.MobsimListener to interface org.matsim.core.mobsim.framework.listeners.MobsimListener
2026-02-25T15:39:26,518  INFO QSimProvider:131 Added MobsimEngine class org.matsim.core.mobsim.qsim.ActivityEngineDefaultImpl
2026-02-25T15:39:26,518  INFO QSimProvider:137 Added Activityhandler class org.matsim.core.mobsim.qsim.ActivityEngineDefaultImpl
2026-02-25T15:39:26,523  INFO QSimProvider:131 Added MobsimEngine class org.matsim.core.mobsim.qsim.qnetsimengine.QNetsimEngineWithThreadpool
2026-02-25T15:39:26,523  INFO QSimProvider:143 Added DepartureHandler class org.matsim.core.mobsim.qsim.qnetsimengine.NetworkModeDepartureHandlerDefaultImpl
2026-02-25T15:39:26,523  INFO QSimProvider:131 Added MobsimEngine class org.matsim.core.mobsim.qsim.DefaultTeleportationEngine
2026-02-25T15:39:26,523  INFO QSimProvider:143 Added DepartureHandler class org.matsim.core.mobsim.qsim.DefaultTeleportationEngine
2026-02-25T15:39:26,523  INFO QSimProvider:149 Added AgentSource class org.matsim.core.mobsim.qsim.agents.PopulationAgentSource
2026-02-25T15:39:26,525  INFO MobsimListenerManager:50 calling addQueueSimulationListener
2026-02-25T15:39:26,525  INFO MobsimListenerManager:54   assigned class org.matsim.core.mobsim.framework.listeners.MobsimListener to interface org.matsim.core.mobsim.framework.listeners.MobsimBeforeSimStepListener
2026-02-25T15:39:26,525  INFO MobsimListenerManager:54   assigned class org.matsim.core.mobsim.framework.listeners.MobsimListener to interface org.matsim.core.mobsim.framework.listeners.MobsimListener
2026-02-25T15:39:26,525  INFO MobsimListenerManager:54   assigned class org.matsim.core.mobsim.framework.listeners.MobsimListener to interface org.matsim.core.mobsim.qsim.messagequeueengine.MessageQueueEngine
2026-02-25T15:39:26,525  INFO QSimProvider:155 Added MobsimListener class org.matsim.core.mobsim.qsim.messagequeueengine.MessageQueueEngine
2026-02-25T15:39:26,525  INFO QSimProvider:131 Added MobsimEngine class org.matsim.core.mobsim.qsim.pt.TransitQSimEngine
2026-02-25T15:39:26,525  INFO QSimProvider:143 Added DepartureHandler class org.matsim.core.mobsim.qsim.pt.TransitQSimEngine
2026-02-25T15:39:26,525  INFO QSimProvider:149 Added AgentSource class org.matsim.core.mobsim.qsim.pt.TransitQSimEngine
2026-02-25T15:39:26,591  INFO ReconstructingUmlaufBuilder:131 Generating UmlaufStuecke ...
2026-02-25T15:39:26,592  INFO ReconstructingUmlaufBuilder:144 ... done generating UmlaufStuecke
2026-02-25T15:39:26,597  INFO AbstractQNetsimEngine:418 Assigned 1137 nodes and 3009 links to QSimEngineRunner #0
2026-02-25T15:39:26,615  INFO AbstractQNetsimEngine:356 SIMULATION (QNetsimEngine) AT 06:00:00 : #links=0 #nodes=2
2026-02-25T15:39:26,615  INFO QSim:552 SIMULATION (NEW QSim) AT 06:00:00 : #Veh=30823 lost=0 simT=0.0s realT=0s; (s/r): 0.0
2026-02-25T15:39:26,841  INFO AbstractQNetsimEngine:356 SIMULATION (QNetsimEngine) AT 07:00:00 : #links=4 #nodes=2
2026-02-25T15:39:26,841  INFO QSim:552 SIMULATION (NEW QSim) AT 07:00:00 : #Veh=30807 lost=0 simT=3600.0s realT=0s; (s/r): Infinity
2026-02-25T15:39:28,059  INFO AbstractQNetsimEngine:356 SIMULATION (QNetsimEngine) AT 08:00:00 : #links=519 #nodes=77
2026-02-25T15:39:28,060  INFO QSim:552 SIMULATION (NEW QSim) AT 08:00:00 : #Veh=30787 lost=0 simT=7200.0s realT=1s; (s/r): 7200.0
2026-02-25T15:39:29,632  INFO AbstractQNetsimEngine:356 SIMULATION (QNetsimEngine) AT 09:00:00 : #links=546 #nodes=70
2026-02-25T15:39:29,632  INFO QSim:552 SIMULATION (NEW QSim) AT 09:00:00 : #Veh=30767 lost=0 simT=10800.0s realT=3s; (s/r): 3600.0
2026-02-25T15:39:30,246  INFO AbstractQNetsimEngine:356 SIMULATION (QNetsimEngine) AT 10:00:00 : #links=44 #nodes=8
2026-02-25T15:39:30,246  INFO QSim:552 SIMULATION (NEW QSim) AT 10:00:00 : #Veh=30747 lost=0 simT=14400.0s realT=3s; (s/r): 4800.0
2026-02-25T15:39:30,760  INFO AbstractQNetsimEngine:356 SIMULATION (QNetsimEngine) AT 11:00:00 : #links=163 #nodes=16
2026-02-25T15:39:30,760  INFO QSim:552 SIMULATION (NEW QSim) AT 11:00:00 : #Veh=30727 lost=0 simT=18000.0s realT=4s; (s/r): 4500.0
2026-02-25T15:39:31,268  INFO AbstractQNetsimEngine:356 SIMULATION (QNetsimEngine) AT 12:00:00 : #links=170 #nodes=20
2026-02-25T15:39:31,268  INFO QSim:552 SIMULATION (NEW QSim) AT 12:00:00 : #Veh=30707 lost=0 simT=21600.0s realT=4s; (s/r): 5400.0
2026-02-25T15:39:31,855  INFO AbstractQNetsimEngine:356 SIMULATION (QNetsimEngine) AT 13:00:00 : #links=236 #nodes=19
2026-02-25T15:39:31,855  INFO QSim:552 SIMULATION (NEW QSim) AT 13:00:00 : #Veh=30357 lost=0 simT=25200.0s realT=5s; (s/r): 5040.0
2026-02-25T15:39:32,511  INFO AbstractQNetsimEngine:356 SIMULATION (QNetsimEngine) AT 14:00:00 : #links=229 #nodes=21
2026-02-25T15:39:32,511  INFO QSim:552 SIMULATION (NEW QSim) AT 14:00:00 : #Veh=29450 lost=0 simT=28800.0s realT=5s; (s/r): 5760.0
2026-02-25T15:39:33,220  INFO AbstractQNetsimEngine:356 SIMULATION (QNetsimEngine) AT 15:00:00 : #links=301 #nodes=38
2026-02-25T15:39:33,220  INFO QSim:552 SIMULATION (NEW QSim) AT 15:00:00 : #Veh=28040 lost=0 simT=32400.0s realT=6s; (s/r): 5400.0
2026-02-25T15:39:33,754  INFO AbstractQNetsimEngine:356 SIMULATION (QNetsimEngine) AT 16:00:00 : #links=106 #nodes=10
2026-02-25T15:39:33,754  INFO QSim:552 SIMULATION (NEW QSim) AT 16:00:00 : #Veh=26409 lost=0 simT=36000.0s realT=7s; (s/r): 5142.857142857143
2026-02-25T15:39:34,726  INFO AbstractQNetsimEngine:356 SIMULATION (QNetsimEngine) AT 17:00:00 : #links=462 #nodes=67
2026-02-25T15:39:34,726  INFO QSim:552 SIMULATION (NEW QSim) AT 17:00:00 : #Veh=22046 lost=0 simT=39600.0s realT=8s; (s/r): 4950.0
2026-02-25T15:39:35,656  INFO EventsManagerImpl:116  event # 16777216
2026-02-25T15:39:35,946  INFO AbstractQNetsimEngine:356 SIMULATION (QNetsimEngine) AT 18:00:00 : #links=472 #nodes=62
2026-02-25T15:39:35,947  INFO QSim:552 SIMULATION (NEW QSim) AT 18:00:00 : #Veh=14669 lost=0 simT=43200.0s realT=9s; (s/r): 4800.0
2026-02-25T15:39:37,917  INFO AbstractQNetsimEngine:356 SIMULATION (QNetsimEngine) AT 19:00:00 : #links=450 #nodes=76
2026-02-25T15:39:37,917  INFO QSim:552 SIMULATION (NEW QSim) AT 19:00:00 : #Veh=6641 lost=0 simT=46800.0s realT=11s; (s/r): 4254.545454545455
2026-02-25T15:39:38,716  INFO AbstractQNetsimEngine:356 SIMULATION (QNetsimEngine) AT 20:00:00 : #links=130 #nodes=11
2026-02-25T15:39:38,716  INFO QSim:552 SIMULATION (NEW QSim) AT 20:00:00 : #Veh=1636 lost=0 simT=50400.0s realT=12s; (s/r): 4200.0
2026-02-25T15:39:39,107  INFO AbstractQNetsimEngine:356 SIMULATION (QNetsimEngine) AT 21:00:00 : #links=5 #nodes=1
2026-02-25T15:39:39,108  INFO QSim:552 SIMULATION (NEW QSim) AT 21:00:00 : #Veh=271 lost=0 simT=54000.0s realT=12s; (s/r): 4500.0
2026-02-25T15:39:39,368  INFO AbstractQNetsimEngine:356 SIMULATION (QNetsimEngine) AT 22:00:00 : #links=4 #nodes=2
2026-02-25T15:39:39,368  INFO QSim:552 SIMULATION (NEW QSim) AT 22:00:00 : #Veh=43 lost=0 simT=57600.0s realT=12s; (s/r): 4800.0
2026-02-25T15:39:39,620  INFO AbstractQNetsimEngine:356 SIMULATION (QNetsimEngine) AT 23:00:00 : #links=4 #nodes=2
2026-02-25T15:39:39,620  INFO QSim:552 SIMULATION (NEW QSim) AT 23:00:00 : #Veh=6 lost=0 simT=61200.0s realT=13s; (s/r): 4707.692307692308
2026-02-25T15:39:39,673  INFO Gbl:196 Thread performance: Thread=class org.matsim.core.events.SimStepParallelEventsManagerImpl$ProcessEventsRunnable0  cpu-time=5.328125sec
2026-02-25T15:39:39,673  INFO AbstractController$9:237 ### ITERATION 6 fires after mobsim event
2026-02-25T15:39:39,675  INFO ControlerListenerManagerImpl:269 calling notifyAfterMobsim on org.matsim.analysis.LegTimesControlerListener with priority 0.0
2026-02-25T15:39:39,676  INFO LegTimesControlerListener:73 [6] average leg duration is: 1798 seconds = 00:29:58
2026-02-25T15:39:39,676  INFO ControlerListenerManagerImpl:269 calling notifyAfterMobsim on org.matsim.core.events.MobsimScopeEventHandling with priority 0.0
2026-02-25T15:39:39,677  INFO ControlerListenerManagerImpl:269 calling notifyAfterMobsim on org.matsim.core.scoring.EventsToActivities$1 with priority 0.0
2026-02-25T15:39:39,706  INFO ControlerListenerManagerImpl:272 [it.6] all ControlerAfterMobsimListeners called.
2026-02-25T15:39:39,707  INFO AbstractController$4:162 ### ITERATION 6 fires scoring event
2026-02-25T15:39:39,707  INFO ControlerListenerManagerImpl:197 calling notifyScoring on org.matsim.core.scoring.PlansScoringImpl with priority 0.0
2026-02-25T15:39:39,723  INFO NewScoreAssignerImpl:60 it: 6 msaStart: null
2026-02-25T15:39:39,737  INFO ControlerListenerManagerImpl:209 [it.6] all ControlerScoringListeners called.
2026-02-25T15:39:39,738  INFO AbstractController$5:170 ### ITERATION 6 fires iteration end event
2026-02-25T15:39:39,738  INFO ControlerListenerManagerImpl:172 calling notifyIterationEnds on org.matsim.core.controler.corelisteners.EventsHandlingImpl with priority 0.0
2026-02-25T15:39:39,738  INFO ControlerListenerManagerImpl:172 calling notifyIterationEnds on org.matsim.core.scoring.PlansScoringImpl with priority 0.0
2026-02-25T15:39:39,747  INFO ControlerListenerManagerImpl:180 calling notifyIterationEnds on org.matsim.counts.CountsControlerListener with priority 0.0
2026-02-25T15:39:39,748  INFO ControlerListenerManagerImpl:180 calling notifyIterationEnds on org.matsim.analysis.ModeChoiceCoverageControlerListener with priority 0.0
2026-02-25T15:39:39,819  INFO ModeChoiceCoverageControlerListener:144 -- mode choice coverage (1x) of mode car = 0.6155473901774876
2026-02-25T15:39:39,819  INFO ModeChoiceCoverageControlerListener:144 -- mode choice coverage (1x) of mode pt = 0.24854827597519766
2026-02-25T15:39:39,819  INFO ModeChoiceCoverageControlerListener:144 -- mode choice coverage (1x) of mode walk = 0.5436993536957448
2026-02-25T15:39:39,820  INFO ModeChoiceCoverageControlerListener:144 -- mode choice coverage (5x) of mode car = 0.49770348741839177
2026-02-25T15:39:39,820  INFO ModeChoiceCoverageControlerListener:144 -- mode choice coverage (5x) of mode pt = 0.1293920803123257
2026-02-25T15:39:39,820  INFO ModeChoiceCoverageControlerListener:144 -- mode choice coverage (5x) of mode walk = 0.30315606443358156
2026-02-25T15:39:39,820  INFO ModeChoiceCoverageControlerListener:144 -- mode choice coverage (10x) of mode car = 0.0
2026-02-25T15:39:39,821  INFO ModeChoiceCoverageControlerListener:144 -- mode choice coverage (10x) of mode pt = 0.0
2026-02-25T15:39:39,821  INFO ModeChoiceCoverageControlerListener:144 -- mode choice coverage (10x) of mode walk = 0.0
2026-02-25T15:39:40,024  INFO ControlerListenerManagerImpl:180 calling notifyIterationEnds on org.matsim.analysis.ModeStatsControlerListener with priority 0.0
2026-02-25T15:39:40,083  INFO ModeStatsControlerListener:133 Mode shares over all 60962.0 trips found. MainModeIdentifier: class org.matsim.core.router.DefaultAnalysisMainModeIdentifier
2026-02-25T15:39:40,084  INFO ModeStatsControlerListener:140 -- mode share of mode car = 0.4934713428037138
2026-02-25T15:39:40,084  INFO ModeStatsControlerListener:140 -- mode share of mode pt = 0.15148781207965617
2026-02-25T15:39:40,084  INFO ModeStatsControlerListener:140 -- mode share of mode walk = 0.35504084511663003
2026-02-25T15:39:40,197  INFO ControlerListenerManagerImpl:180 calling notifyIterationEnds on org.matsim.analysis.ScoreStatsControlerListener with priority 0.0
2026-02-25T15:39:40,204  INFO ScoreStatsControlerListener:154 -- avg. score of the executed plan of each agent: 125.45612607634237
2026-02-25T15:39:40,205  INFO ScoreStatsControlerListener:155 -- avg. score of the worst plan of each agent: 120.85481705242917
2026-02-25T15:39:40,205  INFO ScoreStatsControlerListener:156 -- avg. of the avg. plan score per agent: 123.64292279550428
2026-02-25T15:39:40,205  INFO ScoreStatsControlerListener:157 -- avg. score of the best plan of each agent: 126.01657234313663
2026-02-25T15:39:40,254  INFO ControlerListenerManagerImpl:180 calling notifyIterationEnds on org.matsim.analysis.IterationTravelStatsControlerListener with priority 0.0
2026-02-25T15:39:40,284  INFO TravelDistanceStats:115 -- average leg distance per plan (executed plans only): 3419.702387211379 meters
2026-02-25T15:39:40,284  INFO TravelDistanceStats:116 average leg distance per Person (executed plans only): 8911.577704831674 meters (statistic on all 79432 legs which have a finite distance)
2026-02-25T15:39:40,284  INFO TravelDistanceStats:117 -- average trip distance per plan (executed plans only): 4455.788852415837 meters
2026-02-25T15:39:40,284  INFO TravelDistanceStats:118 average trip distance per Person (executed plans only): 8911.577704831674 meters (statistic on all 60962 trips which have a finite distance)
2026-02-25T15:39:40,284  INFO TravelDistanceStats:119 (TravelDistanceStats takes an average over all legs where the simulation reports travelled (network) distances
2026-02-25T15:39:40,285  INFO TravelDistanceStats:120 (and teleported legs whose route contains a distance.)
2026-02-25T15:39:40,413  INFO ControlerListenerManagerImpl:180 calling notifyIterationEnds on org.matsim.analysis.LegTimesControlerListener with priority 0.0
2026-02-25T15:39:40,413  INFO EventsManagerImpl:164 removing Event-Handler: org.matsim.analysis.CalcLegTimes
2026-02-25T15:39:40,414  INFO EventsManagerImpl:164 removing Event-Handler: org.matsim.analysis.CalcLegTimes
2026-02-25T15:39:40,414  INFO ControlerListenerManagerImpl:180 calling notifyIterationEnds on org.matsim.analysis.LegHistogramListener with priority 0.0
2026-02-25T15:39:40,418  INFO LegHistogramListener:78 number of legs:	635456	100%
2026-02-25T15:39:40,419  INFO LegHistogramListener:85 number of car legs:	240664	37.87264578507403%
2026-02-25T15:39:40,419  INFO LegHistogramListener:85 number of pt legs:	73880	11.62629670661698%
2026-02-25T15:39:40,420  INFO LegHistogramListener:85 number of walk legs:	320912	50.501057508308996%
2026-02-25T15:39:40,692  INFO ControlerListenerManagerImpl:180 calling notifyIterationEnds on org.matsim.analysis.LinkStatsControlerListener with priority 0.0
2026-02-25T15:39:40,693  INFO ControlerListenerManagerImpl:184 [it.6] all ControlerIterationEndsListeners called.
2026-02-25T15:39:40,758  INFO AbstractController:184 ### ITERATION 6 ENDS
2026-02-25T15:39:40,758  INFO AbstractController:185 ###################################################
2026-02-25T15:39:40,758  INFO AbstractController:136 ###################################################
2026-02-25T15:39:40,758  INFO AbstractController:137 ### ITERATION 7 BEGINS
2026-02-25T15:39:40,760  INFO ControlerListenerManagerImpl:156 calling notifyIterationStarts on org.matsim.analysis.LegTimesControlerListener with priority 0.0
2026-02-25T15:39:40,760  INFO EventsManagerImpl:139 === Logging of event-handlers skipped ===
2026-02-25T15:39:40,760  INFO EventsManagerImpl:140 To enable debug output, set an environment variable i.e. export LOG_LEVEL='debug', or set log.setLogLevel(Level.DEBUG) in your run class.
2026-02-25T15:39:40,760  INFO EventsManagerImpl:210     > org.matsim.api.core.v01.events.PersonDepartureEvent
2026-02-25T15:39:40,761  INFO EventsManagerImpl:210     > org.matsim.api.core.v01.events.PersonArrivalEvent
2026-02-25T15:39:40,761  INFO EventsManagerImpl:210     > org.matsim.api.core.v01.events.ActivityEndEvent
2026-02-25T15:39:40,761  INFO EventsManagerImpl:210     > org.matsim.api.core.v01.events.ActivityStartEvent
2026-02-25T15:39:40,761  INFO EventsManagerImpl:139 === Logging of event-handlers skipped ===
2026-02-25T15:39:40,761  INFO EventsManagerImpl:140 To enable debug output, set an environment variable i.e. export LOG_LEVEL='debug', or set log.setLogLevel(Level.DEBUG) in your run class.
2026-02-25T15:39:40,761  INFO EventsManagerImpl:210     > org.matsim.api.core.v01.events.PersonDepartureEvent
2026-02-25T15:39:40,762  INFO EventsManagerImpl:210     > org.matsim.api.core.v01.events.PersonArrivalEvent
2026-02-25T15:39:40,762  INFO EventsManagerImpl:210     > org.matsim.api.core.v01.events.ActivityEndEvent
2026-02-25T15:39:40,762  INFO EventsManagerImpl:210     > org.matsim.api.core.v01.events.ActivityStartEvent
2026-02-25T15:39:40,762  INFO ControlerListenerManagerImpl:156 calling notifyIterationStarts on org.matsim.analysis.LegHistogramListener with priority 0.0
2026-02-25T15:39:40,763  INFO EventsManagerImpl:139 === Logging of event-handlers skipped ===
2026-02-25T15:39:40,763  INFO EventsManagerImpl:140 To enable debug output, set an environment variable i.e. export LOG_LEVEL='debug', or set log.setLogLevel(Level.DEBUG) in your run class.
2026-02-25T15:39:40,763  INFO EventsManagerImpl:210     > org.matsim.api.core.v01.events.PersonDepartureEvent
2026-02-25T15:39:40,763  INFO EventsManagerImpl:210     > org.matsim.api.core.v01.events.PersonArrivalEvent
2026-02-25T15:39:40,763  INFO EventsManagerImpl:210     > org.matsim.api.core.v01.events.PersonStuckEvent
2026-02-25T15:39:40,763  INFO EventsManagerImpl:139 === Logging of event-handlers skipped ===
2026-02-25T15:39:40,764  INFO EventsManagerImpl:140 To enable debug output, set an environment variable i.e. export LOG_LEVEL='debug', or set log.setLogLevel(Level.DEBUG) in your run class.
2026-02-25T15:39:40,764  INFO EventsManagerImpl:210     > org.matsim.api.core.v01.events.PersonDepartureEvent
2026-02-25T15:39:40,764  INFO EventsManagerImpl:210     > org.matsim.api.core.v01.events.PersonArrivalEvent
2026-02-25T15:39:40,764  INFO EventsManagerImpl:210     > org.matsim.api.core.v01.events.PersonStuckEvent
2026-02-25T15:39:40,764  INFO ControlerListenerManagerImpl:156 calling notifyIterationStarts on org.matsim.analysis.LinkStatsControlerListener with priority 0.0
2026-02-25T15:39:40,765  INFO ControlerListenerManagerImpl:156 calling notifyIterationStarts on org.matsim.core.replanning.ReplanningContextImpl with priority 0.0
2026-02-25T15:39:40,765  INFO ControlerListenerManagerImpl:156 calling notifyIterationStarts on org.matsim.core.scoring.ScoringFunctionsForPopulation$$Lambda/0x000001a9da52eeb0 with priority 0.0
2026-02-25T15:39:40,792  INFO ControlerListenerManagerImpl:156 calling notifyIterationStarts on org.matsim.core.scoring.ExperiencedPlansServiceImpl$1 with priority 0.0
2026-02-25T15:39:40,794  INFO ControlerListenerManagerImpl:159 [it.7] all ControlerIterationStartsListeners called.
2026-02-25T15:39:40,795  INFO ControlerListenerManagerImpl:221 calling notifyReplanning on org.matsim.core.controler.corelisteners.PlansReplanningImpl with priority 0.0
2026-02-25T15:39:40,796  WARN NetworkRoutingProvider:137 [mode: car; routingMode: car] Using deprecated routing module without access/egress. Consider using AccessEgressNetworkRouter instead.
2026-02-25T15:39:40,796  WARN NetworkRoutingProvider:137 [mode: car; routingMode: car] Using deprecated routing module without access/egress. Consider using AccessEgressNetworkRouter instead.
2026-02-25T15:39:40,797  INFO ChooseRandomLegModeForSubtour:137 Chain based modes: [car]
2026-02-25T15:39:40,797  INFO ChooseRandomLegModeForSubtour:137 Chain based modes: [car]
2026-02-25T15:39:40,839  INFO GenericPlanStrategyImpl:135 Plan-Strategy finished, 24444 plans handled. Strategy: BestPlanSelector
2026-02-25T15:39:40,839  INFO AbstractMultithreadedModule:142 [PlanRouter] starting 2 threads, handling 3009 plans
2026-02-25T15:39:40,841  INFO Counter:70 [PlanRouter] handled plan # 2
2026-02-25T15:39:40,841  INFO Counter:70 [PlanRouter] handled plan # 1
2026-02-25T15:39:40,841  INFO Counter:70 [PlanRouter] handled plan # 4
2026-02-25T15:39:40,841  INFO Counter:70 [PlanRouter] handled plan # 8
2026-02-25T15:39:40,843  INFO Counter:70 [PlanRouter] handled plan # 16
2026-02-25T15:39:40,846  INFO Counter:70 [PlanRouter] handled plan # 32
2026-02-25T15:39:40,852  INFO Counter:70 [PlanRouter] handled plan # 64
2026-02-25T15:39:40,861  INFO Counter:70 [PlanRouter] handled plan # 128
2026-02-25T15:39:40,870  INFO Counter:70 [PlanRouter] handled plan # 256
2026-02-25T15:39:40,899  INFO Counter:70 [PlanRouter] handled plan # 512
2026-02-25T15:39:40,937  INFO Counter:70 [PlanRouter] handled plan # 1024
2026-02-25T15:39:41,000  INFO Counter:70 [PlanRouter] handled plan # 2048
2026-02-25T15:39:41,131  INFO AbstractMultithreadedModule:157 [PlanRouter] all 2 threads finished.
2026-02-25T15:39:41,131  INFO GenericPlanStrategyImpl:135 Plan-Strategy finished, 3009 plans handled. Strategy: RandomPlanSelector_ReRoute
2026-02-25T15:39:41,132  INFO AbstractMultithreadedModule:142 [ChooseRandomLegModeForSubtour] starting 2 threads, handling 3028 plans
2026-02-25T15:39:41,132  INFO Counter:70 [ChooseRandomLegModeForSubtour] handled plan # 2
2026-02-25T15:39:41,132  INFO Counter:70 [ChooseRandomLegModeForSubtour] handled plan # 1
2026-02-25T15:39:41,134  INFO Counter:70 [ChooseRandomLegModeForSubtour] handled plan # 4
2026-02-25T15:39:41,134  INFO Counter:70 [ChooseRandomLegModeForSubtour] handled plan # 8
2026-02-25T15:39:41,134  INFO Counter:70 [ChooseRandomLegModeForSubtour] handled plan # 16
2026-02-25T15:39:41,134  INFO Counter:70 [ChooseRandomLegModeForSubtour] handled plan # 32
2026-02-25T15:39:41,134  INFO Counter:70 [ChooseRandomLegModeForSubtour] handled plan # 64
2026-02-25T15:39:41,135  INFO Counter:70 [ChooseRandomLegModeForSubtour] handled plan # 128
2026-02-25T15:39:41,135  INFO Counter:70 [ChooseRandomLegModeForSubtour] handled plan # 256
2026-02-25T15:39:41,136  INFO Counter:70 [ChooseRandomLegModeForSubtour] handled plan # 512
2026-02-25T15:39:41,138  INFO Counter:70 [ChooseRandomLegModeForSubtour] handled plan # 1024
2026-02-25T15:39:41,142  INFO Counter:70 [ChooseRandomLegModeForSubtour] handled plan # 2048
2026-02-25T15:39:41,145  INFO AbstractMultithreadedModule:157 [ChooseRandomLegModeForSubtour] all 2 threads finished.
2026-02-25T15:39:41,146  WARN NetworkRoutingProvider:137 [mode: car; routingMode: car] Using deprecated routing module without access/egress. Consider using AccessEgressNetworkRouter instead.
2026-02-25T15:39:41,147  WARN NetworkRoutingProvider:137 [mode: car; routingMode: car] Using deprecated routing module without access/egress. Consider using AccessEgressNetworkRouter instead.
2026-02-25T15:39:41,149  INFO AbstractMultithreadedModule:142 [PlanRouter] starting 2 threads, handling 3028 plans
2026-02-25T15:39:41,149  INFO Counter:70 [PlanRouter] handled plan # 2
2026-02-25T15:39:41,149  INFO Counter:70 [PlanRouter] handled plan # 1
2026-02-25T15:39:41,150  INFO Counter:70 [PlanRouter] handled plan # 4
2026-02-25T15:39:41,150  INFO Counter:70 [PlanRouter] handled plan # 8
2026-02-25T15:39:41,151  INFO Counter:70 [PlanRouter] handled plan # 16
2026-02-25T15:39:41,151  INFO Counter:70 [PlanRouter] handled plan # 32
2026-02-25T15:39:41,152  INFO Counter:70 [PlanRouter] handled plan # 64
2026-02-25T15:39:41,153  INFO Counter:70 [PlanRouter] handled plan # 128
2026-02-25T15:39:41,157  INFO Counter:70 [PlanRouter] handled plan # 256
2026-02-25T15:39:41,168  INFO Counter:70 [PlanRouter] handled plan # 512
2026-02-25T15:39:41,194  INFO Counter:70 [PlanRouter] handled plan # 1024
2026-02-25T15:39:41,228  INFO Counter:70 [PlanRouter] handled plan # 2048
2026-02-25T15:39:41,257  INFO AbstractMultithreadedModule:157 [PlanRouter] all 2 threads finished.
2026-02-25T15:39:41,258  INFO GenericPlanStrategyImpl:135 Plan-Strategy finished, 3028 plans handled. Strategy: RandomPlanSelector_SubtourModeChoice_ReRoute
2026-02-25T15:39:41,258  INFO ControlerListenerManagerImpl:230 [it.7] all ControlerReplanningListeners called.
2026-02-25T15:39:41,258  INFO ControlerListenerManagerImpl:242 calling notifyBeforeMobsim on org.matsim.core.controler.corelisteners.EventsHandlingImpl with priority 0.0
2026-02-25T15:39:41,258  INFO EventsManagerImpl:173 resetting Event-Handlers
2026-02-25T15:39:41,259  INFO EventsManagerImpl:180   org.matsim.core.trafficmonitoring.TravelTimeCalculator
2026-02-25T15:39:41,260  INFO EventsManagerImpl:180   org.matsim.analysis.VolumesAnalyzer
2026-02-25T15:39:41,260  INFO EventsManagerImpl:180   org.matsim.core.scoring.ScoringFunctionsForPopulation
2026-02-25T15:39:41,261  INFO EventsManagerImpl:180   org.matsim.analysis.LegHistogram
2026-02-25T15:39:41,261  INFO EventsManagerImpl:180   org.matsim.analysis.CalcLegTimes
2026-02-25T15:39:41,261  INFO EventsManagerImpl:180   ch.sbb.matsim.routing.pt.raptor.SwissRailRaptorFactory$$Lambda/0x000001a9da5de1f0
2026-02-25T15:39:41,263  INFO ControlerListenerManagerImpl:242 calling notifyBeforeMobsim on org.matsim.core.controler.corelisteners.PlansDumpingImpl with priority 0.0
2026-02-25T15:39:41,263  INFO ControlerListenerManagerImpl:248 calling notifyBeforeMobsim on org.matsim.core.population.VspPlansCleaner with priority 0.0
2026-02-25T15:39:41,287  INFO ControlerListenerManagerImpl:251 [it.7] all ControlerBeforeMobsimListeners called.
2026-02-25T15:39:41,287  INFO PrepareForMobsimImpl:86 Network seems to be multimodal. Create car-only network which is handed over to PersonPrepareForSim.
2026-02-25T15:39:41,288  INFO NetworkImpl:165  node # 1
2026-02-25T15:39:41,288  INFO NetworkImpl:165  node # 4
2026-02-25T15:39:41,288  INFO NetworkImpl:165  node # 16
2026-02-25T15:39:41,288  INFO NetworkImpl:165  node # 64
2026-02-25T15:39:41,288  INFO NetworkImpl:165  node # 256
2026-02-25T15:39:41,289  INFO NetworkImpl:165  node # 1024
2026-02-25T15:39:41,289  INFO NetworkImpl:161  link # 1
2026-02-25T15:39:41,290  INFO NetworkImpl:161  link # 4
2026-02-25T15:39:41,290  INFO NetworkImpl:161  link # 16
2026-02-25T15:39:41,290  INFO NetworkImpl:161  link # 64
2026-02-25T15:39:41,290  INFO NetworkImpl:161  link # 256
2026-02-25T15:39:41,292  INFO NetworkImpl:161  link # 1024
2026-02-25T15:39:41,298  WARN NetworkRoutingProvider:137 [mode: car; routingMode: car] Using deprecated routing module without access/egress. Consider using AccessEgressNetworkRouter instead.
2026-02-25T15:39:41,299  WARN NetworkRoutingProvider:137 [mode: car; routingMode: car] Using deprecated routing module without access/egress. Consider using AccessEgressNetworkRouter instead.
2026-02-25T15:39:41,301  INFO Counter:70 [PersonPrepareForSim] handled person # 1
2026-02-25T15:39:41,301  INFO Counter:70 [PersonPrepareForSim] handled person # 2
2026-02-25T15:39:41,302  INFO Counter:70 [PersonPrepareForSim] handled person # 8
2026-02-25T15:39:41,302  INFO Counter:70 [PersonPrepareForSim] handled person # 4
2026-02-25T15:39:41,302  INFO Counter:70 [PersonPrepareForSim] handled person # 16
2026-02-25T15:39:41,302  INFO Counter:70 [PersonPrepareForSim] handled person # 32
2026-02-25T15:39:41,302  INFO Counter:70 [PersonPrepareForSim] handled person # 64
2026-02-25T15:39:41,304  INFO Counter:70 [PersonPrepareForSim] handled person # 128
2026-02-25T15:39:41,304  INFO Counter:70 [PersonPrepareForSim] handled person # 256
2026-02-25T15:39:41,305  INFO Counter:70 [PersonPrepareForSim] handled person # 512
2026-02-25T15:39:41,307  INFO Counter:70 [PersonPrepareForSim] handled person # 1024
2026-02-25T15:39:41,311  INFO Counter:70 [PersonPrepareForSim] handled person # 2048
2026-02-25T15:39:41,320  INFO Counter:70 [PersonPrepareForSim] handled person # 4096
2026-02-25T15:39:41,335  INFO Counter:70 [PersonPrepareForSim] handled person # 8192
2026-02-25T15:39:41,372  INFO Counter:70 [PersonPrepareForSim] handled person # 16384
2026-02-25T15:39:41,428  INFO Counter:75 [PersonPrepareForSim] handled person # 30481
2026-02-25T15:39:41,444  INFO MobsimListenerManager:50 calling addQueueSimulationListener
2026-02-25T15:39:41,444  INFO MobsimListenerManager:54   assigned class org.matsim.core.mobsim.framework.listeners.MobsimListener to interface org.matsim.vis.snapshotwriters.SnapshotWriterManager
2026-02-25T15:39:41,445  INFO MobsimListenerManager:54   assigned class org.matsim.core.mobsim.framework.listeners.MobsimListener to interface org.matsim.core.mobsim.framework.listeners.MobsimInitializedListener
2026-02-25T15:39:41,445  INFO MobsimListenerManager:54   assigned class org.matsim.core.mobsim.framework.listeners.MobsimListener to interface org.matsim.core.mobsim.framework.listeners.MobsimAfterSimStepListener
2026-02-25T15:39:41,445  INFO MobsimListenerManager:54   assigned class org.matsim.core.mobsim.framework.listeners.MobsimListener to interface org.matsim.core.mobsim.framework.listeners.MobsimBeforeCleanupListener
2026-02-25T15:39:41,446  INFO MobsimListenerManager:54   assigned class org.matsim.core.mobsim.framework.listeners.MobsimListener to interface org.matsim.core.mobsim.framework.listeners.MobsimListener
2026-02-25T15:39:41,446  INFO QSimProvider:131 Added MobsimEngine class org.matsim.core.mobsim.qsim.ActivityEngineDefaultImpl
2026-02-25T15:39:41,447  INFO QSimProvider:137 Added Activityhandler class org.matsim.core.mobsim.qsim.ActivityEngineDefaultImpl
2026-02-25T15:39:41,453  INFO QSimProvider:131 Added MobsimEngine class org.matsim.core.mobsim.qsim.qnetsimengine.QNetsimEngineWithThreadpool
2026-02-25T15:39:41,454  INFO QSimProvider:143 Added DepartureHandler class org.matsim.core.mobsim.qsim.qnetsimengine.NetworkModeDepartureHandlerDefaultImpl
2026-02-25T15:39:41,454  INFO QSimProvider:131 Added MobsimEngine class org.matsim.core.mobsim.qsim.DefaultTeleportationEngine
2026-02-25T15:39:41,454  INFO QSimProvider:143 Added DepartureHandler class org.matsim.core.mobsim.qsim.DefaultTeleportationEngine
2026-02-25T15:39:41,455  INFO QSimProvider:149 Added AgentSource class org.matsim.core.mobsim.qsim.agents.PopulationAgentSource
2026-02-25T15:39:41,455  INFO MobsimListenerManager:50 calling addQueueSimulationListener
2026-02-25T15:39:41,455  INFO MobsimListenerManager:54   assigned class org.matsim.core.mobsim.framework.listeners.MobsimListener to interface org.matsim.core.mobsim.framework.listeners.MobsimBeforeSimStepListener
2026-02-25T15:39:41,455  INFO MobsimListenerManager:54   assigned class org.matsim.core.mobsim.framework.listeners.MobsimListener to interface org.matsim.core.mobsim.framework.listeners.MobsimListener
2026-02-25T15:39:41,455  INFO MobsimListenerManager:54   assigned class org.matsim.core.mobsim.framework.listeners.MobsimListener to interface org.matsim.core.mobsim.qsim.messagequeueengine.MessageQueueEngine
2026-02-25T15:39:41,456  INFO QSimProvider:155 Added MobsimListener class org.matsim.core.mobsim.qsim.messagequeueengine.MessageQueueEngine
2026-02-25T15:39:41,456  INFO QSimProvider:131 Added MobsimEngine class org.matsim.core.mobsim.qsim.pt.TransitQSimEngine
2026-02-25T15:39:41,456  INFO QSimProvider:143 Added DepartureHandler class org.matsim.core.mobsim.qsim.pt.TransitQSimEngine
2026-02-25T15:39:41,456  INFO QSimProvider:149 Added AgentSource class org.matsim.core.mobsim.qsim.pt.TransitQSimEngine
2026-02-25T15:39:41,528  INFO ReconstructingUmlaufBuilder:131 Generating UmlaufStuecke ...
2026-02-25T15:39:41,529  INFO ReconstructingUmlaufBuilder:144 ... done generating UmlaufStuecke
2026-02-25T15:39:41,534  INFO AbstractQNetsimEngine:418 Assigned 1137 nodes and 3009 links to QSimEngineRunner #0
2026-02-25T15:39:41,554  INFO AbstractQNetsimEngine:356 SIMULATION (QNetsimEngine) AT 06:00:00 : #links=0 #nodes=2
2026-02-25T15:39:41,554  INFO QSim:552 SIMULATION (NEW QSim) AT 06:00:00 : #Veh=30823 lost=0 simT=0.0s realT=0s; (s/r): 0.0
2026-02-25T15:39:41,784  INFO AbstractQNetsimEngine:356 SIMULATION (QNetsimEngine) AT 07:00:00 : #links=4 #nodes=3
2026-02-25T15:39:41,785  INFO QSim:552 SIMULATION (NEW QSim) AT 07:00:00 : #Veh=30807 lost=0 simT=3600.0s realT=0s; (s/r): Infinity
2026-02-25T15:39:42,900  INFO AbstractQNetsimEngine:356 SIMULATION (QNetsimEngine) AT 08:00:00 : #links=526 #nodes=74
2026-02-25T15:39:42,900  INFO QSim:552 SIMULATION (NEW QSim) AT 08:00:00 : #Veh=30787 lost=0 simT=7200.0s realT=1s; (s/r): 7200.0
2026-02-25T15:39:44,353  INFO AbstractQNetsimEngine:356 SIMULATION (QNetsimEngine) AT 09:00:00 : #links=568 #nodes=67
2026-02-25T15:39:44,354  INFO QSim:552 SIMULATION (NEW QSim) AT 09:00:00 : #Veh=30767 lost=0 simT=10800.0s realT=2s; (s/r): 5400.0
2026-02-25T15:39:44,966  INFO AbstractQNetsimEngine:356 SIMULATION (QNetsimEngine) AT 10:00:00 : #links=38 #nodes=5
2026-02-25T15:39:44,966  INFO QSim:552 SIMULATION (NEW QSim) AT 10:00:00 : #Veh=30747 lost=0 simT=14400.0s realT=3s; (s/r): 4800.0
2026-02-25T15:39:45,578  INFO AbstractQNetsimEngine:356 SIMULATION (QNetsimEngine) AT 11:00:00 : #links=171 #nodes=14
2026-02-25T15:39:45,578  INFO QSim:552 SIMULATION (NEW QSim) AT 11:00:00 : #Veh=30727 lost=0 simT=18000.0s realT=4s; (s/r): 4500.0
2026-02-25T15:39:46,079  INFO AbstractQNetsimEngine:356 SIMULATION (QNetsimEngine) AT 12:00:00 : #links=173 #nodes=24
2026-02-25T15:39:46,080  INFO QSim:552 SIMULATION (NEW QSim) AT 12:00:00 : #Veh=30707 lost=0 simT=21600.0s realT=4s; (s/r): 5400.0
2026-02-25T15:39:46,584  INFO AbstractQNetsimEngine:356 SIMULATION (QNetsimEngine) AT 13:00:00 : #links=218 #nodes=24
2026-02-25T15:39:46,584  INFO QSim:552 SIMULATION (NEW QSim) AT 13:00:00 : #Veh=30356 lost=0 simT=25200.0s realT=5s; (s/r): 5040.0
2026-02-25T15:39:47,163  INFO AbstractQNetsimEngine:356 SIMULATION (QNetsimEngine) AT 14:00:00 : #links=237 #nodes=23
2026-02-25T15:39:47,163  INFO QSim:552 SIMULATION (NEW QSim) AT 14:00:00 : #Veh=29430 lost=0 simT=28800.0s realT=5s; (s/r): 5760.0
2026-02-25T15:39:47,815  INFO AbstractQNetsimEngine:356 SIMULATION (QNetsimEngine) AT 15:00:00 : #links=283 #nodes=41
2026-02-25T15:39:47,816  INFO QSim:552 SIMULATION (NEW QSim) AT 15:00:00 : #Veh=28004 lost=0 simT=32400.0s realT=6s; (s/r): 5400.0
2026-02-25T15:39:48,269  INFO AbstractQNetsimEngine:356 SIMULATION (QNetsimEngine) AT 16:00:00 : #links=112 #nodes=7
2026-02-25T15:39:48,269  INFO QSim:552 SIMULATION (NEW QSim) AT 16:00:00 : #Veh=26393 lost=0 simT=36000.0s realT=6s; (s/r): 6000.0
2026-02-25T15:39:49,114  INFO AbstractQNetsimEngine:356 SIMULATION (QNetsimEngine) AT 17:00:00 : #links=472 #nodes=75
2026-02-25T15:39:49,114  INFO QSim:552 SIMULATION (NEW QSim) AT 17:00:00 : #Veh=21969 lost=0 simT=39600.0s realT=7s; (s/r): 5657.142857142857
2026-02-25T15:39:50,188  INFO AbstractQNetsimEngine:356 SIMULATION (QNetsimEngine) AT 18:00:00 : #links=477 #nodes=75
2026-02-25T15:39:50,188  INFO QSim:552 SIMULATION (NEW QSim) AT 18:00:00 : #Veh=14575 lost=0 simT=43200.0s realT=8s; (s/r): 5400.0
2026-02-25T15:39:51,349  INFO AbstractQNetsimEngine:356 SIMULATION (QNetsimEngine) AT 19:00:00 : #links=450 #nodes=77
2026-02-25T15:39:51,349  INFO QSim:552 SIMULATION (NEW QSim) AT 19:00:00 : #Veh=6517 lost=0 simT=46800.0s realT=9s; (s/r): 5200.0
2026-02-25T15:39:51,934  INFO AbstractQNetsimEngine:356 SIMULATION (QNetsimEngine) AT 20:00:00 : #links=126 #nodes=11
2026-02-25T15:39:51,934  INFO QSim:552 SIMULATION (NEW QSim) AT 20:00:00 : #Veh=1598 lost=0 simT=50400.0s realT=10s; (s/r): 5040.0
2026-02-25T15:39:52,365  INFO AbstractQNetsimEngine:356 SIMULATION (QNetsimEngine) AT 21:00:00 : #links=5 #nodes=1
2026-02-25T15:39:52,365  INFO QSim:552 SIMULATION (NEW QSim) AT 21:00:00 : #Veh=263 lost=0 simT=54000.0s realT=10s; (s/r): 5400.0
2026-02-25T15:39:52,708  INFO AbstractQNetsimEngine:356 SIMULATION (QNetsimEngine) AT 22:00:00 : #links=4 #nodes=2
2026-02-25T15:39:52,708  INFO QSim:552 SIMULATION (NEW QSim) AT 22:00:00 : #Veh=42 lost=0 simT=57600.0s realT=11s; (s/r): 5236.363636363636
2026-02-25T15:39:52,951  INFO AbstractQNetsimEngine:356 SIMULATION (QNetsimEngine) AT 23:00:00 : #links=4 #nodes=2
2026-02-25T15:39:52,951  INFO QSim:552 SIMULATION (NEW QSim) AT 23:00:00 : #Veh=6 lost=0 simT=61200.0s realT=11s; (s/r): 5563.636363636364
2026-02-25T15:39:53,005  INFO AbstractController$9:237 ### ITERATION 7 fires after mobsim event
2026-02-25T15:39:53,005  INFO Gbl:196 Thread performance: Thread=class org.matsim.core.events.SimStepParallelEventsManagerImpl$ProcessEventsRunnable0  cpu-time=4.921875sec
2026-02-25T15:39:53,005  INFO ControlerListenerManagerImpl:269 calling notifyAfterMobsim on org.matsim.analysis.LegTimesControlerListener with priority 0.0
2026-02-25T15:39:53,007  INFO LegTimesControlerListener:73 [7] average leg duration is: 1769 seconds = 00:29:29
2026-02-25T15:39:53,007  INFO ControlerListenerManagerImpl:269 calling notifyAfterMobsim on org.matsim.core.events.MobsimScopeEventHandling with priority 0.0
2026-02-25T15:39:53,007  INFO ControlerListenerManagerImpl:269 calling notifyAfterMobsim on org.matsim.core.scoring.EventsToActivities$1 with priority 0.0
2026-02-25T15:39:53,031  INFO ControlerListenerManagerImpl:272 [it.7] all ControlerAfterMobsimListeners called.
2026-02-25T15:39:53,031  INFO AbstractController$4:162 ### ITERATION 7 fires scoring event
2026-02-25T15:39:53,031  INFO ControlerListenerManagerImpl:197 calling notifyScoring on org.matsim.core.scoring.PlansScoringImpl with priority 0.0
2026-02-25T15:39:53,050  INFO NewScoreAssignerImpl:60 it: 7 msaStart: null
2026-02-25T15:39:53,065  INFO ControlerListenerManagerImpl:209 [it.7] all ControlerScoringListeners called.
2026-02-25T15:39:53,065  INFO AbstractController$5:170 ### ITERATION 7 fires iteration end event
2026-02-25T15:39:53,066  INFO ControlerListenerManagerImpl:172 calling notifyIterationEnds on org.matsim.core.controler.corelisteners.EventsHandlingImpl with priority 0.0
2026-02-25T15:39:53,066  INFO ControlerListenerManagerImpl:172 calling notifyIterationEnds on org.matsim.core.scoring.PlansScoringImpl with priority 0.0
2026-02-25T15:39:53,078  INFO ControlerListenerManagerImpl:180 calling notifyIterationEnds on org.matsim.counts.CountsControlerListener with priority 0.0
2026-02-25T15:39:53,079  INFO ControlerListenerManagerImpl:180 calling notifyIterationEnds on org.matsim.analysis.ModeChoiceCoverageControlerListener with priority 0.0
2026-02-25T15:39:53,148  INFO ModeChoiceCoverageControlerListener:144 -- mode choice coverage (1x) of mode car = 0.6245694038909485
2026-02-25T15:39:53,149  INFO ModeChoiceCoverageControlerListener:144 -- mode choice coverage (1x) of mode pt = 0.26434500180440273
2026-02-25T15:39:53,149  INFO ModeChoiceCoverageControlerListener:144 -- mode choice coverage (1x) of mode walk = 0.5724549719497392
2026-02-25T15:39:53,149  INFO ModeChoiceCoverageControlerListener:144 -- mode choice coverage (5x) of mode car = 0.5168957711361176
2026-02-25T15:39:53,149  INFO ModeChoiceCoverageControlerListener:144 -- mode choice coverage (5x) of mode pt = 0.1355434532987763
2026-02-25T15:39:53,149  INFO ModeChoiceCoverageControlerListener:144 -- mode choice coverage (5x) of mode walk = 0.3139496735671402
2026-02-25T15:39:53,150  INFO ModeChoiceCoverageControlerListener:144 -- mode choice coverage (10x) of mode car = 0.0
2026-02-25T15:39:53,150  INFO ModeChoiceCoverageControlerListener:144 -- mode choice coverage (10x) of mode pt = 0.0
2026-02-25T15:39:53,150  INFO ModeChoiceCoverageControlerListener:144 -- mode choice coverage (10x) of mode walk = 0.0
2026-02-25T15:39:53,345  INFO ControlerListenerManagerImpl:180 calling notifyIterationEnds on org.matsim.analysis.ModeStatsControlerListener with priority 0.0
2026-02-25T15:39:53,406  INFO ModeStatsControlerListener:133 Mode shares over all 60962.0 trips found. MainModeIdentifier: class org.matsim.core.router.DefaultAnalysisMainModeIdentifier
2026-02-25T15:39:53,407  INFO ModeStatsControlerListener:140 -- mode share of mode car = 0.5010170270004265
2026-02-25T15:39:53,407  INFO ModeStatsControlerListener:140 -- mode share of mode pt = 0.14756733702962502
2026-02-25T15:39:53,408  INFO ModeStatsControlerListener:140 -- mode share of mode walk = 0.3514156359699485
2026-02-25T15:39:53,538  INFO ControlerListenerManagerImpl:180 calling notifyIterationEnds on org.matsim.analysis.ScoreStatsControlerListener with priority 0.0
2026-02-25T15:39:53,548  INFO ScoreStatsControlerListener:154 -- avg. score of the executed plan of each agent: 125.62658182230315
2026-02-25T15:39:53,548  INFO ScoreStatsControlerListener:155 -- avg. score of the worst plan of each agent: 120.67866784048324
2026-02-25T15:39:53,548  INFO ScoreStatsControlerListener:156 -- avg. of the avg. plan score per agent: 123.67723164275145
2026-02-25T15:39:53,548  INFO ScoreStatsControlerListener:157 -- avg. score of the best plan of each agent: 126.22664860916157
2026-02-25T15:39:53,599  INFO ControlerListenerManagerImpl:180 calling notifyIterationEnds on org.matsim.analysis.IterationTravelStatsControlerListener with priority 0.0
2026-02-25T15:39:53,627  INFO TravelDistanceStats:115 -- average leg distance per plan (executed plans only): 3460.9534344639565 meters
2026-02-25T15:39:53,628  INFO TravelDistanceStats:116 average leg distance per Person (executed plans only): 8964.801596557436 meters (statistic on all 78954 legs which have a finite distance)
2026-02-25T15:39:53,628  INFO TravelDistanceStats:117 -- average trip distance per plan (executed plans only): 4482.400798278718 meters
2026-02-25T15:39:53,628  INFO TravelDistanceStats:118 average trip distance per Person (executed plans only): 8964.801596557436 meters (statistic on all 60962 trips which have a finite distance)
2026-02-25T15:39:53,628  INFO TravelDistanceStats:119 (TravelDistanceStats takes an average over all legs where the simulation reports travelled (network) distances
2026-02-25T15:39:53,628  INFO TravelDistanceStats:120 (and teleported legs whose route contains a distance.)
2026-02-25T15:39:53,762  INFO ControlerListenerManagerImpl:180 calling notifyIterationEnds on org.matsim.analysis.LegTimesControlerListener with priority 0.0
2026-02-25T15:39:53,762  INFO EventsManagerImpl:164 removing Event-Handler: org.matsim.analysis.CalcLegTimes
2026-02-25T15:39:53,762  INFO EventsManagerImpl:164 removing Event-Handler: org.matsim.analysis.CalcLegTimes
2026-02-25T15:39:53,762  INFO ControlerListenerManagerImpl:180 calling notifyIterationEnds on org.matsim.analysis.LegHistogramListener with priority 0.0
2026-02-25T15:39:53,767  INFO LegHistogramListener:78 number of legs:	710586	100%
2026-02-25T15:39:53,767  INFO LegHistogramListener:85 number of car legs:	274887	38.68455049775819%
2026-02-25T15:39:53,767  INFO LegHistogramListener:85 number of pt legs:	80964	11.39397623932923%
2026-02-25T15:39:53,768  INFO LegHistogramListener:85 number of walk legs:	354735	49.921473262912585%
2026-02-25T15:39:54,041  INFO ControlerListenerManagerImpl:180 calling notifyIterationEnds on org.matsim.analysis.LinkStatsControlerListener with priority 0.0
2026-02-25T15:39:54,043  INFO ControlerListenerManagerImpl:184 [it.7] all ControlerIterationEndsListeners called.
2026-02-25T15:39:54,116  INFO AbstractController:184 ### ITERATION 7 ENDS
2026-02-25T15:39:54,116  INFO AbstractController:185 ###################################################
2026-02-25T15:39:54,118  INFO AbstractController:136 ###################################################
2026-02-25T15:39:54,118  INFO AbstractController:137 ### ITERATION 8 BEGINS
2026-02-25T15:39:54,118  INFO ControlerListenerManagerImpl:156 calling notifyIterationStarts on org.matsim.analysis.LegTimesControlerListener with priority 0.0
2026-02-25T15:39:54,119  INFO EventsManagerImpl:139 === Logging of event-handlers skipped ===
2026-02-25T15:39:54,119  INFO EventsManagerImpl:140 To enable debug output, set an environment variable i.e. export LOG_LEVEL='debug', or set log.setLogLevel(Level.DEBUG) in your run class.
2026-02-25T15:39:54,119  INFO EventsManagerImpl:210     > org.matsim.api.core.v01.events.PersonDepartureEvent
2026-02-25T15:39:54,119  INFO EventsManagerImpl:210     > org.matsim.api.core.v01.events.PersonArrivalEvent
2026-02-25T15:39:54,119  INFO EventsManagerImpl:210     > org.matsim.api.core.v01.events.ActivityEndEvent
2026-02-25T15:39:54,120  INFO EventsManagerImpl:210     > org.matsim.api.core.v01.events.ActivityStartEvent
2026-02-25T15:39:54,120  INFO EventsManagerImpl:139 === Logging of event-handlers skipped ===
2026-02-25T15:39:54,120  INFO EventsManagerImpl:140 To enable debug output, set an environment variable i.e. export LOG_LEVEL='debug', or set log.setLogLevel(Level.DEBUG) in your run class.
2026-02-25T15:39:54,120  INFO EventsManagerImpl:210     > org.matsim.api.core.v01.events.PersonDepartureEvent
2026-02-25T15:39:54,120  INFO EventsManagerImpl:210     > org.matsim.api.core.v01.events.PersonArrivalEvent
2026-02-25T15:39:54,120  INFO EventsManagerImpl:210     > org.matsim.api.core.v01.events.ActivityEndEvent
2026-02-25T15:39:54,120  INFO EventsManagerImpl:210     > org.matsim.api.core.v01.events.ActivityStartEvent
2026-02-25T15:39:54,120  INFO ControlerListenerManagerImpl:156 calling notifyIterationStarts on org.matsim.analysis.LegHistogramListener with priority 0.0
2026-02-25T15:39:54,122  INFO EventsManagerImpl:139 === Logging of event-handlers skipped ===
2026-02-25T15:39:54,122  INFO EventsManagerImpl:140 To enable debug output, set an environment variable i.e. export LOG_LEVEL='debug', or set log.setLogLevel(Level.DEBUG) in your run class.
2026-02-25T15:39:54,122  INFO EventsManagerImpl:210     > org.matsim.api.core.v01.events.PersonDepartureEvent
2026-02-25T15:39:54,122  INFO EventsManagerImpl:210     > org.matsim.api.core.v01.events.PersonArrivalEvent
2026-02-25T15:39:54,122  INFO EventsManagerImpl:210     > org.matsim.api.core.v01.events.PersonStuckEvent
2026-02-25T15:39:54,123  INFO EventsManagerImpl:139 === Logging of event-handlers skipped ===
2026-02-25T15:39:54,123  INFO EventsManagerImpl:140 To enable debug output, set an environment variable i.e. export LOG_LEVEL='debug', or set log.setLogLevel(Level.DEBUG) in your run class.
2026-02-25T15:39:54,123  INFO EventsManagerImpl:210     > org.matsim.api.core.v01.events.PersonDepartureEvent
2026-02-25T15:39:54,123  INFO EventsManagerImpl:210     > org.matsim.api.core.v01.events.PersonArrivalEvent
2026-02-25T15:39:54,124  INFO EventsManagerImpl:210     > org.matsim.api.core.v01.events.PersonStuckEvent
2026-02-25T15:39:54,124  INFO ControlerListenerManagerImpl:156 calling notifyIterationStarts on org.matsim.analysis.LinkStatsControlerListener with priority 0.0
2026-02-25T15:39:54,124  INFO ControlerListenerManagerImpl:156 calling notifyIterationStarts on org.matsim.core.replanning.ReplanningContextImpl with priority 0.0
2026-02-25T15:39:54,124  INFO ControlerListenerManagerImpl:156 calling notifyIterationStarts on org.matsim.core.scoring.ScoringFunctionsForPopulation$$Lambda/0x000001a9da52eeb0 with priority 0.0
2026-02-25T15:39:54,149  INFO ControlerListenerManagerImpl:156 calling notifyIterationStarts on org.matsim.core.scoring.ExperiencedPlansServiceImpl$1 with priority 0.0
2026-02-25T15:39:54,151  INFO ControlerListenerManagerImpl:159 [it.8] all ControlerIterationStartsListeners called.
2026-02-25T15:39:54,152  INFO ControlerListenerManagerImpl:221 calling notifyReplanning on org.matsim.core.controler.corelisteners.PlansReplanningImpl with priority 0.0
2026-02-25T15:39:54,153  WARN NetworkRoutingProvider:137 [mode: car; routingMode: car] Using deprecated routing module without access/egress. Consider using AccessEgressNetworkRouter instead.
2026-02-25T15:39:54,154  WARN NetworkRoutingProvider:137 [mode: car; routingMode: car] Using deprecated routing module without access/egress. Consider using AccessEgressNetworkRouter instead.
2026-02-25T15:39:54,154  INFO ChooseRandomLegModeForSubtour:137 Chain based modes: [car]
2026-02-25T15:39:54,156  INFO ChooseRandomLegModeForSubtour:137 Chain based modes: [car]
2026-02-25T15:39:54,206  INFO GenericPlanStrategyImpl:135 Plan-Strategy finished, 24348 plans handled. Strategy: BestPlanSelector
2026-02-25T15:39:54,206  INFO AbstractMultithreadedModule:142 [PlanRouter] starting 2 threads, handling 3104 plans
2026-02-25T15:39:54,207  INFO Counter:70 [PlanRouter] handled plan # 2
2026-02-25T15:39:54,207  INFO Counter:70 [PlanRouter] handled plan # 1
2026-02-25T15:39:54,208  INFO Counter:70 [PlanRouter] handled plan # 4
2026-02-25T15:39:54,208  INFO Counter:70 [PlanRouter] handled plan # 8
2026-02-25T15:39:54,210  INFO Counter:70 [PlanRouter] handled plan # 16
2026-02-25T15:39:54,214  INFO Counter:70 [PlanRouter] handled plan # 32
2026-02-25T15:39:54,219  INFO Counter:70 [PlanRouter] handled plan # 64
2026-02-25T15:39:54,225  INFO Counter:70 [PlanRouter] handled plan # 128
2026-02-25T15:39:54,246  INFO Counter:70 [PlanRouter] handled plan # 256
2026-02-25T15:39:54,273  INFO Counter:70 [PlanRouter] handled plan # 512
2026-02-25T15:39:54,324  INFO Counter:70 [PlanRouter] handled plan # 1024
2026-02-25T15:39:54,397  INFO Counter:70 [PlanRouter] handled plan # 2048
2026-02-25T15:39:54,487  INFO AbstractMultithreadedModule:157 [PlanRouter] all 2 threads finished.
2026-02-25T15:39:54,487  INFO GenericPlanStrategyImpl:135 Plan-Strategy finished, 3104 plans handled. Strategy: RandomPlanSelector_ReRoute
2026-02-25T15:39:54,487  INFO AbstractMultithreadedModule:142 [ChooseRandomLegModeForSubtour] starting 2 threads, handling 3029 plans
2026-02-25T15:39:54,529  INFO Counter:70 [ChooseRandomLegModeForSubtour] handled plan # 2
2026-02-25T15:39:54,529  INFO Counter:70 [ChooseRandomLegModeForSubtour] handled plan # 1
2026-02-25T15:39:54,529  INFO Counter:70 [ChooseRandomLegModeForSubtour] handled plan # 8
2026-02-25T15:39:54,529  INFO Counter:70 [ChooseRandomLegModeForSubtour] handled plan # 4
2026-02-25T15:39:54,530  INFO Counter:70 [ChooseRandomLegModeForSubtour] handled plan # 16
2026-02-25T15:39:54,530  INFO Counter:70 [ChooseRandomLegModeForSubtour] handled plan # 32
2026-02-25T15:39:54,530  INFO Counter:70 [ChooseRandomLegModeForSubtour] handled plan # 64
2026-02-25T15:39:54,530  INFO Counter:70 [ChooseRandomLegModeForSubtour] handled plan # 128
2026-02-25T15:39:54,532  INFO Counter:70 [ChooseRandomLegModeForSubtour] handled plan # 256
2026-02-25T15:39:54,533  INFO Counter:70 [ChooseRandomLegModeForSubtour] handled plan # 512
2026-02-25T15:39:54,534  INFO Counter:70 [ChooseRandomLegModeForSubtour] handled plan # 1024
2026-02-25T15:39:54,538  INFO Counter:70 [ChooseRandomLegModeForSubtour] handled plan # 2048
2026-02-25T15:39:54,542  INFO AbstractMultithreadedModule:157 [ChooseRandomLegModeForSubtour] all 2 threads finished.
2026-02-25T15:39:54,543  WARN NetworkRoutingProvider:137 [mode: car; routingMode: car] Using deprecated routing module without access/egress. Consider using AccessEgressNetworkRouter instead.
2026-02-25T15:39:54,544  WARN NetworkRoutingProvider:137 [mode: car; routingMode: car] Using deprecated routing module without access/egress. Consider using AccessEgressNetworkRouter instead.
2026-02-25T15:39:54,545  INFO AbstractMultithreadedModule:142 [PlanRouter] starting 2 threads, handling 3029 plans
2026-02-25T15:39:54,546  INFO Counter:70 [PlanRouter] handled plan # 1
2026-02-25T15:39:54,546  INFO Counter:70 [PlanRouter] handled plan # 2
2026-02-25T15:39:54,547  INFO Counter:70 [PlanRouter] handled plan # 4
2026-02-25T15:39:54,547  INFO Counter:70 [PlanRouter] handled plan # 8
2026-02-25T15:39:54,548  INFO Counter:70 [PlanRouter] handled plan # 16
2026-02-25T15:39:54,549  INFO Counter:70 [PlanRouter] handled plan # 32
2026-02-25T15:39:54,551  INFO Counter:70 [PlanRouter] handled plan # 64
2026-02-25T15:39:54,555  INFO Counter:70 [PlanRouter] handled plan # 128
2026-02-25T15:39:54,560  INFO Counter:70 [PlanRouter] handled plan # 256
2026-02-25T15:39:54,568  INFO Counter:70 [PlanRouter] handled plan # 512
2026-02-25T15:39:54,593  INFO Counter:70 [PlanRouter] handled plan # 1024
2026-02-25T15:39:54,630  INFO Counter:70 [PlanRouter] handled plan # 2048
2026-02-25T15:39:54,664  INFO AbstractMultithreadedModule:157 [PlanRouter] all 2 threads finished.
2026-02-25T15:39:54,664  INFO GenericPlanStrategyImpl:135 Plan-Strategy finished, 3029 plans handled. Strategy: RandomPlanSelector_SubtourModeChoice_ReRoute
2026-02-25T15:39:54,664  INFO ControlerListenerManagerImpl:230 [it.8] all ControlerReplanningListeners called.
2026-02-25T15:39:54,665  INFO ControlerListenerManagerImpl:242 calling notifyBeforeMobsim on org.matsim.core.controler.corelisteners.EventsHandlingImpl with priority 0.0
2026-02-25T15:39:54,665  INFO EventsManagerImpl:173 resetting Event-Handlers
2026-02-25T15:39:54,665  INFO EventsManagerImpl:180   org.matsim.core.trafficmonitoring.TravelTimeCalculator
2026-02-25T15:39:54,666  INFO EventsManagerImpl:180   org.matsim.analysis.VolumesAnalyzer
2026-02-25T15:39:54,666  INFO EventsManagerImpl:180   org.matsim.core.scoring.ScoringFunctionsForPopulation
2026-02-25T15:39:54,668  INFO EventsManagerImpl:180   org.matsim.analysis.LegHistogram
2026-02-25T15:39:54,668  INFO EventsManagerImpl:180   org.matsim.analysis.CalcLegTimes
2026-02-25T15:39:54,668  INFO EventsManagerImpl:180   ch.sbb.matsim.routing.pt.raptor.SwissRailRaptorFactory$$Lambda/0x000001a9da5de1f0
2026-02-25T15:39:54,668  INFO ControlerListenerManagerImpl:242 calling notifyBeforeMobsim on org.matsim.core.controler.corelisteners.PlansDumpingImpl with priority 0.0
2026-02-25T15:39:54,668  INFO ControlerListenerManagerImpl:248 calling notifyBeforeMobsim on org.matsim.core.population.VspPlansCleaner with priority 0.0
2026-02-25T15:39:54,692  INFO ControlerListenerManagerImpl:251 [it.8] all ControlerBeforeMobsimListeners called.
2026-02-25T15:39:54,693  INFO PrepareForMobsimImpl:86 Network seems to be multimodal. Create car-only network which is handed over to PersonPrepareForSim.
2026-02-25T15:39:54,693  INFO NetworkImpl:165  node # 1
2026-02-25T15:39:54,694  INFO NetworkImpl:165  node # 4
2026-02-25T15:39:54,694  INFO NetworkImpl:165  node # 16
2026-02-25T15:39:54,694  INFO NetworkImpl:165  node # 64
2026-02-25T15:39:54,694  INFO NetworkImpl:165  node # 256
2026-02-25T15:39:54,694  INFO NetworkImpl:165  node # 1024
2026-02-25T15:39:54,696  INFO NetworkImpl:161  link # 1
2026-02-25T15:39:54,696  INFO NetworkImpl:161  link # 4
2026-02-25T15:39:54,696  INFO NetworkImpl:161  link # 16
2026-02-25T15:39:54,697  INFO NetworkImpl:161  link # 64
2026-02-25T15:39:54,697  INFO NetworkImpl:161  link # 256
2026-02-25T15:39:54,699  INFO NetworkImpl:161  link # 1024
2026-02-25T15:39:54,704  WARN NetworkRoutingProvider:137 [mode: car; routingMode: car] Using deprecated routing module without access/egress. Consider using AccessEgressNetworkRouter instead.
2026-02-25T15:39:54,706  WARN NetworkRoutingProvider:137 [mode: car; routingMode: car] Using deprecated routing module without access/egress. Consider using AccessEgressNetworkRouter instead.
2026-02-25T15:39:54,710  INFO Counter:70 [PersonPrepareForSim] handled person # 2
2026-02-25T15:39:54,710  INFO Counter:70 [PersonPrepareForSim] handled person # 1
2026-02-25T15:39:54,710  INFO Counter:70 [PersonPrepareForSim] handled person # 4
2026-02-25T15:39:54,710  INFO Counter:70 [PersonPrepareForSim] handled person # 8
2026-02-25T15:39:54,711  INFO Counter:70 [PersonPrepareForSim] handled person # 16
2026-02-25T15:39:54,711  INFO Counter:70 [PersonPrepareForSim] handled person # 32
2026-02-25T15:39:54,711  INFO Counter:70 [PersonPrepareForSim] handled person # 64
2026-02-25T15:39:54,711  INFO Counter:70 [PersonPrepareForSim] handled person # 128
2026-02-25T15:39:54,712  INFO Counter:70 [PersonPrepareForSim] handled person # 256
2026-02-25T15:39:54,713  INFO Counter:70 [PersonPrepareForSim] handled person # 512
2026-02-25T15:39:54,715  INFO Counter:70 [PersonPrepareForSim] handled person # 1024
2026-02-25T15:39:54,719  INFO Counter:70 [PersonPrepareForSim] handled person # 2048
2026-02-25T15:39:54,728  INFO Counter:70 [PersonPrepareForSim] handled person # 4096
2026-02-25T15:39:54,745  INFO Counter:70 [PersonPrepareForSim] handled person # 8192
2026-02-25T15:39:54,779  INFO Counter:70 [PersonPrepareForSim] handled person # 16384
2026-02-25T15:39:54,843  INFO Counter:75 [PersonPrepareForSim] handled person # 30481
2026-02-25T15:39:54,861  INFO MobsimListenerManager:50 calling addQueueSimulationListener
2026-02-25T15:39:54,862  INFO MobsimListenerManager:54   assigned class org.matsim.core.mobsim.framework.listeners.MobsimListener to interface org.matsim.vis.snapshotwriters.SnapshotWriterManager
2026-02-25T15:39:54,862  INFO MobsimListenerManager:54   assigned class org.matsim.core.mobsim.framework.listeners.MobsimListener to interface org.matsim.core.mobsim.framework.listeners.MobsimInitializedListener
2026-02-25T15:39:54,862  INFO MobsimListenerManager:54   assigned class org.matsim.core.mobsim.framework.listeners.MobsimListener to interface org.matsim.core.mobsim.framework.listeners.MobsimAfterSimStepListener
2026-02-25T15:39:54,862  INFO MobsimListenerManager:54   assigned class org.matsim.core.mobsim.framework.listeners.MobsimListener to interface org.matsim.core.mobsim.framework.listeners.MobsimBeforeCleanupListener
2026-02-25T15:39:54,862  INFO MobsimListenerManager:54   assigned class org.matsim.core.mobsim.framework.listeners.MobsimListener to interface org.matsim.core.mobsim.framework.listeners.MobsimListener
2026-02-25T15:39:54,863  INFO QSimProvider:131 Added MobsimEngine class org.matsim.core.mobsim.qsim.ActivityEngineDefaultImpl
2026-02-25T15:39:54,863  INFO QSimProvider:137 Added Activityhandler class org.matsim.core.mobsim.qsim.ActivityEngineDefaultImpl
2026-02-25T15:39:54,868  INFO QSimProvider:131 Added MobsimEngine class org.matsim.core.mobsim.qsim.qnetsimengine.QNetsimEngineWithThreadpool
2026-02-25T15:39:54,869  INFO QSimProvider:143 Added DepartureHandler class org.matsim.core.mobsim.qsim.qnetsimengine.NetworkModeDepartureHandlerDefaultImpl
2026-02-25T15:39:54,869  INFO QSimProvider:131 Added MobsimEngine class org.matsim.core.mobsim.qsim.DefaultTeleportationEngine
2026-02-25T15:39:54,869  INFO QSimProvider:143 Added DepartureHandler class org.matsim.core.mobsim.qsim.DefaultTeleportationEngine
2026-02-25T15:39:54,869  INFO QSimProvider:149 Added AgentSource class org.matsim.core.mobsim.qsim.agents.PopulationAgentSource
2026-02-25T15:39:54,871  INFO MobsimListenerManager:50 calling addQueueSimulationListener
2026-02-25T15:39:54,871  INFO MobsimListenerManager:54   assigned class org.matsim.core.mobsim.framework.listeners.MobsimListener to interface org.matsim.core.mobsim.framework.listeners.MobsimBeforeSimStepListener
2026-02-25T15:39:54,871  INFO MobsimListenerManager:54   assigned class org.matsim.core.mobsim.framework.listeners.MobsimListener to interface org.matsim.core.mobsim.framework.listeners.MobsimListener
2026-02-25T15:39:54,871  INFO MobsimListenerManager:54   assigned class org.matsim.core.mobsim.framework.listeners.MobsimListener to interface org.matsim.core.mobsim.qsim.messagequeueengine.MessageQueueEngine
2026-02-25T15:39:54,872  INFO QSimProvider:155 Added MobsimListener class org.matsim.core.mobsim.qsim.messagequeueengine.MessageQueueEngine
2026-02-25T15:39:54,872  INFO QSimProvider:131 Added MobsimEngine class org.matsim.core.mobsim.qsim.pt.TransitQSimEngine
2026-02-25T15:39:54,872  INFO QSimProvider:143 Added DepartureHandler class org.matsim.core.mobsim.qsim.pt.TransitQSimEngine
2026-02-25T15:39:54,872  INFO QSimProvider:149 Added AgentSource class org.matsim.core.mobsim.qsim.pt.TransitQSimEngine
2026-02-25T15:39:54,966  INFO ReconstructingUmlaufBuilder:131 Generating UmlaufStuecke ...
2026-02-25T15:39:54,966  INFO ReconstructingUmlaufBuilder:144 ... done generating UmlaufStuecke
2026-02-25T15:39:54,975  INFO AbstractQNetsimEngine:418 Assigned 1137 nodes and 3009 links to QSimEngineRunner #0
2026-02-25T15:39:55,004  INFO AbstractQNetsimEngine:356 SIMULATION (QNetsimEngine) AT 06:00:00 : #links=0 #nodes=2
2026-02-25T15:39:55,004  INFO QSim:552 SIMULATION (NEW QSim) AT 06:00:00 : #Veh=30823 lost=0 simT=0.0s realT=0s; (s/r): 0.0
2026-02-25T15:39:55,232  INFO AbstractQNetsimEngine:356 SIMULATION (QNetsimEngine) AT 07:00:00 : #links=4 #nodes=3
2026-02-25T15:39:55,232  INFO QSim:552 SIMULATION (NEW QSim) AT 07:00:00 : #Veh=30807 lost=0 simT=3600.0s realT=0s; (s/r): Infinity
2026-02-25T15:39:56,634  INFO AbstractQNetsimEngine:356 SIMULATION (QNetsimEngine) AT 08:00:00 : #links=543 #nodes=86
2026-02-25T15:39:56,634  INFO QSim:552 SIMULATION (NEW QSim) AT 08:00:00 : #Veh=30787 lost=0 simT=7200.0s realT=1s; (s/r): 7200.0
2026-02-25T15:39:57,167  INFO MemoryObserver:42 used RAM: 416 MB  free: 440 MB  total: 856 MB
2026-02-25T15:39:58,358  INFO AbstractQNetsimEngine:356 SIMULATION (QNetsimEngine) AT 09:00:00 : #links=564 #nodes=78
2026-02-25T15:39:58,358  INFO QSim:552 SIMULATION (NEW QSim) AT 09:00:00 : #Veh=30767 lost=0 simT=10800.0s realT=3s; (s/r): 3600.0
2026-02-25T15:39:58,914  INFO AbstractQNetsimEngine:356 SIMULATION (QNetsimEngine) AT 10:00:00 : #links=13 #nodes=2
2026-02-25T15:39:58,914  INFO QSim:552 SIMULATION (NEW QSim) AT 10:00:00 : #Veh=30747 lost=0 simT=14400.0s realT=4s; (s/r): 3600.0
2026-02-25T15:39:59,390  INFO AbstractQNetsimEngine:356 SIMULATION (QNetsimEngine) AT 11:00:00 : #links=166 #nodes=18
2026-02-25T15:39:59,391  INFO QSim:552 SIMULATION (NEW QSim) AT 11:00:00 : #Veh=30727 lost=0 simT=18000.0s realT=4s; (s/r): 4500.0
2026-02-25T15:39:59,904  INFO AbstractQNetsimEngine:356 SIMULATION (QNetsimEngine) AT 12:00:00 : #links=167 #nodes=22
2026-02-25T15:39:59,904  INFO QSim:552 SIMULATION (NEW QSim) AT 12:00:00 : #Veh=30707 lost=0 simT=21600.0s realT=5s; (s/r): 4320.0
2026-02-25T15:40:00,497  INFO AbstractQNetsimEngine:356 SIMULATION (QNetsimEngine) AT 13:00:00 : #links=235 #nodes=26
2026-02-25T15:40:00,497  INFO QSim:552 SIMULATION (NEW QSim) AT 13:00:00 : #Veh=30358 lost=0 simT=25200.0s realT=5s; (s/r): 5040.0
2026-02-25T15:40:01,153  INFO AbstractQNetsimEngine:356 SIMULATION (QNetsimEngine) AT 14:00:00 : #links=232 #nodes=30
2026-02-25T15:40:01,153  INFO QSim:552 SIMULATION (NEW QSim) AT 14:00:00 : #Veh=29412 lost=0 simT=28800.0s realT=6s; (s/r): 4800.0
2026-02-25T15:40:01,860  INFO AbstractQNetsimEngine:356 SIMULATION (QNetsimEngine) AT 15:00:00 : #links=288 #nodes=36
2026-02-25T15:40:01,860  INFO QSim:552 SIMULATION (NEW QSim) AT 15:00:00 : #Veh=28004 lost=0 simT=32400.0s realT=6s; (s/r): 5400.0
2026-02-25T15:40:02,448  INFO AbstractQNetsimEngine:356 SIMULATION (QNetsimEngine) AT 16:00:00 : #links=108 #nodes=17
2026-02-25T15:40:02,448  INFO QSim:552 SIMULATION (NEW QSim) AT 16:00:00 : #Veh=26384 lost=0 simT=36000.0s realT=7s; (s/r): 5142.857142857143
2026-02-25T15:40:03,431  INFO AbstractQNetsimEngine:356 SIMULATION (QNetsimEngine) AT 17:00:00 : #links=504 #nodes=82
2026-02-25T15:40:03,431  INFO QSim:552 SIMULATION (NEW QSim) AT 17:00:00 : #Veh=22011 lost=0 simT=39600.0s realT=8s; (s/r): 4950.0
2026-02-25T15:40:04,587  INFO AbstractQNetsimEngine:356 SIMULATION (QNetsimEngine) AT 18:00:00 : #links=499 #nodes=77
2026-02-25T15:40:04,588  INFO QSim:552 SIMULATION (NEW QSim) AT 18:00:00 : #Veh=14525 lost=0 simT=43200.0s realT=9s; (s/r): 4800.0
2026-02-25T15:40:05,762  INFO AbstractQNetsimEngine:356 SIMULATION (QNetsimEngine) AT 19:00:00 : #links=451 #nodes=78
2026-02-25T15:40:05,762  INFO QSim:552 SIMULATION (NEW QSim) AT 19:00:00 : #Veh=6412 lost=0 simT=46800.0s realT=10s; (s/r): 4680.0
2026-02-25T15:40:06,344  INFO AbstractQNetsimEngine:356 SIMULATION (QNetsimEngine) AT 20:00:00 : #links=121 #nodes=14
2026-02-25T15:40:06,345  INFO QSim:552 SIMULATION (NEW QSim) AT 20:00:00 : #Veh=1557 lost=0 simT=50400.0s realT=11s; (s/r): 4581.818181818182
2026-02-25T15:40:06,616  INFO AbstractQNetsimEngine:356 SIMULATION (QNetsimEngine) AT 21:00:00 : #links=5 #nodes=1
2026-02-25T15:40:06,616  INFO QSim:552 SIMULATION (NEW QSim) AT 21:00:00 : #Veh=251 lost=0 simT=54000.0s realT=11s; (s/r): 4909.090909090909
2026-02-25T15:40:06,843  INFO AbstractQNetsimEngine:356 SIMULATION (QNetsimEngine) AT 22:00:00 : #links=4 #nodes=2
2026-02-25T15:40:06,844  INFO QSim:552 SIMULATION (NEW QSim) AT 22:00:00 : #Veh=40 lost=0 simT=57600.0s realT=11s; (s/r): 5236.363636363636
2026-02-25T15:40:07,071  INFO AbstractQNetsimEngine:356 SIMULATION (QNetsimEngine) AT 23:00:00 : #links=4 #nodes=2
2026-02-25T15:40:07,071  INFO QSim:552 SIMULATION (NEW QSim) AT 23:00:00 : #Veh=6 lost=0 simT=61200.0s realT=12s; (s/r): 5100.0
2026-02-25T15:40:07,129  INFO AbstractController$9:237 ### ITERATION 8 fires after mobsim event
2026-02-25T15:40:07,129  INFO ControlerListenerManagerImpl:269 calling notifyAfterMobsim on org.matsim.analysis.LegTimesControlerListener with priority 0.0
2026-02-25T15:40:07,129  INFO Gbl:196 Thread performance: Thread=class org.matsim.core.events.SimStepParallelEventsManagerImpl$ProcessEventsRunnable0  cpu-time=4.828125sec
2026-02-25T15:40:07,131  INFO LegTimesControlerListener:73 [8] average leg duration is: 1751 seconds = 00:29:11
2026-02-25T15:40:07,131  INFO ControlerListenerManagerImpl:269 calling notifyAfterMobsim on org.matsim.core.events.MobsimScopeEventHandling with priority 0.0
2026-02-25T15:40:07,131  INFO ControlerListenerManagerImpl:269 calling notifyAfterMobsim on org.matsim.core.scoring.EventsToActivities$1 with priority 0.0
2026-02-25T15:40:07,157  INFO ControlerListenerManagerImpl:272 [it.8] all ControlerAfterMobsimListeners called.
2026-02-25T15:40:07,157  INFO AbstractController$4:162 ### ITERATION 8 fires scoring event
2026-02-25T15:40:07,157  INFO ControlerListenerManagerImpl:197 calling notifyScoring on org.matsim.core.scoring.PlansScoringImpl with priority 0.0
2026-02-25T15:40:07,173  INFO NewScoreAssignerImpl:60 it: 8 msaStart: null
2026-02-25T15:40:07,186  INFO ControlerListenerManagerImpl:209 [it.8] all ControlerScoringListeners called.
2026-02-25T15:40:07,187  INFO AbstractController$5:170 ### ITERATION 8 fires iteration end event
2026-02-25T15:40:07,187  INFO ControlerListenerManagerImpl:172 calling notifyIterationEnds on org.matsim.core.controler.corelisteners.EventsHandlingImpl with priority 0.0
2026-02-25T15:40:07,187  INFO ControlerListenerManagerImpl:172 calling notifyIterationEnds on org.matsim.core.scoring.PlansScoringImpl with priority 0.0
2026-02-25T15:40:07,196  INFO ControlerListenerManagerImpl:180 calling notifyIterationEnds on org.matsim.counts.CountsControlerListener with priority 0.0
2026-02-25T15:40:07,197  INFO ControlerListenerManagerImpl:180 calling notifyIterationEnds on org.matsim.analysis.ModeChoiceCoverageControlerListener with priority 0.0
2026-02-25T15:40:07,315  INFO ModeChoiceCoverageControlerListener:144 -- mode choice coverage (1x) of mode car = 0.6333781700075457
2026-02-25T15:40:07,316  INFO ModeChoiceCoverageControlerListener:144 -- mode choice coverage (1x) of mode pt = 0.2785177651651849
2026-02-25T15:40:07,316  INFO ModeChoiceCoverageControlerListener:144 -- mode choice coverage (1x) of mode walk = 0.5993241691545553
2026-02-25T15:40:07,316  INFO ModeChoiceCoverageControlerListener:144 -- mode choice coverage (5x) of mode car = 0.5320855614973262
2026-02-25T15:40:07,316  INFO ModeChoiceCoverageControlerListener:144 -- mode choice coverage (5x) of mode pt = 0.1399396345264263
2026-02-25T15:40:07,316  INFO ModeChoiceCoverageControlerListener:144 -- mode choice coverage (5x) of mode walk = 0.3214133394573669
2026-02-25T15:40:07,317  INFO ModeChoiceCoverageControlerListener:144 -- mode choice coverage (10x) of mode car = 0.0
2026-02-25T15:40:07,317  INFO ModeChoiceCoverageControlerListener:144 -- mode choice coverage (10x) of mode pt = 0.0
2026-02-25T15:40:07,317  INFO ModeChoiceCoverageControlerListener:144 -- mode choice coverage (10x) of mode walk = 0.0
2026-02-25T15:40:07,516  INFO ControlerListenerManagerImpl:180 calling notifyIterationEnds on org.matsim.analysis.ModeStatsControlerListener with priority 0.0
2026-02-25T15:40:07,588  INFO ModeStatsControlerListener:133 Mode shares over all 60962.0 trips found. MainModeIdentifier: class org.matsim.core.router.DefaultAnalysisMainModeIdentifier
2026-02-25T15:40:07,588  INFO ModeStatsControlerListener:140 -- mode share of mode car = 0.5084642892293559
2026-02-25T15:40:07,589  INFO ModeStatsControlerListener:140 -- mode share of mode pt = 0.14356484367310784
2026-02-25T15:40:07,589  INFO ModeStatsControlerListener:140 -- mode share of mode walk = 0.34797086709753616
2026-02-25T15:40:07,723  INFO ControlerListenerManagerImpl:180 calling notifyIterationEnds on org.matsim.analysis.ScoreStatsControlerListener with priority 0.0
2026-02-25T15:40:07,732  INFO ScoreStatsControlerListener:154 -- avg. score of the executed plan of each agent: 125.74943936931972
2026-02-25T15:40:07,732  INFO ScoreStatsControlerListener:155 -- avg. score of the worst plan of each agent: 120.51680670189235
2026-02-25T15:40:07,732  INFO ScoreStatsControlerListener:156 -- avg. of the avg. plan score per agent: 123.69049996723982
2026-02-25T15:40:07,732  INFO ScoreStatsControlerListener:157 -- avg. score of the best plan of each agent: 126.3825511987097
2026-02-25T15:40:07,781  INFO ControlerListenerManagerImpl:180 calling notifyIterationEnds on org.matsim.analysis.IterationTravelStatsControlerListener with priority 0.0
2026-02-25T15:40:07,803  INFO TravelDistanceStats:115 -- average leg distance per plan (executed plans only): 3497.853194099894 meters
2026-02-25T15:40:07,804  INFO TravelDistanceStats:116 average leg distance per Person (executed plans only): 9004.381376209516 meters (statistic on all 78466 legs which have a finite distance)
2026-02-25T15:40:07,804  INFO TravelDistanceStats:117 -- average trip distance per plan (executed plans only): 4502.190688104758 meters
2026-02-25T15:40:07,804  INFO TravelDistanceStats:118 average trip distance per Person (executed plans only): 9004.381376209516 meters (statistic on all 60962 trips which have a finite distance)
2026-02-25T15:40:07,804  INFO TravelDistanceStats:119 (TravelDistanceStats takes an average over all legs where the simulation reports travelled (network) distances
2026-02-25T15:40:07,804  INFO TravelDistanceStats:120 (and teleported legs whose route contains a distance.)
2026-02-25T15:40:07,931  INFO ControlerListenerManagerImpl:180 calling notifyIterationEnds on org.matsim.analysis.LegTimesControlerListener with priority 0.0
2026-02-25T15:40:07,932  INFO EventsManagerImpl:164 removing Event-Handler: org.matsim.analysis.CalcLegTimes
2026-02-25T15:40:07,932  INFO EventsManagerImpl:164 removing Event-Handler: org.matsim.analysis.CalcLegTimes
2026-02-25T15:40:07,932  INFO ControlerListenerManagerImpl:180 calling notifyIterationEnds on org.matsim.analysis.LegHistogramListener with priority 0.0
2026-02-25T15:40:07,935  INFO LegHistogramListener:78 number of legs:	784660	100%
2026-02-25T15:40:07,935  INFO LegHistogramListener:85 number of car legs:	309970	39.50373410139424%
2026-02-25T15:40:07,935  INFO LegHistogramListener:85 number of pt legs:	87520	11.153875563938522%
2026-02-25T15:40:07,936  INFO LegHistogramListener:85 number of walk legs:	387170	49.34239033466724%
2026-02-25T15:40:08,176  INFO ControlerListenerManagerImpl:180 calling notifyIterationEnds on org.matsim.analysis.LinkStatsControlerListener with priority 0.0
2026-02-25T15:40:08,176  INFO ControlerListenerManagerImpl:184 [it.8] all ControlerIterationEndsListeners called.
2026-02-25T15:40:08,246  INFO AbstractController:184 ### ITERATION 8 ENDS
2026-02-25T15:40:08,246  INFO AbstractController:185 ###################################################
2026-02-25T15:40:08,246  INFO AbstractController:136 ###################################################
2026-02-25T15:40:08,246  INFO AbstractController:137 ### ITERATION 9 BEGINS
2026-02-25T15:40:08,248  INFO ControlerListenerManagerImpl:156 calling notifyIterationStarts on org.matsim.analysis.LegTimesControlerListener with priority 0.0
2026-02-25T15:40:08,248  INFO EventsManagerImpl:139 === Logging of event-handlers skipped ===
2026-02-25T15:40:08,248  INFO EventsManagerImpl:140 To enable debug output, set an environment variable i.e. export LOG_LEVEL='debug', or set log.setLogLevel(Level.DEBUG) in your run class.
2026-02-25T15:40:08,248  INFO EventsManagerImpl:210     > org.matsim.api.core.v01.events.PersonDepartureEvent
2026-02-25T15:40:08,248  INFO EventsManagerImpl:210     > org.matsim.api.core.v01.events.PersonArrivalEvent
2026-02-25T15:40:08,248  INFO EventsManagerImpl:210     > org.matsim.api.core.v01.events.ActivityEndEvent
2026-02-25T15:40:08,249  INFO EventsManagerImpl:210     > org.matsim.api.core.v01.events.ActivityStartEvent
2026-02-25T15:40:08,249  INFO EventsManagerImpl:139 === Logging of event-handlers skipped ===
2026-02-25T15:40:08,249  INFO EventsManagerImpl:140 To enable debug output, set an environment variable i.e. export LOG_LEVEL='debug', or set log.setLogLevel(Level.DEBUG) in your run class.
2026-02-25T15:40:08,249  INFO EventsManagerImpl:210     > org.matsim.api.core.v01.events.PersonDepartureEvent
2026-02-25T15:40:08,249  INFO EventsManagerImpl:210     > org.matsim.api.core.v01.events.PersonArrivalEvent
2026-02-25T15:40:08,249  INFO EventsManagerImpl:210     > org.matsim.api.core.v01.events.ActivityEndEvent
2026-02-25T15:40:08,249  INFO EventsManagerImpl:210     > org.matsim.api.core.v01.events.ActivityStartEvent
2026-02-25T15:40:08,250  INFO ControlerListenerManagerImpl:156 calling notifyIterationStarts on org.matsim.analysis.LegHistogramListener with priority 0.0
2026-02-25T15:40:08,250  INFO EventsManagerImpl:139 === Logging of event-handlers skipped ===
2026-02-25T15:40:08,251  INFO EventsManagerImpl:140 To enable debug output, set an environment variable i.e. export LOG_LEVEL='debug', or set log.setLogLevel(Level.DEBUG) in your run class.
2026-02-25T15:40:08,251  INFO EventsManagerImpl:210     > org.matsim.api.core.v01.events.PersonDepartureEvent
2026-02-25T15:40:08,251  INFO EventsManagerImpl:210     > org.matsim.api.core.v01.events.PersonArrivalEvent
2026-02-25T15:40:08,252  INFO EventsManagerImpl:210     > org.matsim.api.core.v01.events.PersonStuckEvent
2026-02-25T15:40:08,252  INFO EventsManagerImpl:139 === Logging of event-handlers skipped ===
2026-02-25T15:40:08,252  INFO EventsManagerImpl:140 To enable debug output, set an environment variable i.e. export LOG_LEVEL='debug', or set log.setLogLevel(Level.DEBUG) in your run class.
2026-02-25T15:40:08,252  INFO EventsManagerImpl:210     > org.matsim.api.core.v01.events.PersonDepartureEvent
2026-02-25T15:40:08,253  INFO EventsManagerImpl:210     > org.matsim.api.core.v01.events.PersonArrivalEvent
2026-02-25T15:40:08,253  INFO EventsManagerImpl:210     > org.matsim.api.core.v01.events.PersonStuckEvent
2026-02-25T15:40:08,253  INFO ControlerListenerManagerImpl:156 calling notifyIterationStarts on org.matsim.analysis.LinkStatsControlerListener with priority 0.0
2026-02-25T15:40:08,253  INFO ControlerListenerManagerImpl:156 calling notifyIterationStarts on org.matsim.core.replanning.ReplanningContextImpl with priority 0.0
2026-02-25T15:40:08,253  INFO ControlerListenerManagerImpl:156 calling notifyIterationStarts on org.matsim.core.scoring.ScoringFunctionsForPopulation$$Lambda/0x000001a9da52eeb0 with priority 0.0
2026-02-25T15:40:08,274  INFO ControlerListenerManagerImpl:156 calling notifyIterationStarts on org.matsim.core.scoring.ExperiencedPlansServiceImpl$1 with priority 0.0
2026-02-25T15:40:08,277  INFO ControlerListenerManagerImpl:159 [it.9] all ControlerIterationStartsListeners called.
2026-02-25T15:40:08,277  INFO ControlerListenerManagerImpl:221 calling notifyReplanning on org.matsim.core.controler.corelisteners.PlansReplanningImpl with priority 0.0
2026-02-25T15:40:08,277  WARN NetworkRoutingProvider:137 [mode: car; routingMode: car] Using deprecated routing module without access/egress. Consider using AccessEgressNetworkRouter instead.
2026-02-25T15:40:08,279  WARN NetworkRoutingProvider:137 [mode: car; routingMode: car] Using deprecated routing module without access/egress. Consider using AccessEgressNetworkRouter instead.
2026-02-25T15:40:08,280  INFO ChooseRandomLegModeForSubtour:137 Chain based modes: [car]
2026-02-25T15:40:08,280  INFO ChooseRandomLegModeForSubtour:137 Chain based modes: [car]
2026-02-25T15:40:08,310  INFO GenericPlanStrategyImpl:135 Plan-Strategy finished, 24385 plans handled. Strategy: BestPlanSelector
2026-02-25T15:40:08,310  INFO AbstractMultithreadedModule:142 [PlanRouter] starting 2 threads, handling 3028 plans
2026-02-25T15:40:08,312  INFO Counter:70 [PlanRouter] handled plan # 1
2026-02-25T15:40:08,313  INFO Counter:70 [PlanRouter] handled plan # 4
2026-02-25T15:40:08,313  INFO Counter:70 [PlanRouter] handled plan # 2
2026-02-25T15:40:08,313  INFO Counter:70 [PlanRouter] handled plan # 8
2026-02-25T15:40:08,313  INFO Counter:70 [PlanRouter] handled plan # 16
2026-02-25T15:40:08,316  INFO Counter:70 [PlanRouter] handled plan # 32
2026-02-25T15:40:08,318  INFO Counter:70 [PlanRouter] handled plan # 64
2026-02-25T15:40:08,323  INFO Counter:70 [PlanRouter] handled plan # 128
2026-02-25T15:40:08,335  INFO Counter:70 [PlanRouter] handled plan # 256
2026-02-25T15:40:08,351  INFO Counter:70 [PlanRouter] handled plan # 512
2026-02-25T15:40:08,382  INFO Counter:70 [PlanRouter] handled plan # 1024
2026-02-25T15:40:08,440  INFO Counter:70 [PlanRouter] handled plan # 2048
2026-02-25T15:40:08,518  INFO AbstractMultithreadedModule:157 [PlanRouter] all 2 threads finished.
2026-02-25T15:40:08,519  INFO GenericPlanStrategyImpl:135 Plan-Strategy finished, 3028 plans handled. Strategy: RandomPlanSelector_ReRoute
2026-02-25T15:40:08,519  INFO AbstractMultithreadedModule:142 [ChooseRandomLegModeForSubtour] starting 2 threads, handling 3068 plans
2026-02-25T15:40:08,520  INFO Counter:70 [ChooseRandomLegModeForSubtour] handled plan # 2
2026-02-25T15:40:08,520  INFO Counter:70 [ChooseRandomLegModeForSubtour] handled plan # 1
2026-02-25T15:40:08,521  INFO Counter:70 [ChooseRandomLegModeForSubtour] handled plan # 4
2026-02-25T15:40:08,521  INFO Counter:70 [ChooseRandomLegModeForSubtour] handled plan # 8
2026-02-25T15:40:08,521  INFO Counter:70 [ChooseRandomLegModeForSubtour] handled plan # 16
2026-02-25T15:40:08,521  INFO Counter:70 [ChooseRandomLegModeForSubtour] handled plan # 32
2026-02-25T15:40:08,521  INFO Counter:70 [ChooseRandomLegModeForSubtour] handled plan # 64
2026-02-25T15:40:08,521  INFO Counter:70 [ChooseRandomLegModeForSubtour] handled plan # 128
2026-02-25T15:40:08,523  INFO Counter:70 [ChooseRandomLegModeForSubtour] handled plan # 256
2026-02-25T15:40:08,523  INFO Counter:70 [ChooseRandomLegModeForSubtour] handled plan # 512
2026-02-25T15:40:08,525  INFO Counter:70 [ChooseRandomLegModeForSubtour] handled plan # 1024
2026-02-25T15:40:08,527  INFO Counter:70 [ChooseRandomLegModeForSubtour] handled plan # 2048
2026-02-25T15:40:08,530  INFO AbstractMultithreadedModule:157 [ChooseRandomLegModeForSubtour] all 2 threads finished.
2026-02-25T15:40:08,531  WARN NetworkRoutingProvider:137 [mode: car; routingMode: car] Using deprecated routing module without access/egress. Consider using AccessEgressNetworkRouter instead.
2026-02-25T15:40:08,532  WARN NetworkRoutingProvider:137 [mode: car; routingMode: car] Using deprecated routing module without access/egress. Consider using AccessEgressNetworkRouter instead.
2026-02-25T15:40:08,533  INFO AbstractMultithreadedModule:142 [PlanRouter] starting 2 threads, handling 3068 plans
2026-02-25T15:40:08,534  INFO Counter:70 [PlanRouter] handled plan # 1
2026-02-25T15:40:08,534  INFO Counter:70 [PlanRouter] handled plan # 2
2026-02-25T15:40:08,534  INFO Counter:70 [PlanRouter] handled plan # 4
2026-02-25T15:40:08,535  INFO Counter:70 [PlanRouter] handled plan # 8
2026-02-25T15:40:08,535  INFO Counter:70 [PlanRouter] handled plan # 16
2026-02-25T15:40:08,537  INFO Counter:70 [PlanRouter] handled plan # 32
2026-02-25T15:40:08,538  INFO Counter:70 [PlanRouter] handled plan # 64
2026-02-25T15:40:08,540  INFO Counter:70 [PlanRouter] handled plan # 128
2026-02-25T15:40:08,546  INFO Counter:70 [PlanRouter] handled plan # 256
2026-02-25T15:40:08,552  INFO Counter:70 [PlanRouter] handled plan # 512
2026-02-25T15:40:08,594  INFO Counter:70 [PlanRouter] handled plan # 1024
2026-02-25T15:40:08,621  INFO Counter:70 [PlanRouter] handled plan # 2048
2026-02-25T15:40:08,652  INFO AbstractMultithreadedModule:157 [PlanRouter] all 2 threads finished.
2026-02-25T15:40:08,652  INFO GenericPlanStrategyImpl:135 Plan-Strategy finished, 3068 plans handled. Strategy: RandomPlanSelector_SubtourModeChoice_ReRoute
2026-02-25T15:40:08,653  INFO ControlerListenerManagerImpl:230 [it.9] all ControlerReplanningListeners called.
2026-02-25T15:40:08,653  INFO ControlerListenerManagerImpl:242 calling notifyBeforeMobsim on org.matsim.core.controler.corelisteners.EventsHandlingImpl with priority 0.0
2026-02-25T15:40:08,653  INFO EventsManagerImpl:173 resetting Event-Handlers
2026-02-25T15:40:08,653  INFO EventsManagerImpl:180   org.matsim.core.trafficmonitoring.TravelTimeCalculator
2026-02-25T15:40:08,654  INFO EventsManagerImpl:180   org.matsim.analysis.VolumesAnalyzer
2026-02-25T15:40:08,655  INFO EventsManagerImpl:180   org.matsim.core.scoring.ScoringFunctionsForPopulation
2026-02-25T15:40:08,655  INFO EventsManagerImpl:180   org.matsim.analysis.LegHistogram
2026-02-25T15:40:08,655  INFO EventsManagerImpl:180   org.matsim.analysis.CalcLegTimes
2026-02-25T15:40:08,655  INFO EventsManagerImpl:180   ch.sbb.matsim.routing.pt.raptor.SwissRailRaptorFactory$$Lambda/0x000001a9da5de1f0
2026-02-25T15:40:08,656  INFO ControlerListenerManagerImpl:242 calling notifyBeforeMobsim on org.matsim.core.controler.corelisteners.PlansDumpingImpl with priority 0.0
2026-02-25T15:40:08,656  INFO ControlerListenerManagerImpl:248 calling notifyBeforeMobsim on org.matsim.core.population.VspPlansCleaner with priority 0.0
2026-02-25T15:40:08,675  INFO ControlerListenerManagerImpl:251 [it.9] all ControlerBeforeMobsimListeners called.
2026-02-25T15:40:08,676  INFO PrepareForMobsimImpl:86 Network seems to be multimodal. Create car-only network which is handed over to PersonPrepareForSim.
2026-02-25T15:40:08,676  INFO NetworkImpl:165  node # 1
2026-02-25T15:40:08,676  INFO NetworkImpl:165  node # 4
2026-02-25T15:40:08,677  INFO NetworkImpl:165  node # 16
2026-02-25T15:40:08,677  INFO NetworkImpl:165  node # 64
2026-02-25T15:40:08,677  INFO NetworkImpl:165  node # 256
2026-02-25T15:40:08,678  INFO NetworkImpl:165  node # 1024
2026-02-25T15:40:08,678  INFO NetworkImpl:161  link # 1
2026-02-25T15:40:08,679  INFO NetworkImpl:161  link # 4
2026-02-25T15:40:08,679  INFO NetworkImpl:161  link # 16
2026-02-25T15:40:08,679  INFO NetworkImpl:161  link # 64
2026-02-25T15:40:08,680  INFO NetworkImpl:161  link # 256
2026-02-25T15:40:08,681  INFO NetworkImpl:161  link # 1024
2026-02-25T15:40:08,686  WARN NetworkRoutingProvider:137 [mode: car; routingMode: car] Using deprecated routing module without access/egress. Consider using AccessEgressNetworkRouter instead.
2026-02-25T15:40:08,687  WARN NetworkRoutingProvider:137 [mode: car; routingMode: car] Using deprecated routing module without access/egress. Consider using AccessEgressNetworkRouter instead.
2026-02-25T15:40:08,689  INFO Counter:70 [PersonPrepareForSim] handled person # 1
2026-02-25T15:40:08,690  INFO Counter:70 [PersonPrepareForSim] handled person # 2
2026-02-25T15:40:08,690  INFO Counter:70 [PersonPrepareForSim] handled person # 4
2026-02-25T15:40:08,690  INFO Counter:70 [PersonPrepareForSim] handled person # 8
2026-02-25T15:40:08,690  INFO Counter:70 [PersonPrepareForSim] handled person # 16
2026-02-25T15:40:08,690  INFO Counter:70 [PersonPrepareForSim] handled person # 32
2026-02-25T15:40:08,690  INFO Counter:70 [PersonPrepareForSim] handled person # 64
2026-02-25T15:40:08,692  INFO Counter:70 [PersonPrepareForSim] handled person # 128
2026-02-25T15:40:08,692  INFO Counter:70 [PersonPrepareForSim] handled person # 256
2026-02-25T15:40:08,693  INFO Counter:70 [PersonPrepareForSim] handled person # 512
2026-02-25T15:40:08,695  INFO Counter:70 [PersonPrepareForSim] handled person # 1024
2026-02-25T15:40:08,700  INFO Counter:70 [PersonPrepareForSim] handled person # 2048
2026-02-25T15:40:08,709  INFO Counter:70 [PersonPrepareForSim] handled person # 4096
2026-02-25T15:40:08,726  INFO Counter:70 [PersonPrepareForSim] handled person # 8192
2026-02-25T15:40:08,763  INFO Counter:70 [PersonPrepareForSim] handled person # 16384
2026-02-25T15:40:08,820  INFO Counter:75 [PersonPrepareForSim] handled person # 30481
2026-02-25T15:40:08,835  INFO MobsimListenerManager:50 calling addQueueSimulationListener
2026-02-25T15:40:08,835  INFO MobsimListenerManager:54   assigned class org.matsim.core.mobsim.framework.listeners.MobsimListener to interface org.matsim.vis.snapshotwriters.SnapshotWriterManager
2026-02-25T15:40:08,836  INFO MobsimListenerManager:54   assigned class org.matsim.core.mobsim.framework.listeners.MobsimListener to interface org.matsim.core.mobsim.framework.listeners.MobsimInitializedListener
2026-02-25T15:40:08,836  INFO MobsimListenerManager:54   assigned class org.matsim.core.mobsim.framework.listeners.MobsimListener to interface org.matsim.core.mobsim.framework.listeners.MobsimAfterSimStepListener
2026-02-25T15:40:08,836  INFO MobsimListenerManager:54   assigned class org.matsim.core.mobsim.framework.listeners.MobsimListener to interface org.matsim.core.mobsim.framework.listeners.MobsimBeforeCleanupListener
2026-02-25T15:40:08,836  INFO MobsimListenerManager:54   assigned class org.matsim.core.mobsim.framework.listeners.MobsimListener to interface org.matsim.core.mobsim.framework.listeners.MobsimListener
2026-02-25T15:40:08,837  INFO QSimProvider:131 Added MobsimEngine class org.matsim.core.mobsim.qsim.ActivityEngineDefaultImpl
2026-02-25T15:40:08,838  INFO QSimProvider:137 Added Activityhandler class org.matsim.core.mobsim.qsim.ActivityEngineDefaultImpl
2026-02-25T15:40:08,842  INFO QSimProvider:131 Added MobsimEngine class org.matsim.core.mobsim.qsim.qnetsimengine.QNetsimEngineWithThreadpool
2026-02-25T15:40:08,842  INFO QSimProvider:143 Added DepartureHandler class org.matsim.core.mobsim.qsim.qnetsimengine.NetworkModeDepartureHandlerDefaultImpl
2026-02-25T15:40:08,842  INFO QSimProvider:131 Added MobsimEngine class org.matsim.core.mobsim.qsim.DefaultTeleportationEngine
2026-02-25T15:40:08,842  INFO QSimProvider:143 Added DepartureHandler class org.matsim.core.mobsim.qsim.DefaultTeleportationEngine
2026-02-25T15:40:08,842  INFO QSimProvider:149 Added AgentSource class org.matsim.core.mobsim.qsim.agents.PopulationAgentSource
2026-02-25T15:40:08,843  INFO MobsimListenerManager:50 calling addQueueSimulationListener
2026-02-25T15:40:08,844  INFO MobsimListenerManager:54   assigned class org.matsim.core.mobsim.framework.listeners.MobsimListener to interface org.matsim.core.mobsim.framework.listeners.MobsimBeforeSimStepListener
2026-02-25T15:40:08,844  INFO MobsimListenerManager:54   assigned class org.matsim.core.mobsim.framework.listeners.MobsimListener to interface org.matsim.core.mobsim.framework.listeners.MobsimListener
2026-02-25T15:40:08,844  INFO MobsimListenerManager:54   assigned class org.matsim.core.mobsim.framework.listeners.MobsimListener to interface org.matsim.core.mobsim.qsim.messagequeueengine.MessageQueueEngine
2026-02-25T15:40:08,844  INFO QSimProvider:155 Added MobsimListener class org.matsim.core.mobsim.qsim.messagequeueengine.MessageQueueEngine
2026-02-25T15:40:08,845  INFO QSimProvider:131 Added MobsimEngine class org.matsim.core.mobsim.qsim.pt.TransitQSimEngine
2026-02-25T15:40:08,845  INFO QSimProvider:143 Added DepartureHandler class org.matsim.core.mobsim.qsim.pt.TransitQSimEngine
2026-02-25T15:40:08,845  INFO QSimProvider:149 Added AgentSource class org.matsim.core.mobsim.qsim.pt.TransitQSimEngine
2026-02-25T15:40:08,908  INFO ReconstructingUmlaufBuilder:131 Generating UmlaufStuecke ...
2026-02-25T15:40:08,909  INFO ReconstructingUmlaufBuilder:144 ... done generating UmlaufStuecke
2026-02-25T15:40:08,914  INFO AbstractQNetsimEngine:418 Assigned 1137 nodes and 3009 links to QSimEngineRunner #0
2026-02-25T15:40:08,929  INFO AbstractQNetsimEngine:356 SIMULATION (QNetsimEngine) AT 06:00:00 : #links=0 #nodes=2
2026-02-25T15:40:08,930  INFO QSim:552 SIMULATION (NEW QSim) AT 06:00:00 : #Veh=30823 lost=0 simT=0.0s realT=0s; (s/r): 0.0
2026-02-25T15:40:09,161  INFO AbstractQNetsimEngine:356 SIMULATION (QNetsimEngine) AT 07:00:00 : #links=4 #nodes=3
2026-02-25T15:40:09,162  INFO QSim:552 SIMULATION (NEW QSim) AT 07:00:00 : #Veh=30807 lost=0 simT=3600.0s realT=0s; (s/r): Infinity
2026-02-25T15:40:10,374  INFO AbstractQNetsimEngine:356 SIMULATION (QNetsimEngine) AT 08:00:00 : #links=547 #nodes=87
2026-02-25T15:40:10,375  INFO QSim:552 SIMULATION (NEW QSim) AT 08:00:00 : #Veh=30787 lost=0 simT=7200.0s realT=1s; (s/r): 7200.0
2026-02-25T15:40:12,263  INFO AbstractQNetsimEngine:356 SIMULATION (QNetsimEngine) AT 09:00:00 : #links=562 #nodes=84
2026-02-25T15:40:12,264  INFO QSim:552 SIMULATION (NEW QSim) AT 09:00:00 : #Veh=30767 lost=0 simT=10800.0s realT=3s; (s/r): 3600.0
2026-02-25T15:40:12,843  INFO AbstractQNetsimEngine:356 SIMULATION (QNetsimEngine) AT 10:00:00 : #links=6 #nodes=2
2026-02-25T15:40:12,843  INFO QSim:552 SIMULATION (NEW QSim) AT 10:00:00 : #Veh=30747 lost=0 simT=14400.0s realT=4s; (s/r): 3600.0
2026-02-25T15:40:13,313  INFO AbstractQNetsimEngine:356 SIMULATION (QNetsimEngine) AT 11:00:00 : #links=162 #nodes=15
2026-02-25T15:40:13,313  INFO QSim:552 SIMULATION (NEW QSim) AT 11:00:00 : #Veh=30727 lost=0 simT=18000.0s realT=4s; (s/r): 4500.0
2026-02-25T15:40:13,812  INFO AbstractQNetsimEngine:356 SIMULATION (QNetsimEngine) AT 12:00:00 : #links=165 #nodes=25
2026-02-25T15:40:13,812  INFO QSim:552 SIMULATION (NEW QSim) AT 12:00:00 : #Veh=30707 lost=0 simT=21600.0s realT=4s; (s/r): 5400.0
2026-02-25T15:40:14,315  INFO AbstractQNetsimEngine:356 SIMULATION (QNetsimEngine) AT 13:00:00 : #links=218 #nodes=23
2026-02-25T15:40:14,315  INFO QSim:552 SIMULATION (NEW QSim) AT 13:00:00 : #Veh=30355 lost=0 simT=25200.0s realT=5s; (s/r): 5040.0
2026-02-25T15:40:14,869  INFO AbstractQNetsimEngine:356 SIMULATION (QNetsimEngine) AT 14:00:00 : #links=246 #nodes=29
2026-02-25T15:40:14,869  INFO QSim:552 SIMULATION (NEW QSim) AT 14:00:00 : #Veh=29417 lost=0 simT=28800.0s realT=6s; (s/r): 4800.0
2026-02-25T15:40:15,568  INFO AbstractQNetsimEngine:356 SIMULATION (QNetsimEngine) AT 15:00:00 : #links=295 #nodes=39
2026-02-25T15:40:15,568  INFO QSim:552 SIMULATION (NEW QSim) AT 15:00:00 : #Veh=28001 lost=0 simT=32400.0s realT=6s; (s/r): 5400.0
2026-02-25T15:40:16,252  INFO AbstractQNetsimEngine:356 SIMULATION (QNetsimEngine) AT 16:00:00 : #links=108 #nodes=14
2026-02-25T15:40:16,252  INFO QSim:552 SIMULATION (NEW QSim) AT 16:00:00 : #Veh=26384 lost=0 simT=36000.0s realT=7s; (s/r): 5142.857142857143
2026-02-25T15:40:17,268  INFO AbstractQNetsimEngine:356 SIMULATION (QNetsimEngine) AT 17:00:00 : #links=501 #nodes=77
2026-02-25T15:40:17,269  INFO QSim:552 SIMULATION (NEW QSim) AT 17:00:00 : #Veh=21969 lost=0 simT=39600.0s realT=8s; (s/r): 4950.0
2026-02-25T15:40:18,621  INFO AbstractQNetsimEngine:356 SIMULATION (QNetsimEngine) AT 18:00:00 : #links=490 #nodes=73
2026-02-25T15:40:18,621  INFO QSim:552 SIMULATION (NEW QSim) AT 18:00:00 : #Veh=14375 lost=0 simT=43200.0s realT=9s; (s/r): 4800.0
2026-02-25T15:40:19,961  INFO AbstractQNetsimEngine:356 SIMULATION (QNetsimEngine) AT 19:00:00 : #links=458 #nodes=84
2026-02-25T15:40:19,962  INFO QSim:552 SIMULATION (NEW QSim) AT 19:00:00 : #Veh=6238 lost=0 simT=46800.0s realT=11s; (s/r): 4254.545454545455
2026-02-25T15:40:20,600  INFO AbstractQNetsimEngine:356 SIMULATION (QNetsimEngine) AT 20:00:00 : #links=128 #nodes=14
2026-02-25T15:40:20,600  INFO QSim:552 SIMULATION (NEW QSim) AT 20:00:00 : #Veh=1543 lost=0 simT=50400.0s realT=11s; (s/r): 4581.818181818182
2026-02-25T15:40:20,885  INFO AbstractQNetsimEngine:356 SIMULATION (QNetsimEngine) AT 21:00:00 : #links=5 #nodes=1
2026-02-25T15:40:20,886  INFO QSim:552 SIMULATION (NEW QSim) AT 21:00:00 : #Veh=255 lost=0 simT=54000.0s realT=12s; (s/r): 4500.0
2026-02-25T15:40:21,113  INFO AbstractQNetsimEngine:356 SIMULATION (QNetsimEngine) AT 22:00:00 : #links=4 #nodes=2
2026-02-25T15:40:21,113  INFO QSim:552 SIMULATION (NEW QSim) AT 22:00:00 : #Veh=44 lost=0 simT=57600.0s realT=12s; (s/r): 4800.0
2026-02-25T15:40:21,338  INFO AbstractQNetsimEngine:356 SIMULATION (QNetsimEngine) AT 23:00:00 : #links=4 #nodes=2
2026-02-25T15:40:21,339  INFO QSim:552 SIMULATION (NEW QSim) AT 23:00:00 : #Veh=6 lost=0 simT=61200.0s realT=12s; (s/r): 5100.0
2026-02-25T15:40:21,387  INFO AbstractController$9:237 ### ITERATION 9 fires after mobsim event
2026-02-25T15:40:21,387  INFO ControlerListenerManagerImpl:269 calling notifyAfterMobsim on org.matsim.analysis.LegTimesControlerListener with priority 0.0
2026-02-25T15:40:21,387  INFO Gbl:196 Thread performance: Thread=class org.matsim.core.events.SimStepParallelEventsManagerImpl$ProcessEventsRunnable0  cpu-time=5.25sec
2026-02-25T15:40:21,388  INFO LegTimesControlerListener:73 [9] average leg duration is: 1719 seconds = 00:28:39
2026-02-25T15:40:21,389  INFO ControlerListenerManagerImpl:269 calling notifyAfterMobsim on org.matsim.core.events.MobsimScopeEventHandling with priority 0.0
2026-02-25T15:40:21,389  INFO ControlerListenerManagerImpl:269 calling notifyAfterMobsim on org.matsim.core.scoring.EventsToActivities$1 with priority 0.0
2026-02-25T15:40:21,412  INFO ControlerListenerManagerImpl:272 [it.9] all ControlerAfterMobsimListeners called.
2026-02-25T15:40:21,412  INFO AbstractController$4:162 ### ITERATION 9 fires scoring event
2026-02-25T15:40:21,412  INFO ControlerListenerManagerImpl:197 calling notifyScoring on org.matsim.core.scoring.PlansScoringImpl with priority 0.0
2026-02-25T15:40:21,426  INFO NewScoreAssignerImpl:60 it: 9 msaStart: null
2026-02-25T15:40:21,438  INFO ControlerListenerManagerImpl:209 [it.9] all ControlerScoringListeners called.
2026-02-25T15:40:21,438  INFO AbstractController$5:170 ### ITERATION 9 fires iteration end event
2026-02-25T15:40:21,438  INFO ControlerListenerManagerImpl:172 calling notifyIterationEnds on org.matsim.core.controler.corelisteners.EventsHandlingImpl with priority 0.0
2026-02-25T15:40:21,438  INFO ControlerListenerManagerImpl:172 calling notifyIterationEnds on org.matsim.core.scoring.PlansScoringImpl with priority 0.0
2026-02-25T15:40:21,448  INFO ControlerListenerManagerImpl:180 calling notifyIterationEnds on org.matsim.counts.CountsControlerListener with priority 0.0
2026-02-25T15:40:21,448  INFO ControlerListenerManagerImpl:180 calling notifyIterationEnds on org.matsim.analysis.ModeChoiceCoverageControlerListener with priority 0.0
2026-02-25T15:40:21,551  INFO ModeChoiceCoverageControlerListener:144 -- mode choice coverage (1x) of mode car = 0.6423837800597093
2026-02-25T15:40:21,551  INFO ModeChoiceCoverageControlerListener:144 -- mode choice coverage (1x) of mode pt = 0.2916735015255405
2026-02-25T15:40:21,552  INFO ModeChoiceCoverageControlerListener:144 -- mode choice coverage (1x) of mode walk = 0.6246678258587317
2026-02-25T15:40:21,552  INFO ModeChoiceCoverageControlerListener:144 -- mode choice coverage (5x) of mode car = 0.5445523440831994
2026-02-25T15:40:21,552  INFO ModeChoiceCoverageControlerListener:144 -- mode choice coverage (5x) of mode pt = 0.14364686197959384
2026-02-25T15:40:21,552  INFO ModeChoiceCoverageControlerListener:144 -- mode choice coverage (5x) of mode walk = 0.32892621633148517
2026-02-25T15:40:21,552  INFO ModeChoiceCoverageControlerListener:144 -- mode choice coverage (10x) of mode car = 0.21434664217053245
2026-02-25T15:40:21,552  INFO ModeChoiceCoverageControlerListener:144 -- mode choice coverage (10x) of mode pt = 0.06979757881959253
2026-02-25T15:40:21,553  INFO ModeChoiceCoverageControlerListener:144 -- mode choice coverage (10x) of mode walk = 0.2137561103638332
2026-02-25T15:40:21,729  INFO ControlerListenerManagerImpl:180 calling notifyIterationEnds on org.matsim.analysis.ModeStatsControlerListener with priority 0.0
2026-02-25T15:40:21,786  INFO ModeStatsControlerListener:133 Mode shares over all 60962.0 trips found. MainModeIdentifier: class org.matsim.core.router.DefaultAnalysisMainModeIdentifier
2026-02-25T15:40:21,786  INFO ModeStatsControlerListener:140 -- mode share of mode car = 0.5158459368130967
2026-02-25T15:40:21,786  INFO ModeStatsControlerListener:140 -- mode share of mode pt = 0.1410714871559332
2026-02-25T15:40:21,787  INFO ModeStatsControlerListener:140 -- mode share of mode walk = 0.3430825760309701
2026-02-25T15:40:21,894  INFO ControlerListenerManagerImpl:180 calling notifyIterationEnds on org.matsim.analysis.ScoreStatsControlerListener with priority 0.0
2026-02-25T15:40:21,904  INFO ScoreStatsControlerListener:154 -- avg. score of the executed plan of each agent: 125.90255088503396
2026-02-25T15:40:21,904  INFO ScoreStatsControlerListener:155 -- avg. score of the worst plan of each agent: 120.38827426991939
2026-02-25T15:40:21,904  INFO ScoreStatsControlerListener:156 -- avg. of the avg. plan score per agent: 123.72144933553719
2026-02-25T15:40:21,904  INFO ScoreStatsControlerListener:157 -- avg. score of the best plan of each agent: 126.57275088655203
2026-02-25T15:40:21,941  INFO ControlerListenerManagerImpl:180 calling notifyIterationEnds on org.matsim.analysis.IterationTravelStatsControlerListener with priority 0.0
2026-02-25T15:40:21,963  INFO TravelDistanceStats:115 -- average leg distance per plan (executed plans only): 3535.44103279253 meters
2026-02-25T15:40:21,963  INFO TravelDistanceStats:116 average leg distance per Person (executed plans only): 9065.881762577663 meters (statistic on all 78162 legs which have a finite distance)
2026-02-25T15:40:21,963  INFO TravelDistanceStats:117 -- average trip distance per plan (executed plans only): 4532.940881288831 meters
2026-02-25T15:40:21,963  INFO TravelDistanceStats:118 average trip distance per Person (executed plans only): 9065.881762577663 meters (statistic on all 60962 trips which have a finite distance)
2026-02-25T15:40:21,963  INFO TravelDistanceStats:119 (TravelDistanceStats takes an average over all legs where the simulation reports travelled (network) distances
2026-02-25T15:40:21,963  INFO TravelDistanceStats:120 (and teleported legs whose route contains a distance.)
2026-02-25T15:40:22,077  INFO ControlerListenerManagerImpl:180 calling notifyIterationEnds on org.matsim.analysis.LegTimesControlerListener with priority 0.0
2026-02-25T15:40:22,078  INFO EventsManagerImpl:164 removing Event-Handler: org.matsim.analysis.CalcLegTimes
2026-02-25T15:40:22,078  INFO EventsManagerImpl:164 removing Event-Handler: org.matsim.analysis.CalcLegTimes
2026-02-25T15:40:22,078  INFO ControlerListenerManagerImpl:180 calling notifyIterationEnds on org.matsim.analysis.LegHistogramListener with priority 0.0
2026-02-25T15:40:22,080  INFO LegHistogramListener:78 number of legs:	859782	100%
2026-02-25T15:40:22,081  INFO LegHistogramListener:85 number of car legs:	345917	40.233105601187276%
2026-02-25T15:40:22,081  INFO LegHistogramListener:85 number of pt legs:	94600	11.002789079092143%
2026-02-25T15:40:22,081  INFO LegHistogramListener:85 number of walk legs:	419265	48.76410531972058%
2026-02-25T15:40:22,306  INFO ControlerListenerManagerImpl:180 calling notifyIterationEnds on org.matsim.analysis.LinkStatsControlerListener with priority 0.0
2026-02-25T15:40:22,307  INFO ControlerListenerManagerImpl:184 [it.9] all ControlerIterationEndsListeners called.
2026-02-25T15:40:22,372  INFO AbstractController:184 ### ITERATION 9 ENDS
2026-02-25T15:40:22,372  INFO AbstractController:185 ###################################################
2026-02-25T15:40:22,373  INFO AbstractController:136 ###################################################
2026-02-25T15:40:22,373  INFO AbstractController:137 ### ITERATION 10 BEGINS
2026-02-25T15:40:22,373  INFO ControlerListenerManagerImpl:156 calling notifyIterationStarts on org.matsim.analysis.LegTimesControlerListener with priority 0.0
2026-02-25T15:40:22,374  INFO EventsManagerImpl:139 === Logging of event-handlers skipped ===
2026-02-25T15:40:22,374  INFO EventsManagerImpl:140 To enable debug output, set an environment variable i.e. export LOG_LEVEL='debug', or set log.setLogLevel(Level.DEBUG) in your run class.
2026-02-25T15:40:22,374  INFO EventsManagerImpl:210     > org.matsim.api.core.v01.events.PersonDepartureEvent
2026-02-25T15:40:22,374  INFO EventsManagerImpl:210     > org.matsim.api.core.v01.events.PersonArrivalEvent
2026-02-25T15:40:22,374  INFO EventsManagerImpl:210     > org.matsim.api.core.v01.events.ActivityEndEvent
2026-02-25T15:40:22,374  INFO EventsManagerImpl:210     > org.matsim.api.core.v01.events.ActivityStartEvent
2026-02-25T15:40:22,374  INFO EventsManagerImpl:139 === Logging of event-handlers skipped ===
2026-02-25T15:40:22,374  INFO EventsManagerImpl:140 To enable debug output, set an environment variable i.e. export LOG_LEVEL='debug', or set log.setLogLevel(Level.DEBUG) in your run class.
2026-02-25T15:40:22,375  INFO EventsManagerImpl:210     > org.matsim.api.core.v01.events.PersonDepartureEvent
2026-02-25T15:40:22,375  INFO EventsManagerImpl:210     > org.matsim.api.core.v01.events.PersonArrivalEvent
2026-02-25T15:40:22,375  INFO EventsManagerImpl:210     > org.matsim.api.core.v01.events.ActivityEndEvent
2026-02-25T15:40:22,375  INFO EventsManagerImpl:210     > org.matsim.api.core.v01.events.ActivityStartEvent
2026-02-25T15:40:22,375  INFO ControlerListenerManagerImpl:156 calling notifyIterationStarts on org.matsim.analysis.LegHistogramListener with priority 0.0
2026-02-25T15:40:22,375  INFO EventsManagerImpl:139 === Logging of event-handlers skipped ===
2026-02-25T15:40:22,375  INFO EventsManagerImpl:140 To enable debug output, set an environment variable i.e. export LOG_LEVEL='debug', or set log.setLogLevel(Level.DEBUG) in your run class.
2026-02-25T15:40:22,375  INFO EventsManagerImpl:210     > org.matsim.api.core.v01.events.PersonDepartureEvent
2026-02-25T15:40:22,377  INFO EventsManagerImpl:210     > org.matsim.api.core.v01.events.PersonArrivalEvent
2026-02-25T15:40:22,377  INFO EventsManagerImpl:210     > org.matsim.api.core.v01.events.PersonStuckEvent
2026-02-25T15:40:22,377  INFO EventsManagerImpl:139 === Logging of event-handlers skipped ===
2026-02-25T15:40:22,377  INFO EventsManagerImpl:140 To enable debug output, set an environment variable i.e. export LOG_LEVEL='debug', or set log.setLogLevel(Level.DEBUG) in your run class.
2026-02-25T15:40:22,377  INFO EventsManagerImpl:210     > org.matsim.api.core.v01.events.PersonDepartureEvent
2026-02-25T15:40:22,377  INFO EventsManagerImpl:210     > org.matsim.api.core.v01.events.PersonArrivalEvent
2026-02-25T15:40:22,377  INFO EventsManagerImpl:210     > org.matsim.api.core.v01.events.PersonStuckEvent
2026-02-25T15:40:22,377  INFO ControlerListenerManagerImpl:156 calling notifyIterationStarts on org.matsim.analysis.LinkStatsControlerListener with priority 0.0
2026-02-25T15:40:22,377  INFO ControlerListenerManagerImpl:156 calling notifyIterationStarts on org.matsim.core.replanning.ReplanningContextImpl with priority 0.0
2026-02-25T15:40:22,378  INFO ControlerListenerManagerImpl:156 calling notifyIterationStarts on org.matsim.core.scoring.ScoringFunctionsForPopulation$$Lambda/0x000001a9da52eeb0 with priority 0.0
2026-02-25T15:40:22,396  INFO ControlerListenerManagerImpl:156 calling notifyIterationStarts on org.matsim.core.scoring.ExperiencedPlansServiceImpl$1 with priority 0.0
2026-02-25T15:40:22,398  INFO ControlerListenerManagerImpl:159 [it.10] all ControlerIterationStartsListeners called.
2026-02-25T15:40:22,399  INFO ControlerListenerManagerImpl:221 calling notifyReplanning on org.matsim.core.controler.corelisteners.PlansReplanningImpl with priority 0.0
2026-02-25T15:40:22,400  WARN NetworkRoutingProvider:137 [mode: car; routingMode: car] Using deprecated routing module without access/egress. Consider using AccessEgressNetworkRouter instead.
2026-02-25T15:40:22,400  WARN NetworkRoutingProvider:137 [mode: car; routingMode: car] Using deprecated routing module without access/egress. Consider using AccessEgressNetworkRouter instead.
2026-02-25T15:40:22,401  INFO ChooseRandomLegModeForSubtour:137 Chain based modes: [car]
2026-02-25T15:40:22,401  INFO ChooseRandomLegModeForSubtour:137 Chain based modes: [car]
2026-02-25T15:40:22,448  INFO GenericPlanStrategyImpl:135 Plan-Strategy finished, 24389 plans handled. Strategy: BestPlanSelector
2026-02-25T15:40:22,448  INFO AbstractMultithreadedModule:142 [PlanRouter] starting 2 threads, handling 3065 plans
2026-02-25T15:40:22,450  INFO Counter:70 [PlanRouter] handled plan # 2
2026-02-25T15:40:22,449  INFO Counter:70 [PlanRouter] handled plan # 1
2026-02-25T15:40:22,450  INFO Counter:70 [PlanRouter] handled plan # 4
2026-02-25T15:40:22,453  INFO Counter:70 [PlanRouter] handled plan # 8
2026-02-25T15:40:22,454  INFO Counter:70 [PlanRouter] handled plan # 16
2026-02-25T15:40:22,458  INFO Counter:70 [PlanRouter] handled plan # 32
2026-02-25T15:40:22,462  INFO Counter:70 [PlanRouter] handled plan # 64
2026-02-25T15:40:22,467  INFO Counter:70 [PlanRouter] handled plan # 128
2026-02-25T15:40:22,478  INFO Counter:70 [PlanRouter] handled plan # 256
2026-02-25T15:40:22,495  INFO Counter:70 [PlanRouter] handled plan # 512
2026-02-25T15:40:22,529  INFO Counter:70 [PlanRouter] handled plan # 1024
2026-02-25T15:40:22,577  INFO Counter:70 [PlanRouter] handled plan # 2048
2026-02-25T15:40:22,654  INFO AbstractMultithreadedModule:157 [PlanRouter] all 2 threads finished.
2026-02-25T15:40:22,654  INFO GenericPlanStrategyImpl:135 Plan-Strategy finished, 3065 plans handled. Strategy: RandomPlanSelector_ReRoute
2026-02-25T15:40:22,654  INFO AbstractMultithreadedModule:142 [ChooseRandomLegModeForSubtour] starting 2 threads, handling 3027 plans
2026-02-25T15:40:22,655  INFO Counter:70 [ChooseRandomLegModeForSubtour] handled plan # 1
2026-02-25T15:40:22,655  INFO Counter:70 [ChooseRandomLegModeForSubtour] handled plan # 2
2026-02-25T15:40:22,656  INFO Counter:70 [ChooseRandomLegModeForSubtour] handled plan # 4
2026-02-25T15:40:22,656  INFO Counter:70 [ChooseRandomLegModeForSubtour] handled plan # 8
2026-02-25T15:40:22,656  INFO Counter:70 [ChooseRandomLegModeForSubtour] handled plan # 16
2026-02-25T15:40:22,656  INFO Counter:70 [ChooseRandomLegModeForSubtour] handled plan # 32
2026-02-25T15:40:22,656  INFO Counter:70 [ChooseRandomLegModeForSubtour] handled plan # 64
2026-02-25T15:40:22,656  INFO Counter:70 [ChooseRandomLegModeForSubtour] handled plan # 128
2026-02-25T15:40:22,657  INFO Counter:70 [ChooseRandomLegModeForSubtour] handled plan # 256
2026-02-25T15:40:22,658  INFO Counter:70 [ChooseRandomLegModeForSubtour] handled plan # 512
2026-02-25T15:40:22,660  INFO Counter:70 [ChooseRandomLegModeForSubtour] handled plan # 1024
2026-02-25T15:40:22,661  INFO Counter:70 [ChooseRandomLegModeForSubtour] handled plan # 2048
2026-02-25T15:40:22,665  INFO AbstractMultithreadedModule:157 [ChooseRandomLegModeForSubtour] all 2 threads finished.
2026-02-25T15:40:22,666  WARN NetworkRoutingProvider:137 [mode: car; routingMode: car] Using deprecated routing module without access/egress. Consider using AccessEgressNetworkRouter instead.
2026-02-25T15:40:22,667  WARN NetworkRoutingProvider:137 [mode: car; routingMode: car] Using deprecated routing module without access/egress. Consider using AccessEgressNetworkRouter instead.
2026-02-25T15:40:22,668  INFO AbstractMultithreadedModule:142 [PlanRouter] starting 2 threads, handling 3027 plans
2026-02-25T15:40:22,669  INFO Counter:70 [PlanRouter] handled plan # 1
2026-02-25T15:40:22,669  INFO Counter:70 [PlanRouter] handled plan # 2
2026-02-25T15:40:22,669  INFO Counter:70 [PlanRouter] handled plan # 4
2026-02-25T15:40:22,670  INFO Counter:70 [PlanRouter] handled plan # 8
2026-02-25T15:40:22,670  INFO Counter:70 [PlanRouter] handled plan # 16
2026-02-25T15:40:22,671  INFO Counter:70 [PlanRouter] handled plan # 32
2026-02-25T15:40:22,672  INFO Counter:70 [PlanRouter] handled plan # 64
2026-02-25T15:40:22,674  INFO Counter:70 [PlanRouter] handled plan # 128
2026-02-25T15:40:22,678  INFO Counter:70 [PlanRouter] handled plan # 256
2026-02-25T15:40:22,686  INFO Counter:70 [PlanRouter] handled plan # 512
2026-02-25T15:40:22,701  INFO Counter:70 [PlanRouter] handled plan # 1024
2026-02-25T15:40:22,759  INFO Counter:70 [PlanRouter] handled plan # 2048
2026-02-25T15:40:22,794  INFO AbstractMultithreadedModule:157 [PlanRouter] all 2 threads finished.
2026-02-25T15:40:22,794  INFO GenericPlanStrategyImpl:135 Plan-Strategy finished, 3027 plans handled. Strategy: RandomPlanSelector_SubtourModeChoice_ReRoute
2026-02-25T15:40:22,795  INFO ControlerListenerManagerImpl:230 [it.10] all ControlerReplanningListeners called.
2026-02-25T15:40:22,795  INFO ControlerListenerManagerImpl:242 calling notifyBeforeMobsim on org.matsim.core.controler.corelisteners.EventsHandlingImpl with priority 0.0
2026-02-25T15:40:22,795  INFO EventsManagerImpl:173 resetting Event-Handlers
2026-02-25T15:40:22,795  INFO EventsManagerImpl:180   org.matsim.core.trafficmonitoring.TravelTimeCalculator
2026-02-25T15:40:22,796  INFO EventsManagerImpl:180   org.matsim.analysis.VolumesAnalyzer
2026-02-25T15:40:22,797  INFO EventsManagerImpl:180   org.matsim.core.scoring.ScoringFunctionsForPopulation
2026-02-25T15:40:22,797  INFO EventsManagerImpl:180   org.matsim.analysis.LegHistogram
2026-02-25T15:40:22,797  INFO EventsManagerImpl:180   org.matsim.analysis.CalcLegTimes
2026-02-25T15:40:22,798  INFO EventsManagerImpl:180   ch.sbb.matsim.routing.pt.raptor.SwissRailRaptorFactory$$Lambda/0x000001a9da5de1f0
2026-02-25T15:40:22,798  INFO EventsManagerImpl:139 === Logging of event-handlers skipped ===
2026-02-25T15:40:22,799  INFO EventsManagerImpl:140 To enable debug output, set an environment variable i.e. export LOG_LEVEL='debug', or set log.setLogLevel(Level.DEBUG) in your run class.
2026-02-25T15:40:22,799  INFO EventsManagerImpl:210     > org.matsim.api.core.v01.events.Event
2026-02-25T15:40:22,799  INFO EventsManagerImpl:139 === Logging of event-handlers skipped ===
2026-02-25T15:40:22,799  INFO EventsManagerImpl:140 To enable debug output, set an environment variable i.e. export LOG_LEVEL='debug', or set log.setLogLevel(Level.DEBUG) in your run class.
2026-02-25T15:40:22,799  INFO EventsManagerImpl:210     > org.matsim.api.core.v01.events.Event
2026-02-25T15:40:22,799  INFO ControlerListenerManagerImpl:242 calling notifyBeforeMobsim on org.matsim.core.controler.corelisteners.PlansDumpingImpl with priority 0.0
2026-02-25T15:40:22,800  INFO ControlerListenerManagerImpl:248 calling notifyBeforeMobsim on org.matsim.core.population.VspPlansCleaner with priority 0.0
2026-02-25T15:40:22,817  INFO ControlerListenerManagerImpl:251 [it.10] all ControlerBeforeMobsimListeners called.
2026-02-25T15:40:22,818  INFO PrepareForMobsimImpl:86 Network seems to be multimodal. Create car-only network which is handed over to PersonPrepareForSim.
2026-02-25T15:40:22,818  INFO NetworkImpl:165  node # 1
2026-02-25T15:40:22,819  INFO NetworkImpl:165  node # 4
2026-02-25T15:40:22,819  INFO NetworkImpl:165  node # 16
2026-02-25T15:40:22,819  INFO NetworkImpl:165  node # 64
2026-02-25T15:40:22,819  INFO NetworkImpl:165  node # 256
2026-02-25T15:40:22,820  INFO NetworkImpl:165  node # 1024
2026-02-25T15:40:22,820  INFO NetworkImpl:161  link # 1
2026-02-25T15:40:22,820  INFO NetworkImpl:161  link # 4
2026-02-25T15:40:22,820  INFO NetworkImpl:161  link # 16
2026-02-25T15:40:22,821  INFO NetworkImpl:161  link # 64
2026-02-25T15:40:22,821  INFO NetworkImpl:161  link # 256
2026-02-25T15:40:22,823  INFO NetworkImpl:161  link # 1024
2026-02-25T15:40:22,827  WARN NetworkRoutingProvider:137 [mode: car; routingMode: car] Using deprecated routing module without access/egress. Consider using AccessEgressNetworkRouter instead.
2026-02-25T15:40:22,829  WARN NetworkRoutingProvider:137 [mode: car; routingMode: car] Using deprecated routing module without access/egress. Consider using AccessEgressNetworkRouter instead.
2026-02-25T15:40:22,831  INFO Counter:70 [PersonPrepareForSim] handled person # 1
2026-02-25T15:40:22,831  INFO Counter:70 [PersonPrepareForSim] handled person # 2
2026-02-25T15:40:22,832  INFO Counter:70 [PersonPrepareForSim] handled person # 4
2026-02-25T15:40:22,832  INFO Counter:70 [PersonPrepareForSim] handled person # 8
2026-02-25T15:40:22,832  INFO Counter:70 [PersonPrepareForSim] handled person # 16
2026-02-25T15:40:22,832  INFO Counter:70 [PersonPrepareForSim] handled person # 32
2026-02-25T15:40:22,833  INFO Counter:70 [PersonPrepareForSim] handled person # 64
2026-02-25T15:40:22,833  INFO Counter:70 [PersonPrepareForSim] handled person # 128
2026-02-25T15:40:22,834  INFO Counter:70 [PersonPrepareForSim] handled person # 256
2026-02-25T15:40:22,835  INFO Counter:70 [PersonPrepareForSim] handled person # 512
2026-02-25T15:40:22,838  INFO Counter:70 [PersonPrepareForSim] handled person # 1024
2026-02-25T15:40:22,842  INFO Counter:70 [PersonPrepareForSim] handled person # 2048
2026-02-25T15:40:22,849  INFO Counter:70 [PersonPrepareForSim] handled person # 4096
2026-02-25T15:40:22,866  INFO Counter:70 [PersonPrepareForSim] handled person # 8192
2026-02-25T15:40:22,902  INFO Counter:70 [PersonPrepareForSim] handled person # 16384
2026-02-25T15:40:22,971  INFO Counter:75 [PersonPrepareForSim] handled person # 30481
2026-02-25T15:40:22,984  INFO MobsimListenerManager:50 calling addQueueSimulationListener
2026-02-25T15:40:22,984  INFO MobsimListenerManager:54   assigned class org.matsim.core.mobsim.framework.listeners.MobsimListener to interface org.matsim.vis.snapshotwriters.SnapshotWriterManager
2026-02-25T15:40:22,985  INFO MobsimListenerManager:54   assigned class org.matsim.core.mobsim.framework.listeners.MobsimListener to interface org.matsim.core.mobsim.framework.listeners.MobsimInitializedListener
2026-02-25T15:40:22,985  INFO MobsimListenerManager:54   assigned class org.matsim.core.mobsim.framework.listeners.MobsimListener to interface org.matsim.core.mobsim.framework.listeners.MobsimAfterSimStepListener
2026-02-25T15:40:22,985  INFO MobsimListenerManager:54   assigned class org.matsim.core.mobsim.framework.listeners.MobsimListener to interface org.matsim.core.mobsim.framework.listeners.MobsimBeforeCleanupListener
2026-02-25T15:40:22,985  INFO MobsimListenerManager:54   assigned class org.matsim.core.mobsim.framework.listeners.MobsimListener to interface org.matsim.core.mobsim.framework.listeners.MobsimListener
2026-02-25T15:40:22,986  INFO QSimProvider:131 Added MobsimEngine class org.matsim.core.mobsim.qsim.ActivityEngineDefaultImpl
2026-02-25T15:40:22,986  INFO QSimProvider:137 Added Activityhandler class org.matsim.core.mobsim.qsim.ActivityEngineDefaultImpl
2026-02-25T15:40:22,990  INFO QSimProvider:131 Added MobsimEngine class org.matsim.core.mobsim.qsim.qnetsimengine.QNetsimEngineWithThreadpool
2026-02-25T15:40:22,990  INFO QSimProvider:143 Added DepartureHandler class org.matsim.core.mobsim.qsim.qnetsimengine.NetworkModeDepartureHandlerDefaultImpl
2026-02-25T15:40:22,991  INFO QSimProvider:131 Added MobsimEngine class org.matsim.core.mobsim.qsim.DefaultTeleportationEngine
2026-02-25T15:40:22,991  INFO QSimProvider:143 Added DepartureHandler class org.matsim.core.mobsim.qsim.DefaultTeleportationEngine
2026-02-25T15:40:22,991  INFO QSimProvider:149 Added AgentSource class org.matsim.core.mobsim.qsim.agents.PopulationAgentSource
2026-02-25T15:40:22,991  INFO MobsimListenerManager:50 calling addQueueSimulationListener
2026-02-25T15:40:22,991  INFO MobsimListenerManager:54   assigned class org.matsim.core.mobsim.framework.listeners.MobsimListener to interface org.matsim.core.mobsim.framework.listeners.MobsimBeforeSimStepListener
2026-02-25T15:40:22,993  INFO MobsimListenerManager:54   assigned class org.matsim.core.mobsim.framework.listeners.MobsimListener to interface org.matsim.core.mobsim.framework.listeners.MobsimListener
2026-02-25T15:40:22,993  INFO MobsimListenerManager:54   assigned class org.matsim.core.mobsim.framework.listeners.MobsimListener to interface org.matsim.core.mobsim.qsim.messagequeueengine.MessageQueueEngine
2026-02-25T15:40:22,993  INFO QSimProvider:155 Added MobsimListener class org.matsim.core.mobsim.qsim.messagequeueengine.MessageQueueEngine
2026-02-25T15:40:22,993  INFO QSimProvider:131 Added MobsimEngine class org.matsim.core.mobsim.qsim.pt.TransitQSimEngine
2026-02-25T15:40:22,993  INFO QSimProvider:143 Added DepartureHandler class org.matsim.core.mobsim.qsim.pt.TransitQSimEngine
2026-02-25T15:40:22,993  INFO QSimProvider:149 Added AgentSource class org.matsim.core.mobsim.qsim.pt.TransitQSimEngine
2026-02-25T15:40:23,051  INFO ReconstructingUmlaufBuilder:131 Generating UmlaufStuecke ...
2026-02-25T15:40:23,052  INFO ReconstructingUmlaufBuilder:144 ... done generating UmlaufStuecke
2026-02-25T15:40:23,058  INFO AbstractQNetsimEngine:418 Assigned 1137 nodes and 3009 links to QSimEngineRunner #0
2026-02-25T15:40:23,072  INFO AbstractQNetsimEngine:356 SIMULATION (QNetsimEngine) AT 06:00:00 : #links=0 #nodes=2
2026-02-25T15:40:23,073  INFO QSim:552 SIMULATION (NEW QSim) AT 06:00:00 : #Veh=30823 lost=0 simT=0.0s realT=0s; (s/r): 0.0
2026-02-25T15:40:23,306  INFO AbstractQNetsimEngine:356 SIMULATION (QNetsimEngine) AT 07:00:00 : #links=4 #nodes=3
2026-02-25T15:40:23,306  INFO QSim:552 SIMULATION (NEW QSim) AT 07:00:00 : #Veh=30807 lost=0 simT=3600.0s realT=0s; (s/r): Infinity
2026-02-25T15:40:24,722  INFO AbstractQNetsimEngine:356 SIMULATION (QNetsimEngine) AT 08:00:00 : #links=576 #nodes=74
2026-02-25T15:40:24,722  INFO QSim:552 SIMULATION (NEW QSim) AT 08:00:00 : #Veh=30787 lost=0 simT=7200.0s realT=1s; (s/r): 7200.0
2026-02-25T15:40:26,387  INFO AbstractQNetsimEngine:356 SIMULATION (QNetsimEngine) AT 09:00:00 : #links=604 #nodes=83
2026-02-25T15:40:26,387  INFO QSim:552 SIMULATION (NEW QSim) AT 09:00:00 : #Veh=30767 lost=0 simT=10800.0s realT=3s; (s/r): 3600.0
2026-02-25T15:40:27,136  INFO AbstractQNetsimEngine:356 SIMULATION (QNetsimEngine) AT 10:00:00 : #links=5 #nodes=2
2026-02-25T15:40:27,137  INFO QSim:552 SIMULATION (NEW QSim) AT 10:00:00 : #Veh=30747 lost=0 simT=14400.0s realT=4s; (s/r): 3600.0
2026-02-25T15:40:27,776  INFO AbstractQNetsimEngine:356 SIMULATION (QNetsimEngine) AT 11:00:00 : #links=168 #nodes=16
2026-02-25T15:40:27,776  INFO QSim:552 SIMULATION (NEW QSim) AT 11:00:00 : #Veh=30727 lost=0 simT=18000.0s realT=4s; (s/r): 4500.0
2026-02-25T15:40:28,402  INFO AbstractQNetsimEngine:356 SIMULATION (QNetsimEngine) AT 12:00:00 : #links=159 #nodes=24
2026-02-25T15:40:28,402  INFO QSim:552 SIMULATION (NEW QSim) AT 12:00:00 : #Veh=30707 lost=0 simT=21600.0s realT=5s; (s/r): 4320.0
2026-02-25T15:40:29,017  INFO AbstractQNetsimEngine:356 SIMULATION (QNetsimEngine) AT 13:00:00 : #links=228 #nodes=26
2026-02-25T15:40:29,018  INFO QSim:552 SIMULATION (NEW QSim) AT 13:00:00 : #Veh=30347 lost=0 simT=25200.0s realT=6s; (s/r): 4200.0
2026-02-25T15:40:29,803  INFO AbstractQNetsimEngine:356 SIMULATION (QNetsimEngine) AT 14:00:00 : #links=238 #nodes=30
2026-02-25T15:40:29,803  INFO QSim:552 SIMULATION (NEW QSim) AT 14:00:00 : #Veh=29413 lost=0 simT=28800.0s realT=6s; (s/r): 4800.0
2026-02-25T15:40:30,797  INFO AbstractQNetsimEngine:356 SIMULATION (QNetsimEngine) AT 15:00:00 : #links=288 #nodes=32
2026-02-25T15:40:30,798  INFO QSim:552 SIMULATION (NEW QSim) AT 15:00:00 : #Veh=27979 lost=0 simT=32400.0s realT=7s; (s/r): 4628.571428571428
2026-02-25T15:40:31,485  INFO AbstractQNetsimEngine:356 SIMULATION (QNetsimEngine) AT 16:00:00 : #links=106 #nodes=13
2026-02-25T15:40:31,485  INFO QSim:552 SIMULATION (NEW QSim) AT 16:00:00 : #Veh=26345 lost=0 simT=36000.0s realT=8s; (s/r): 4500.0
2026-02-25T15:40:32,783  INFO AbstractQNetsimEngine:356 SIMULATION (QNetsimEngine) AT 17:00:00 : #links=508 #nodes=75
2026-02-25T15:40:32,783  INFO QSim:552 SIMULATION (NEW QSim) AT 17:00:00 : #Veh=21860 lost=0 simT=39600.0s realT=9s; (s/r): 4400.0
2026-02-25T15:40:34,413  INFO AbstractQNetsimEngine:356 SIMULATION (QNetsimEngine) AT 18:00:00 : #links=498 #nodes=70
2026-02-25T15:40:34,413  INFO QSim:552 SIMULATION (NEW QSim) AT 18:00:00 : #Veh=14305 lost=0 simT=43200.0s realT=11s; (s/r): 3927.2727272727275
2026-02-25T15:40:36,016  INFO AbstractQNetsimEngine:356 SIMULATION (QNetsimEngine) AT 19:00:00 : #links=442 #nodes=77
2026-02-25T15:40:36,016  INFO QSim:552 SIMULATION (NEW QSim) AT 19:00:00 : #Veh=6150 lost=0 simT=46800.0s realT=13s; (s/r): 3600.0
2026-02-25T15:40:36,659  INFO AbstractQNetsimEngine:356 SIMULATION (QNetsimEngine) AT 20:00:00 : #links=122 #nodes=14
2026-02-25T15:40:36,660  INFO QSim:552 SIMULATION (NEW QSim) AT 20:00:00 : #Veh=1491 lost=0 simT=50400.0s realT=13s; (s/r): 3876.923076923077
2026-02-25T15:40:36,948  INFO AbstractQNetsimEngine:356 SIMULATION (QNetsimEngine) AT 21:00:00 : #links=4 #nodes=2
2026-02-25T15:40:36,948  INFO QSim:552 SIMULATION (NEW QSim) AT 21:00:00 : #Veh=234 lost=0 simT=54000.0s realT=13s; (s/r): 4153.846153846154
2026-02-25T15:40:37,216  INFO AbstractQNetsimEngine:356 SIMULATION (QNetsimEngine) AT 22:00:00 : #links=4 #nodes=2
2026-02-25T15:40:37,216  INFO QSim:552 SIMULATION (NEW QSim) AT 22:00:00 : #Veh=41 lost=0 simT=57600.0s realT=14s; (s/r): 4114.285714285715
2026-02-25T15:40:37,458  INFO AbstractQNetsimEngine:356 SIMULATION (QNetsimEngine) AT 23:00:00 : #links=4 #nodes=2
2026-02-25T15:40:37,459  INFO QSim:552 SIMULATION (NEW QSim) AT 23:00:00 : #Veh=6 lost=0 simT=61200.0s realT=14s; (s/r): 4371.428571428572
2026-02-25T15:40:37,515  INFO AbstractController$9:237 ### ITERATION 10 fires after mobsim event
2026-02-25T15:40:37,515  INFO Gbl:196 Thread performance: Thread=class org.matsim.core.events.SimStepParallelEventsManagerImpl$ProcessEventsRunnable0  cpu-time=8.6875sec
2026-02-25T15:40:37,516  INFO ControlerListenerManagerImpl:269 calling notifyAfterMobsim on org.matsim.analysis.LegTimesControlerListener with priority 0.0
2026-02-25T15:40:37,518  INFO LegTimesControlerListener:73 [10] average leg duration is: 1698 seconds = 00:28:18
2026-02-25T15:40:37,518  INFO ControlerListenerManagerImpl:269 calling notifyAfterMobsim on org.matsim.core.events.MobsimScopeEventHandling with priority 0.0
2026-02-25T15:40:37,518  INFO ControlerListenerManagerImpl:269 calling notifyAfterMobsim on org.matsim.core.scoring.EventsToActivities$1 with priority 0.0
2026-02-25T15:40:37,543  INFO ControlerListenerManagerImpl:272 [it.10] all ControlerAfterMobsimListeners called.
2026-02-25T15:40:37,543  INFO AbstractController$4:162 ### ITERATION 10 fires scoring event
2026-02-25T15:40:37,544  INFO ControlerListenerManagerImpl:197 calling notifyScoring on org.matsim.core.scoring.PlansScoringImpl with priority 0.0
2026-02-25T15:40:37,560  INFO NewScoreAssignerImpl:60 it: 10 msaStart: null
2026-02-25T15:40:37,573  INFO ControlerListenerManagerImpl:209 [it.10] all ControlerScoringListeners called.
2026-02-25T15:40:37,573  INFO AbstractController$5:170 ### ITERATION 10 fires iteration end event
2026-02-25T15:40:37,573  INFO ControlerListenerManagerImpl:172 calling notifyIterationEnds on org.matsim.core.controler.corelisteners.EventsHandlingImpl with priority 0.0
2026-02-25T15:40:37,574  INFO EventsManagerImpl:164 removing Event-Handler: org.matsim.core.events.algorithms.EventWriterXML
2026-02-25T15:40:37,574  INFO EventsManagerImpl:164 removing Event-Handler: org.matsim.core.events.algorithms.EventWriterXML
2026-02-25T15:40:37,574  INFO ControlerListenerManagerImpl:172 calling notifyIterationEnds on org.matsim.core.scoring.PlansScoringImpl with priority 0.0
2026-02-25T15:40:37,583  INFO ControlerListenerManagerImpl:180 calling notifyIterationEnds on org.matsim.counts.CountsControlerListener with priority 0.0
2026-02-25T15:40:37,583  INFO ControlerListenerManagerImpl:180 calling notifyIterationEnds on org.matsim.analysis.ModeChoiceCoverageControlerListener with priority 0.0
2026-02-25T15:40:37,647  INFO ModeChoiceCoverageControlerListener:144 -- mode choice coverage (1x) of mode car = 0.6509792985794429
2026-02-25T15:40:37,648  INFO ModeChoiceCoverageControlerListener:144 -- mode choice coverage (1x) of mode pt = 0.305468980676487
2026-02-25T15:40:37,648  INFO ModeChoiceCoverageControlerListener:144 -- mode choice coverage (1x) of mode walk = 0.6474361077392474
2026-02-25T15:40:37,648  INFO ModeChoiceCoverageControlerListener:144 -- mode choice coverage (5x) of mode car = 0.5573800072176109
2026-02-25T15:40:37,649  INFO ModeChoiceCoverageControlerListener:144 -- mode choice coverage (5x) of mode pt = 0.14700961254552017
2026-02-25T15:40:37,649  INFO ModeChoiceCoverageControlerListener:144 -- mode choice coverage (5x) of mode walk = 0.335340047898691
2026-02-25T15:40:37,649  INFO ModeChoiceCoverageControlerListener:144 -- mode choice coverage (10x) of mode car = 0.3535645155998819
2026-02-25T15:40:37,649  INFO ModeChoiceCoverageControlerListener:144 -- mode choice coverage (10x) of mode pt = 0.08800564285948624
2026-02-25T15:40:37,649  INFO ModeChoiceCoverageControlerListener:144 -- mode choice coverage (10x) of mode walk = 0.23921459269709
2026-02-25T15:40:37,789  INFO ControlerListenerManagerImpl:180 calling notifyIterationEnds on org.matsim.analysis.ModeStatsControlerListener with priority 0.0
2026-02-25T15:40:37,827  INFO ModeStatsControlerListener:133 Mode shares over all 60962.0 trips found. MainModeIdentifier: class org.matsim.core.router.DefaultAnalysisMainModeIdentifier
2026-02-25T15:40:37,827  INFO ModeStatsControlerListener:140 -- mode share of mode car = 0.524261015058561
2026-02-25T15:40:37,827  INFO ModeStatsControlerListener:140 -- mode share of mode pt = 0.13943112102621305
2026-02-25T15:40:37,827  INFO ModeStatsControlerListener:140 -- mode share of mode walk = 0.3363078639152259
2026-02-25T15:40:37,922  INFO ControlerListenerManagerImpl:180 calling notifyIterationEnds on org.matsim.analysis.ScoreStatsControlerListener with priority 0.0
2026-02-25T15:40:37,928  INFO ScoreStatsControlerListener:154 -- avg. score of the executed plan of each agent: 125.99600975080399
2026-02-25T15:40:37,929  INFO ScoreStatsControlerListener:155 -- avg. score of the worst plan of each agent: 120.2847113705709
2026-02-25T15:40:37,929  INFO ScoreStatsControlerListener:156 -- avg. of the avg. plan score per agent: 123.72432644398414
2026-02-25T15:40:37,929  INFO ScoreStatsControlerListener:157 -- avg. score of the best plan of each agent: 126.69412517235868
2026-02-25T15:40:37,966  INFO ControlerListenerManagerImpl:180 calling notifyIterationEnds on org.matsim.analysis.IterationTravelStatsControlerListener with priority 0.0
2026-02-25T15:40:37,986  INFO TravelDistanceStats:115 -- average leg distance per plan (executed plans only): 3552.846360786946 meters
2026-02-25T15:40:37,986  INFO TravelDistanceStats:116 average leg distance per Person (executed plans only): 9087.202125247593 meters (statistic on all 77962 legs which have a finite distance)
2026-02-25T15:40:37,986  INFO TravelDistanceStats:117 -- average trip distance per plan (executed plans only): 4543.601062623797 meters
2026-02-25T15:40:37,986  INFO TravelDistanceStats:118 average trip distance per Person (executed plans only): 9087.202125247593 meters (statistic on all 60962 trips which have a finite distance)
2026-02-25T15:40:37,986  INFO TravelDistanceStats:119 (TravelDistanceStats takes an average over all legs where the simulation reports travelled (network) distances
2026-02-25T15:40:37,986  INFO TravelDistanceStats:120 (and teleported legs whose route contains a distance.)
2026-02-25T15:40:38,659  INFO ActivityWriter:39 Writing all Activities to activitiescsv
2026-02-25T15:40:38,849  INFO ActivityWriter:59 ...done
2026-02-25T15:40:38,849  INFO ControlerListenerManagerImpl:180 calling notifyIterationEnds on org.matsim.analysis.LegTimesControlerListener with priority 0.0
2026-02-25T15:40:38,849  INFO EventsManagerImpl:164 removing Event-Handler: org.matsim.analysis.CalcLegTimes
2026-02-25T15:40:38,849  INFO EventsManagerImpl:164 removing Event-Handler: org.matsim.analysis.CalcLegTimes
2026-02-25T15:40:38,850  INFO ControlerListenerManagerImpl:180 calling notifyIterationEnds on org.matsim.analysis.LegHistogramListener with priority 0.0
2026-02-25T15:40:38,853  INFO LegHistogramListener:78 number of legs:	935544	100%
2026-02-25T15:40:38,853  INFO LegHistogramListener:85 number of car legs:	383520	40.99433057130397%
2026-02-25T15:40:38,853  INFO LegHistogramListener:85 number of pt legs:	102000	10.902747492368077%
2026-02-25T15:40:38,853  INFO LegHistogramListener:85 number of walk legs:	450024	48.10292193632795%
2026-02-25T15:40:39,184  INFO ControlerListenerManagerImpl:180 calling notifyIterationEnds on org.matsim.analysis.LinkStatsControlerListener with priority 0.0
2026-02-25T15:40:39,184  INFO ControlerListenerManagerImpl:184 [it.10] all ControlerIterationEndsListeners called.
2026-02-25T15:40:39,263  INFO AbstractController:184 ### ITERATION 10 ENDS
2026-02-25T15:40:39,263  INFO AbstractController:185 ###################################################
2026-02-25T15:40:39,263  INFO MatsimRuntimeModifications:80 S H U T D O W N   ---   start shutdown.
2026-02-25T15:40:39,264  INFO ControlerListenerManagerImpl:128 calling notifyShutdown on org.matsim.core.controler.corelisteners.EventsHandlingImpl with priority 0.0
2026-02-25T15:40:39,265  INFO ControlerListenerManagerImpl:128 calling notifyShutdown on org.matsim.core.controler.corelisteners.DumpDataAtEndImpl with priority 0.0
2026-02-25T15:40:39,282  INFO Counter:70 [PopulationWriter] dumped person # 1
2026-02-25T15:40:39,282  INFO Counter:70 [PopulationWriter] dumped person # 2
2026-02-25T15:40:39,282  INFO Counter:70 [PopulationWriter] dumped person # 4
2026-02-25T15:40:39,282  INFO Counter:70 [PopulationWriter] dumped person # 8
2026-02-25T15:40:39,283  INFO Counter:70 [PopulationWriter] dumped person # 16
2026-02-25T15:40:39,283  INFO Counter:70 [PopulationWriter] dumped person # 32
2026-02-25T15:40:39,283  INFO Counter:70 [ParallelPopulationWriterV6] dumped person # 1
2026-02-25T15:40:39,283  INFO Counter:70 [PopulationWriter] dumped person # 64
2026-02-25T15:40:39,283  INFO Counter:70 [ParallelPopulationWriterV6] dumped person # 2
2026-02-25T15:40:39,283  INFO Counter:70 [PopulationWriter] dumped person # 128
2026-02-25T15:40:39,283  INFO Counter:70 [ParallelPopulationWriterV6] dumped person # 4
2026-02-25T15:40:39,284  INFO Counter:70 [PopulationWriter] dumped person # 256
2026-02-25T15:40:39,284  INFO Counter:70 [ParallelPopulationWriterV6] dumped person # 8
2026-02-25T15:40:39,284  INFO Counter:70 [PopulationWriter] dumped person # 512
2026-02-25T15:40:39,284  INFO Counter:70 [ParallelPopulationWriterV6] dumped person # 16
2026-02-25T15:40:39,284  INFO Counter:70 [PopulationWriter] dumped person # 1024
2026-02-25T15:40:39,284  INFO Counter:70 [ParallelPopulationWriterV6] dumped person # 32
2026-02-25T15:40:39,285  INFO Counter:70 [ParallelPopulationWriterV6] dumped person # 64
2026-02-25T15:40:39,286  INFO Counter:70 [ParallelPopulationWriterV6] dumped person # 128
2026-02-25T15:40:39,290  INFO Counter:70 [ParallelPopulationWriterV6] dumped person # 256
2026-02-25T15:40:39,298  INFO Counter:70 [ParallelPopulationWriterV6] dumped person # 512
2026-02-25T15:40:39,317  INFO Counter:70 [ParallelPopulationWriterV6] dumped person # 1024
2026-02-25T15:40:39,317  INFO Counter:70 [PopulationWriter] dumped person # 2048
2026-02-25T15:40:39,354  INFO Counter:70 [ParallelPopulationWriterV6] dumped person # 2048
2026-02-25T15:40:39,387  INFO Counter:70 [PopulationWriter] dumped person # 4096
2026-02-25T15:40:39,419  INFO Counter:70 [ParallelPopulationWriterV6] dumped person # 4096
2026-02-25T15:40:39,509  INFO Counter:70 [PopulationWriter] dumped person # 8192
2026-02-25T15:40:39,537  INFO Counter:70 [ParallelPopulationWriterV6] dumped person # 8192
2026-02-25T15:40:39,712  INFO Counter:70 [PopulationWriter] dumped person # 16384
2026-02-25T15:40:39,726  INFO Counter:70 [ParallelPopulationWriterV6] dumped person # 16384
2026-02-25T15:40:39,970  INFO Counter:75 [ParallelPopulationWriterV6] dumped person # 30481
2026-02-25T15:40:39,970  INFO PopulationWriter:150 Population written to: ./output-pt/output_plans.xml
2026-02-25T15:40:39,971  INFO Counter:75 [PopulationWriter] dumped person # 30481
2026-02-25T15:40:39,972  INFO NetworkWriter:70 Writing network to file: ./output-pt/output_network.xml...
2026-02-25T15:40:40,005  INFO NetworkWriter:73 done.
2026-02-25T15:40:40,016  INFO Config:461 setting context to [file:/D:/IJ%20projects/matsim-scenario-template-shamalgan/]
2026-02-25T15:40:40,019  INFO Config:461 setting context to [file:/D:/IJ%20projects/matsim-scenario-template-shamalgan/]
2026-02-25T15:40:40,023  INFO Config:461 setting context to [file:/D:/IJ%20projects/matsim-scenario-template-shamalgan/]
2026-02-25T15:40:40,025  INFO Config:461 setting context to [file:/D:/IJ%20projects/matsim-scenario-template-shamalgan/]
2026-02-25T15:40:40,027  INFO Config:461 setting context to [file:/D:/IJ%20projects/matsim-scenario-template-shamalgan/]
2026-02-25T15:40:40,030  INFO Config:461 setting context to [file:/D:/IJ%20projects/matsim-scenario-template-shamalgan/]
2026-02-25T15:40:40,031  INFO Config:461 setting context to [file:/D:/IJ%20projects/matsim-scenario-template-shamalgan/]
2026-02-25T15:40:40,033  INFO Config:461 setting context to [file:/D:/IJ%20projects/matsim-scenario-template-shamalgan/]
2026-02-25T15:40:40,036  INFO Config:461 setting context to [file:/D:/IJ%20projects/matsim-scenario-template-shamalgan/]
2026-02-25T15:40:40,038  INFO Config:461 setting context to [file:/D:/IJ%20projects/matsim-scenario-template-shamalgan/]
2026-02-25T15:40:40,040  INFO Config:461 setting context to [file:/D:/IJ%20projects/matsim-scenario-template-shamalgan/]
2026-02-25T15:40:40,041  INFO Config:461 setting context to [file:/D:/IJ%20projects/matsim-scenario-template-shamalgan/]
2026-02-25T15:40:40,043  INFO Config:461 setting context to [file:/D:/IJ%20projects/matsim-scenario-template-shamalgan/]
2026-02-25T15:40:40,048  INFO Config:461 setting context to [file:/D:/IJ%20projects/matsim-scenario-template-shamalgan/]
2026-02-25T15:40:40,050  INFO Config:461 setting context to [file:/D:/IJ%20projects/matsim-scenario-template-shamalgan/]
2026-02-25T15:40:40,052  INFO Config:461 setting context to [file:/D:/IJ%20projects/matsim-scenario-template-shamalgan/]
2026-02-25T15:40:40,055  INFO Config:461 setting context to [file:/D:/IJ%20projects/matsim-scenario-template-shamalgan/]
2026-02-25T15:40:40,057  INFO Config:461 setting context to [file:/D:/IJ%20projects/matsim-scenario-template-shamalgan/]
2026-02-25T15:40:40,065  INFO Config:461 setting context to [file:/D:/IJ%20projects/matsim-scenario-template-shamalgan/]
2026-02-25T15:40:40,068  INFO Config:461 setting context to [file:/D:/IJ%20projects/matsim-scenario-template-shamalgan/]
2026-02-25T15:40:40,070  INFO Config:461 setting context to [file:/D:/IJ%20projects/matsim-scenario-template-shamalgan/]
2026-02-25T15:40:40,071  INFO Config:461 setting context to [file:/D:/IJ%20projects/matsim-scenario-template-shamalgan/]
2026-02-25T15:40:40,073  INFO Config:461 setting context to [file:/D:/IJ%20projects/matsim-scenario-template-shamalgan/]
2026-02-25T15:40:40,076  INFO Config:461 setting context to [file:/D:/IJ%20projects/matsim-scenario-template-shamalgan/]
2026-02-25T15:40:40,078  INFO Config:461 setting context to [file:/D:/IJ%20projects/matsim-scenario-template-shamalgan/]
2026-02-25T15:40:40,079  INFO Config:461 setting context to [file:/D:/IJ%20projects/matsim-scenario-template-shamalgan/]
2026-02-25T15:40:40,081  INFO Config:461 setting context to [file:/D:/IJ%20projects/matsim-scenario-template-shamalgan/]
2026-02-25T15:40:40,087  INFO TransitScheduleWriter:89 about to write transit schedule to: ./output-pt/output_transitSchedule.xml
2026-02-25T15:40:40,101  INFO MatsimVehicleWriter:49 about to write vehicles to: ./output-pt/output_transitVehicles.xml
2026-02-25T15:40:40,102  INFO VehicleWriterV2:64 about to write vehicles to: ./output-pt/output_transitVehicles.xml
2026-02-25T15:40:40,108  INFO MatsimVehicleWriter:49 about to write vehicles to: ./output-pt/output_vehicles.xml
2026-02-25T15:40:40,108  INFO VehicleWriterV2:64 about to write vehicles to: ./output-pt/output_vehicles.xml
2026-02-25T15:40:40,192  INFO MatsimVehicleWriter:49 about to write vehicles to: ./output-pt/output_allVehicles.xml
2026-02-25T15:40:40,192  INFO VehicleWriterV2:64 about to write vehicles to: ./output-pt/output_allVehicles.xml
2026-02-25T15:40:40,233  INFO HouseholdsWriterV10:66 about to write  households to: ./output-pt/output_households.xml
2026-02-25T15:40:40,234  INFO Counter:75 [HouseholdsWriter] wrote household # 0
2026-02-25T15:40:40,236  INFO CountsWriterV2:45 Write Counts to ./output-pt/output_counts.xml
2026-02-25T15:40:40,482  INFO ControlerListenerManagerImpl:135 calling notifyShutdown on org.matsim.analysis.ModeChoiceCoverageControlerListener with priority 0.0
2026-02-25T15:40:40,483  INFO ControlerListenerManagerImpl:135 calling notifyShutdown on org.matsim.analysis.ScoreStatsControlerListener with priority 0.0
2026-02-25T15:40:40,483  INFO ControlerListenerManagerImpl:135 calling notifyShutdown on org.matsim.analysis.IterationTravelStatsControlerListener with priority 0.0
2026-02-25T15:40:40,483  INFO PersonWriter:36 Writing all Persons to personscsv
2026-02-25T15:40:40,590  INFO PersonWriter:54 ...done
2026-02-25T15:40:40,591  INFO ControlerListenerManagerImpl:135 calling notifyShutdown on org.matsim.analysis.LinkStatsControlerListener with priority 0.0
2026-02-25T15:40:40,649  INFO ControlerListenerManagerImpl:135 calling notifyShutdown on org.matsim.simwrapper.SimWrapperListener with priority -1000.0
2026-02-25T15:40:40,892  INFO CommandRunner:115 Running class org.matsim.application.analysis.population.TripAnalysis with arguments: --input-trips .\output-pt\output_trips.csv --input-persons .\output-pt\output_persons.csv --output-mode-share .\output-pt\analysis\population\mode_share.csv --output-mode-share-per-dist .\output-pt\analysis\population\mode_share_per_dist.csv --output-mode-users .\output-pt\analysis\population\mode_users.csv --output-trip-stats .\output-pt\analysis\population\trip_stats.csv --output-mode-share-per-purpose .\output-pt\analysis\population\mode_share_per_purpose.csv --output-mode-share-per-%s .\output-pt\analysis\population\mode_share_per_%s.csv --output-population-trip-stats .\output-pt\analysis\population\population_trip_stats.csv --output-trip-purposes-by-hour .\output-pt\analysis\population\trip_purposes_by_hour.csv --output-mode-share-distance-distribution .\output-pt\analysis\population\mode_share_distance_distribution.csv --output-mode-shift .\output-pt\analysis\population\mode_shift.csv --output-mode-chains .\output-pt\analysis\population\mode_chains.csv --output-mode-choices .\output-pt\analysis\population\mode_choices.csv --output-mode-choice-evaluation .\output-pt\analysis\population\mode_choice_evaluation.csv --output-mode-choice-evaluation-per-mode .\output-pt\analysis\population\mode_choice_evaluation_per_mode.csv --output-mode-confusion-matrix .\output-pt\analysis\population\mode_confusion_matrix.csv --output-mode-prediction-error .\output-pt\analysis\population\mode_prediction_error.csv
2026-02-25T15:40:42,532  INFO IOUtils:224 Resolved .\output-pt\output_persons.csv to .\output-pt\output_persons.csv
2026-02-25T15:40:42,556  INFO IOUtils:224 Resolved .\output-pt\output_persons.csv to .\output-pt\output_persons.csv
2026-02-25T15:40:43,065  INFO TripAnalysis:197 Filtered 30481 out of 30481 persons
2026-02-25T15:40:43,066  INFO TripAnalysis:217 Filtered 30481 out of 30481 persons
2026-02-25T15:40:43,066  INFO IOUtils:224 Resolved .\output-pt\output_trips.csv to .\output-pt\output_trips.csv
2026-02-25T15:40:43,068  INFO IOUtils:224 Resolved .\output-pt\output_trips.csv to .\output-pt\output_trips.csv
2026-02-25T15:40:45,496  INFO TripAnalysis:272 Filtered 60962 out of 60962 trips
2026-02-25T15:40:47,277  INFO IOUtils:224 Resolved .\output-pt\ITERS\it.0\0.trips.csv to .\output-pt\ITERS\it.0\0.trips.csv
2026-02-25T15:40:47,278  INFO IOUtils:224 Resolved .\output-pt\ITERS\it.0\0.trips.csv to .\output-pt\ITERS\it.0\0.trips.csv
2026-02-25T15:40:49,597  INFO CommandRunner:115 Running class org.matsim.application.prepare.network.CreateAvroNetwork with arguments: --with-properties --network .\output-pt\output_network.xml --output-network .\output-pt\analysis\network\network.avro
2026-02-25T15:40:49,620  INFO Config:461 setting context to [file:/D:/IJ%20projects/matsim-scenario-template-shamalgan/]
2026-02-25T15:40:49,622  INFO MatsimXmlParser:153 starting to parse xml from file .\output-pt\output_network.xml ...
2026-02-25T15:40:49,623  INFO IOUtils:224 Resolved .\output-pt\output_network.xml to .\output-pt\output_network.xml
2026-02-25T15:40:49,625  INFO MatsimNetworkReader:122 using network_v2-reader.
2026-02-25T15:40:49,625  INFO MatsimXmlParser:296 Trying to load http://www.matsim.org/files/dtd/network_v2.dtd. In some cases (e.g. network interface up but no connection), this may take a bit.
2026-02-25T15:40:50,067  INFO NetworkImpl:165  node # 1
2026-02-25T15:40:50,068  INFO NetworkImpl:165  node # 4
2026-02-25T15:40:50,070  INFO NetworkImpl:165  node # 16
2026-02-25T15:40:50,072  INFO NetworkImpl:165  node # 64
2026-02-25T15:40:50,081  INFO NetworkImpl:165  node # 256
2026-02-25T15:40:50,103  INFO NetworkImpl:165  node # 1024
2026-02-25T15:40:50,107  INFO NetworkImpl:161  link # 1
2026-02-25T15:40:50,108  INFO NetworkImpl:161  link # 4
2026-02-25T15:40:50,110  INFO NetworkImpl:161  link # 16
2026-02-25T15:40:50,115  INFO NetworkImpl:161  link # 64
2026-02-25T15:40:50,132  INFO NetworkImpl:161  link # 256
2026-02-25T15:40:50,178  INFO NetworkImpl:161  link # 1024
2026-02-25T15:40:50,265  INFO Config:461 setting context to [file:/D:/IJ%20projects/matsim-scenario-template-shamalgan/]
2026-02-25T15:40:50,267  INFO MatsimXmlParser:153 starting to parse xml from file .\output-pt\output_network.xml ...
2026-02-25T15:40:50,267  INFO IOUtils:224 Resolved .\output-pt\output_network.xml to .\output-pt\output_network.xml
2026-02-25T15:40:50,268  INFO MatsimNetworkReader:122 using network_v2-reader.
2026-02-25T15:40:50,269  INFO MatsimXmlParser:296 Trying to load http://www.matsim.org/files/dtd/network_v2.dtd. In some cases (e.g. network interface up but no connection), this may take a bit.
2026-02-25T15:40:50,490  INFO NetworkImpl:165  node # 1
2026-02-25T15:40:50,490  INFO NetworkImpl:165  node # 4
2026-02-25T15:40:50,490  INFO NetworkImpl:165  node # 16
2026-02-25T15:40:50,491  INFO NetworkImpl:165  node # 64
2026-02-25T15:40:50,492  INFO NetworkImpl:165  node # 256
2026-02-25T15:40:50,494  INFO NetworkImpl:165  node # 1024
2026-02-25T15:40:50,495  INFO NetworkImpl:161  link # 1
2026-02-25T15:40:50,496  INFO NetworkImpl:161  link # 4
2026-02-25T15:40:50,496  INFO NetworkImpl:161  link # 16
2026-02-25T15:40:50,497  INFO NetworkImpl:161  link # 64
2026-02-25T15:40:50,500  INFO NetworkImpl:161  link # 256
2026-02-25T15:40:50,508  INFO NetworkImpl:161  link # 1024
2026-02-25T15:40:50,974  WARN MGC:179 Assuming that coordinates are in longitude first notation, i.e. (longitude, latitude).
2026-02-25T15:40:52,287  WARN MGC:179 Assuming that coordinates are in longitude first notation, i.e. (longitude, latitude).
2026-02-25T15:40:52,856  INFO CommandRunner:115 Running class org.matsim.application.analysis.traffic.TrafficAnalysis with arguments: --transport-modes car --events .\output-pt\output_events.xml --network .\output-pt\output_network.xml --sample-size 1.0 --output-traffic-stats-by-link-daily .\output-pt\analysis\traffic\traffic_stats_by_link_daily.csv --output-traffic-stats-by-link-and-hour .\output-pt\analysis\traffic\traffic_stats_by_link_and_hour.csv --output-traffic-stats-by-road-type-daily .\output-pt\analysis\traffic\traffic_stats_by_road_type_daily.csv --output-traffic-stats-by-road-type-and-hour .\output-pt\analysis\traffic\traffic_stats_by_road_type_and_hour.csv
2026-02-25T15:40:52,876  INFO Config:461 setting context to [file:/D:/IJ%20projects/matsim-scenario-template-shamalgan/]
2026-02-25T15:40:52,878  INFO MatsimXmlParser:153 starting to parse xml from file .\output-pt\output_network.xml ...
2026-02-25T15:40:52,878  INFO IOUtils:224 Resolved .\output-pt\output_network.xml to .\output-pt\output_network.xml
2026-02-25T15:40:52,881  INFO MatsimNetworkReader:122 using network_v2-reader.
2026-02-25T15:40:52,882  INFO MatsimXmlParser:296 Trying to load http://www.matsim.org/files/dtd/network_v2.dtd. In some cases (e.g. network interface up but no connection), this may take a bit.
2026-02-25T15:40:53,101  INFO NetworkImpl:165  node # 1
2026-02-25T15:40:53,102  INFO NetworkImpl:165  node # 4
2026-02-25T15:40:53,102  INFO NetworkImpl:165  node # 16
2026-02-25T15:40:53,102  INFO NetworkImpl:165  node # 64
2026-02-25T15:40:53,105  INFO NetworkImpl:165  node # 256
2026-02-25T15:40:53,109  INFO NetworkImpl:165  node # 1024
2026-02-25T15:40:53,110  INFO NetworkImpl:161  link # 1
2026-02-25T15:40:53,111  INFO NetworkImpl:161  link # 4
2026-02-25T15:40:53,111  INFO NetworkImpl:161  link # 16
2026-02-25T15:40:53,112  INFO NetworkImpl:161  link # 64
2026-02-25T15:40:53,117  INFO NetworkImpl:161  link # 256
2026-02-25T15:40:53,130  INFO NetworkImpl:161  link # 1024
2026-02-25T15:40:53,170  INFO NetworkFilterManager:121 applying filters to network with 1137 nodes and 3009 links...
2026-02-25T15:40:53,172  INFO NetworkImpl:165  node # 1
2026-02-25T15:40:53,172  INFO NetworkImpl:161  link # 1
2026-02-25T15:40:53,173  INFO NetworkImpl:165  node # 4
2026-02-25T15:40:53,173  INFO NetworkImpl:161  link # 4
2026-02-25T15:40:53,174  INFO NetworkImpl:161  link # 16
2026-02-25T15:40:53,174  INFO NetworkImpl:165  node # 16
2026-02-25T15:40:53,175  INFO NetworkImpl:161  link # 64
2026-02-25T15:40:53,176  INFO NetworkImpl:165  node # 64
2026-02-25T15:40:53,178  INFO NetworkImpl:161  link # 256
2026-02-25T15:40:53,179  INFO NetworkImpl:165  node # 256
2026-02-25T15:40:53,184  INFO NetworkImpl:161  link # 1024
2026-02-25T15:40:53,191  INFO NetworkImpl:165  node # 1024
2026-02-25T15:40:53,197  INFO NetworkFilterManager:140 filtered network contains 1128 nodes and 2991 links.
2026-02-25T15:40:53,199  INFO EventsManagerImpl:139 === Logging of event-handlers skipped ===
2026-02-25T15:40:53,199  INFO EventsManagerImpl:140 To enable debug output, set an environment variable i.e. export LOG_LEVEL='debug', or set log.setLogLevel(Level.DEBUG) in your run class.
2026-02-25T15:40:53,200  INFO EventsManagerImpl:210     > org.matsim.api.core.v01.events.LinkEnterEvent
2026-02-25T15:40:53,200  INFO EventsManagerImpl:210     > org.matsim.api.core.v01.events.LinkLeaveEvent
2026-02-25T15:40:53,200  INFO EventsManagerImpl:210     > org.matsim.api.core.v01.events.VehicleEntersTrafficEvent
2026-02-25T15:40:53,200  INFO EventsManagerImpl:210     > org.matsim.api.core.v01.events.VehicleLeavesTrafficEvent
2026-02-25T15:40:53,201  INFO EventsManagerImpl:210     > org.matsim.core.api.experimental.events.VehicleArrivesAtFacilityEvent
2026-02-25T15:40:53,201  INFO EventsManagerImpl:210     > org.matsim.api.core.v01.events.VehicleAbortsEvent
2026-02-25T15:40:53,201  INFO EventsManagerImpl:139 === Logging of event-handlers skipped ===
2026-02-25T15:40:53,201  INFO EventsManagerImpl:140 To enable debug output, set an environment variable i.e. export LOG_LEVEL='debug', or set log.setLogLevel(Level.DEBUG) in your run class.
2026-02-25T15:40:53,201  INFO EventsManagerImpl:210     > org.matsim.api.core.v01.events.LinkLeaveEvent
2026-02-25T15:40:53,201  INFO EventsManagerImpl:210     > org.matsim.api.core.v01.events.VehicleEntersTrafficEvent
2026-02-25T15:40:53,207  INFO MatsimEventsReader$XmlEventsReader:163 using events_v1-reader.
2026-02-25T15:40:53,208  INFO MatsimXmlParser:153 starting to parse xml from file .\output-pt\output_events.xml ...
2026-02-25T15:40:53,208  INFO IOUtils:224 Resolved .\output-pt\output_events.xml to .\output-pt\output_events.xml
2026-02-25T15:40:53,211  INFO EventsManagerImpl:116  event # 1
2026-02-25T15:40:53,213  INFO EventsManagerImpl:116  event # 4
2026-02-25T15:40:53,214  INFO EventsManagerImpl:116  event # 16
2026-02-25T15:40:53,215  INFO EventsManagerImpl:116  event # 64
2026-02-25T15:40:53,218  INFO EventsManagerImpl:116  event # 256
2026-02-25T15:40:53,226  INFO EventsManagerImpl:116  event # 1024
2026-02-25T15:40:53,251  INFO EventsManagerImpl:116  event # 4096
2026-02-25T15:40:53,298  INFO EventsManagerImpl:116  event # 16384
2026-02-25T15:40:53,465  INFO EventsManagerImpl:116  event # 65536
2026-02-25T15:40:53,936  INFO EventsManagerImpl:116  event # 262144
2026-02-25T15:40:55,494  INFO EventsManagerImpl:116  event # 1048576
2026-02-25T15:40:57,172  INFO MemoryObserver:42 used RAM: 442 MB  free: 471 MB  total: 914 MB
2026-02-25T15:41:00,310  INFO CommandRunner:115 Running class org.matsim.application.analysis.pt.PublicTransitAnalysis with arguments: --run-directory .\output-pt --sample-size 1.0 --output-pt-pax-volumes .\output-pt\analysis\pt\pt_pax_volumes.csv.gz --output-pt-pax-per-hour-and-vehicle-type .\output-pt\analysis\pt\pt_pax_per_hour_and_vehicle_type.csv --output-pt-pax-per-hour-and-vehicle-type-and-agency .\output-pt\analysis\pt\pt_pax_per_hour_and_vehicle_type_and_agency.csv
2026-02-25T15:41:00,321  INFO IOUtils:224 Resolved D:\IJ projects\matsim-scenario-template-shamalgan\.\output-pt\output_config.xml to D:\IJ projects\matsim-scenario-template-shamalgan\.\output-pt\output_config.xml
2026-02-25T15:41:00,322  INFO Config:461 setting context to [file:/D:/IJ%20projects/matsim-scenario-template-shamalgan/]
2026-02-25T15:41:00,324  INFO MatsimXmlParser:170 starting to parse xml from url file:/D:/IJ%20projects/matsim-scenario-template-shamalgan/./output-pt/output_config.xml ...
2026-02-25T15:41:00,325  INFO ConfigReader:105 using config_v2-reader
2026-02-25T15:41:00,326  INFO MatsimXmlParser:296 Trying to load http://www.matsim.org/files/dtd/config_v2.dtd. In some cases (e.g. network interface up but no connection), this may take a bit.
2026-02-25T15:41:00,726  INFO GlobalConfigGroup:99 setting number of threads to: 2
2026-02-25T15:41:00,742  WARN RoutingConfigGroup:403 The first mode routing (= teleported mode) params that are explicitly defined clear the default mode routing (= teleported mode) params.  If you want to avoid this 
2026-02-25T15:41:00,743  WARN RoutingConfigGroup:404     warning, use clearTeleportedModeParams(true) in code, and "clearDefaultTeleportedModeParams"=true in xml config.
2026-02-25T15:41:00,745  WARN ScoringConfigGroup$ReflectiveDelegate:1684 Setting pathSizeLogitBeta different from zero is experimental.  KN, Sep'08
2026-02-25T15:41:00,750  INFO ScoringConfigGroup:555 scoring parameters for subpopulation null were just replaced.
2026-02-25T15:41:00,752  INFO Config:461 setting context to [file:/D:/IJ%20projects/matsim-scenario-template-shamalgan/./output-pt/output_config.xml]
2026-02-25T15:41:00,772  INFO GlobalConfigGroup:99 setting number of threads to: 1
2026-02-25T15:41:00,773  INFO ScenarioLoaderImpl:135 loading network from file:/D:/IJ%20projects/matsim-scenario-template-shamalgan/./output-pt/output_network.xml
2026-02-25T15:41:00,774  INFO MatsimXmlParser:170 starting to parse xml from url file:/D:/IJ%20projects/matsim-scenario-template-shamalgan/./output-pt/output_network.xml ...
2026-02-25T15:41:00,775  INFO MatsimNetworkReader:122 using network_v2-reader.
2026-02-25T15:41:00,777  INFO MatsimXmlParser:296 Trying to load http://www.matsim.org/files/dtd/network_v2.dtd. In some cases (e.g. network interface up but no connection), this may take a bit.
2026-02-25T15:41:00,984  INFO NetworkImpl:165  node # 1
2026-02-25T15:41:00,984  INFO NetworkImpl:165  node # 4
2026-02-25T15:41:00,984  INFO NetworkImpl:165  node # 16
2026-02-25T15:41:00,985  INFO NetworkImpl:165  node # 64
2026-02-25T15:41:00,987  INFO NetworkImpl:165  node # 256
2026-02-25T15:41:00,993  INFO NetworkImpl:165  node # 1024
2026-02-25T15:41:00,994  INFO NetworkImpl:161  link # 1
2026-02-25T15:41:00,995  INFO NetworkImpl:161  link # 4
2026-02-25T15:41:00,996  INFO NetworkImpl:161  link # 16
2026-02-25T15:41:00,996  INFO NetworkImpl:161  link # 64
2026-02-25T15:41:00,999  INFO NetworkImpl:161  link # 256
2026-02-25T15:41:01,009  INFO NetworkImpl:161  link # 1024
2026-02-25T15:41:01,036  INFO ScenarioLoaderImpl:172 no facilities file set in config, therefore not loading any facilities.  This is not a problem except if you are using facilities
2026-02-25T15:41:01,037  INFO ScenarioLoaderImpl:188 no facility-attributes file set in config, not loading any facility attributes
2026-02-25T15:41:01,037  INFO ScenarioLoaderImpl:208 no population file set in config, not able to load population
2026-02-25T15:41:01,037  INFO ScenarioLoaderImpl:244 no person-attributes file set in config, not loading any person attributes
2026-02-25T15:41:01,037  INFO ScenarioLoaderImpl:258 no households file set in config, not loading households
2026-02-25T15:41:01,037  INFO MatsimXmlParser:170 starting to parse xml from url file:/D:/IJ%20projects/matsim-scenario-template-shamalgan/./output-pt/output_transitSchedule.xml ...
2026-02-25T15:41:01,040  INFO MatsimXmlParser:296 Trying to load http://www.matsim.org/files/dtd/transitSchedule_v2.dtd. In some cases (e.g. network interface up but no connection), this may take a bit.
2026-02-25T15:41:01,246  INFO ScenarioLoaderImpl:329 loading transit vehicles from D:\IJ projects\matsim-scenario-template-shamalgan\.\output-pt\output_transitVehicles.xml
2026-02-25T15:41:01,247  INFO MatsimXmlParser:170 starting to parse xml from url file:/D:/IJ%20projects/matsim-scenario-template-shamalgan/./output-pt/output_transitVehicles.xml ...
2026-02-25T15:41:01,253  INFO MatsimXmlParser:296 Trying to load http://www.matsim.org/files/dtd/vehicleDefinitions_v2.0.xsd. In some cases (e.g. network interface up but no connection), this may take a bit.
2026-02-25T15:41:01,458  INFO MatsimXmlParser:296 Trying to load http://www.matsim.org/files/dtd/matsimCommon.xsd. In some cases (e.g. network interface up but no connection), this may take a bit.
2026-02-25T15:41:01,660  INFO MatsimXmlParser:296 Trying to load http://www.matsim.org/files/dtd/vehicleDefinitionsEnumTypes.xsd. In some cases (e.g. network interface up but no connection), this may take a bit.
2026-02-25T15:41:01,865  INFO MatsimVehicleReader$VehicleReader:77 Found following schemaLocation in vehicle definition file: http://www.matsim.org/files/dtd http://www.matsim.org/files/dtd/vehicleDefinitions_v2.0.xsd
2026-02-25T15:41:01,865  INFO VehicleReaderV2:24 Using org.matsim.vehicles.VehicleReaderV2
2026-02-25T15:41:01,867  INFO Counter:70 [VehiclesImpl] added vehicle # 1
2026-02-25T15:41:01,867  INFO Counter:70 [VehiclesImpl] added vehicle # 2
2026-02-25T15:41:01,868  INFO Counter:70 [VehiclesImpl] added vehicle # 4
2026-02-25T15:41:01,868  INFO Counter:70 [VehiclesImpl] added vehicle # 8
2026-02-25T15:41:01,869  INFO Counter:70 [VehiclesImpl] added vehicle # 16
2026-02-25T15:41:01,870  INFO Counter:70 [VehiclesImpl] added vehicle # 32
2026-02-25T15:41:01,873  INFO Counter:70 [VehiclesImpl] added vehicle # 64
2026-02-25T15:41:01,876  INFO Counter:70 [VehiclesImpl] added vehicle # 128
2026-02-25T15:41:01,883  INFO Counter:70 [VehiclesImpl] added vehicle # 256
2026-02-25T15:41:01,886  INFO ScenarioLoaderImpl:339 loading vehicles from D:\IJ projects\matsim-scenario-template-shamalgan\.\output-pt\output_vehicles.xml
2026-02-25T15:41:01,886  INFO MatsimXmlParser:170 starting to parse xml from url file:/D:/IJ%20projects/matsim-scenario-template-shamalgan/./output-pt/output_vehicles.xml ...
2026-02-25T15:41:01,890  INFO MatsimXmlParser:296 Trying to load http://www.matsim.org/files/dtd/vehicleDefinitions_v2.0.xsd. In some cases (e.g. network interface up but no connection), this may take a bit.
2026-02-25T15:41:02,093  INFO MatsimXmlParser:296 Trying to load http://www.matsim.org/files/dtd/matsimCommon.xsd. In some cases (e.g. network interface up but no connection), this may take a bit.
2026-02-25T15:41:02,295  INFO MatsimXmlParser:296 Trying to load http://www.matsim.org/files/dtd/vehicleDefinitionsEnumTypes.xsd. In some cases (e.g. network interface up but no connection), this may take a bit.
2026-02-25T15:41:02,500  INFO MatsimVehicleReader$VehicleReader:77 Found following schemaLocation in vehicle definition file: http://www.matsim.org/files/dtd http://www.matsim.org/files/dtd/vehicleDefinitions_v2.0.xsd
2026-02-25T15:41:02,501  INFO VehicleReaderV2:24 Using org.matsim.vehicles.VehicleReaderV2
2026-02-25T15:41:02,503  INFO Counter:70 [VehiclesImpl] added vehicle # 1
2026-02-25T15:41:02,503  INFO Counter:70 [VehiclesImpl] added vehicle # 2
2026-02-25T15:41:02,503  INFO Counter:70 [VehiclesImpl] added vehicle # 4
2026-02-25T15:41:02,504  INFO Counter:70 [VehiclesImpl] added vehicle # 8
2026-02-25T15:41:02,504  INFO Counter:70 [VehiclesImpl] added vehicle # 16
2026-02-25T15:41:02,505  INFO Counter:70 [VehiclesImpl] added vehicle # 32
2026-02-25T15:41:02,506  INFO Counter:70 [VehiclesImpl] added vehicle # 64
2026-02-25T15:41:02,509  INFO Counter:70 [VehiclesImpl] added vehicle # 128
2026-02-25T15:41:02,513  INFO Counter:70 [VehiclesImpl] added vehicle # 256
2026-02-25T15:41:02,521  INFO Counter:70 [VehiclesImpl] added vehicle # 512
2026-02-25T15:41:02,531  INFO Counter:70 [VehiclesImpl] added vehicle # 1024
2026-02-25T15:41:02,543  INFO Counter:70 [VehiclesImpl] added vehicle # 2048
2026-02-25T15:41:02,564  INFO Counter:70 [VehiclesImpl] added vehicle # 4096
2026-02-25T15:41:02,595  INFO Counter:70 [VehiclesImpl] added vehicle # 8192
2026-02-25T15:41:02,657  INFO Counter:70 [VehiclesImpl] added vehicle # 16384
2026-02-25T15:41:02,758  INFO EventsManagerImpl:139 === Logging of event-handlers skipped ===
2026-02-25T15:41:02,759  INFO EventsManagerImpl:140 To enable debug output, set an environment variable i.e. export LOG_LEVEL='debug', or set log.setLogLevel(Level.DEBUG) in your run class.
2026-02-25T15:41:02,759  INFO EventsManagerImpl:210     > org.matsim.api.core.v01.events.TransitDriverStartsEvent
2026-02-25T15:41:02,759  INFO EventsManagerImpl:210     > org.matsim.core.api.experimental.events.VehicleArrivesAtFacilityEvent
2026-02-25T15:41:02,759  INFO EventsManagerImpl:210     > org.matsim.core.api.experimental.events.VehicleDepartsAtFacilityEvent
2026-02-25T15:41:02,760  INFO EventsManagerImpl:210     > org.matsim.api.core.v01.events.PersonEntersVehicleEvent
2026-02-25T15:41:02,760  INFO EventsManagerImpl:210     > org.matsim.api.core.v01.events.PersonLeavesVehicleEvent
2026-02-25T15:41:02,760  INFO EventsManagerImpl:210     > org.matsim.api.core.v01.events.VehicleEntersTrafficEvent
2026-02-25T15:41:02,760  INFO EventsManagerImpl:210     > org.matsim.api.core.v01.events.LinkEnterEvent
2026-02-25T15:41:02,760  INFO EventsManagerImpl:139 === Logging of event-handlers skipped ===
2026-02-25T15:41:02,761  INFO EventsManagerImpl:140 To enable debug output, set an environment variable i.e. export LOG_LEVEL='debug', or set log.setLogLevel(Level.DEBUG) in your run class.
2026-02-25T15:41:02,761  INFO EventsManagerImpl:210     > org.matsim.api.core.v01.events.PersonEntersVehicleEvent
2026-02-25T15:41:02,761  INFO EventsManagerImpl:210     > org.matsim.api.core.v01.events.TransitDriverStartsEvent
2026-02-25T15:41:02,761  INFO EventsManagerImpl:210     > org.matsim.api.core.v01.events.ActivityEndEvent
2026-02-25T15:41:02,762  INFO MatsimEventsReader$XmlEventsReader:163 using events_v1-reader.
2026-02-25T15:41:02,762  INFO MatsimXmlParser:153 starting to parse xml from file .\output-pt\output_events.xml ...
2026-02-25T15:41:02,762  INFO IOUtils:224 Resolved .\output-pt\output_events.xml to .\output-pt\output_events.xml
2026-02-25T15:41:02,763  INFO EventsManagerImpl:116  event # 1
2026-02-25T15:41:02,766  INFO EventsManagerImpl:116  event # 4
2026-02-25T15:41:02,766  INFO EventsManagerImpl:116  event # 16
2026-02-25T15:41:02,767  INFO EventsManagerImpl:116  event # 64
2026-02-25T15:41:02,768  INFO EventsManagerImpl:116  event # 256
2026-02-25T15:41:02,771  INFO EventsManagerImpl:116  event # 1024
2026-02-25T15:41:02,781  INFO EventsManagerImpl:116  event # 4096
2026-02-25T15:41:02,823  INFO EventsManagerImpl:116  event # 16384
2026-02-25T15:41:02,934  INFO EventsManagerImpl:116  event # 65536
2026-02-25T15:41:03,285  INFO EventsManagerImpl:116  event # 262144
2026-02-25T15:41:04,412  INFO EventsManagerImpl:116  event # 1048576
2026-02-25T15:41:06,529  INFO PublicTransitAnalysis:97 Done reading the events file.
2026-02-25T15:41:06,529  INFO PublicTransitAnalysis:98 Finish processing...
2026-02-25T15:41:06,710  INFO CommandRunner:115 Running class org.matsim.application.analysis.population.StuckAgentAnalysis with arguments: --events .\output-pt\output_events.xml --output-stuck-agents-per-hour .\output-pt\analysis\population\stuck_agents_per_hour.csv --output-stuck-agents-per-mode .\output-pt\analysis\population\stuck_agents_per_mode.csv --output-stuck-agents-per-link .\output-pt\analysis\population\stuck_agents_per_link.csv --output-stuck-agents .\output-pt\analysis\population\stuck_agents.csv
2026-02-25T15:41:06,714  INFO EventsManagerImpl:139 === Logging of event-handlers skipped ===
2026-02-25T15:41:06,715  INFO EventsManagerImpl:140 To enable debug output, set an environment variable i.e. export LOG_LEVEL='debug', or set log.setLogLevel(Level.DEBUG) in your run class.
2026-02-25T15:41:06,715  INFO EventsManagerImpl:210     > org.matsim.api.core.v01.events.PersonStuckEvent
2026-02-25T15:41:06,715  INFO EventsManagerImpl:210     > org.matsim.api.core.v01.events.ActivityStartEvent
2026-02-25T15:41:06,715  INFO MatsimEventsReader$XmlEventsReader:163 using events_v1-reader.
2026-02-25T15:41:06,715  INFO MatsimXmlParser:153 starting to parse xml from file .\output-pt\output_events.xml ...
2026-02-25T15:41:06,715  INFO IOUtils:224 Resolved .\output-pt\output_events.xml to .\output-pt\output_events.xml
2026-02-25T15:41:06,716  INFO EventsManagerImpl:116  event # 1
2026-02-25T15:41:06,717  INFO EventsManagerImpl:116  event # 4
2026-02-25T15:41:06,717  INFO EventsManagerImpl:116  event # 16
2026-02-25T15:41:06,717  INFO EventsManagerImpl:116  event # 64
2026-02-25T15:41:06,718  INFO EventsManagerImpl:116  event # 256
2026-02-25T15:41:06,719  INFO EventsManagerImpl:116  event # 1024
2026-02-25T15:41:06,724  INFO EventsManagerImpl:116  event # 4096
2026-02-25T15:41:06,746  INFO EventsManagerImpl:116  event # 16384
2026-02-25T15:41:06,825  INFO EventsManagerImpl:116  event # 65536
2026-02-25T15:41:07,099  INFO EventsManagerImpl:116  event # 262144
2026-02-25T15:41:08,235  INFO EventsManagerImpl:116  event # 1048576
2026-02-25T15:41:10,663  INFO CommandRunner:115 Running class org.matsim.application.analysis.LogFileAnalysis with arguments: --input-logfile .\output-pt\logfile.log --output-run-info .\output-pt\analysis\general\run_info.csv --output-memory-stats .\output-pt\analysis\general\memory_stats.csv --output-runtime-stats .\output-pt\analysis\general\runtime_stats.csv --output-warnings .\output-pt\analysis\general\warnings.csv --output-status .\output-pt\analysis\general\status.md
2026-02-25T15:41:10,674  INFO IOUtils:224 Resolved .\output-pt\logfile.log to .\output-pt\logfile.log
2026-02-25T15:41:12,387  INFO CommandRunner:115 Running class org.matsim.application.prepare.network.CreateAvroNetwork with arguments: --mode-filter  --shp none --network .\output-pt\output_network.xml --output-network .\output-pt\analysis\network-all\network.avro
2026-02-25T15:41:12,398  INFO Config:461 setting context to [file:/D:/IJ%20projects/matsim-scenario-template-shamalgan/]
2026-02-25T15:41:12,399  INFO MatsimXmlParser:153 starting to parse xml from file .\output-pt\output_network.xml ...
2026-02-25T15:41:12,400  INFO IOUtils:224 Resolved .\output-pt\output_network.xml to .\output-pt\output_network.xml
2026-02-25T15:41:12,402  INFO MatsimNetworkReader:122 using network_v2-reader.
2026-02-25T15:41:12,402  INFO MatsimXmlParser:296 Trying to load http://www.matsim.org/files/dtd/network_v2.dtd. In some cases (e.g. network interface up but no connection), this may take a bit.
2026-02-25T15:41:12,857  INFO NetworkImpl:165  node # 1
2026-02-25T15:41:12,858  INFO NetworkImpl:165  node # 4
2026-02-25T15:41:12,858  INFO NetworkImpl:165  node # 16
2026-02-25T15:41:12,859  INFO NetworkImpl:165  node # 64
2026-02-25T15:41:12,861  INFO NetworkImpl:165  node # 256
2026-02-25T15:41:12,865  INFO NetworkImpl:165  node # 1024
2026-02-25T15:41:12,866  INFO NetworkImpl:161  link # 1
2026-02-25T15:41:12,866  INFO NetworkImpl:161  link # 4
2026-02-25T15:41:12,867  INFO NetworkImpl:161  link # 16
2026-02-25T15:41:12,867  INFO NetworkImpl:161  link # 64
2026-02-25T15:41:12,869  INFO NetworkImpl:161  link # 256
2026-02-25T15:41:12,876  INFO NetworkImpl:161  link # 1024
2026-02-25T15:41:12,894  INFO Config:461 setting context to [file:/D:/IJ%20projects/matsim-scenario-template-shamalgan/]
2026-02-25T15:41:12,896  INFO MatsimXmlParser:153 starting to parse xml from file .\output-pt\output_network.xml ...
2026-02-25T15:41:12,896  INFO IOUtils:224 Resolved .\output-pt\output_network.xml to .\output-pt\output_network.xml
2026-02-25T15:41:12,897  INFO MatsimNetworkReader:122 using network_v2-reader.
2026-02-25T15:41:12,897  INFO MatsimXmlParser:296 Trying to load http://www.matsim.org/files/dtd/network_v2.dtd. In some cases (e.g. network interface up but no connection), this may take a bit.
2026-02-25T15:41:13,128  INFO NetworkImpl:165  node # 1
2026-02-25T15:41:13,128  INFO NetworkImpl:165  node # 4
2026-02-25T15:41:13,128  INFO NetworkImpl:165  node # 16
2026-02-25T15:41:13,129  INFO NetworkImpl:165  node # 64
2026-02-25T15:41:13,129  INFO NetworkImpl:165  node # 256
2026-02-25T15:41:13,131  INFO NetworkImpl:165  node # 1024
2026-02-25T15:41:13,132  INFO NetworkImpl:161  link # 1
2026-02-25T15:41:13,132  INFO NetworkImpl:161  link # 4
2026-02-25T15:41:13,134  INFO NetworkImpl:161  link # 16
2026-02-25T15:41:13,134  INFO NetworkImpl:161  link # 64
2026-02-25T15:41:13,135  INFO NetworkImpl:161  link # 256
2026-02-25T15:41:13,141  INFO NetworkImpl:161  link # 1024
2026-02-25T15:41:13,156  WARN MGC:179 Assuming that coordinates are in longitude first notation, i.e. (longitude, latitude).
2026-02-25T15:41:13,158  WARN MGC:179 Assuming that coordinates are in longitude first notation, i.e. (longitude, latitude).
2026-02-25T15:41:13,189  INFO ControlerListenerManagerImpl:138 all ControlerShutdownListeners called.
2026-02-25T15:41:13,189  INFO MatsimRuntimeModifications:103 S H U T D O W N   ---   shutdown completed.
2026-02-25T15:41:13,189  INFO OutputDirectoryLogging:173 closing the logfile, i.e. messages sent to the logger after this message are not written to the logfile.
