link;from_node;to_node;length;freespeed;capacity;lanes;modes;vol_car;storageCapacityUsedInQsim;type;origid;geometry
1;10632880857;12349948858;72.05557741285932;19.444444444444443;2550.0;2.0;car;3142;;primary;1396178743;LINESTRING( 633321.0590633099 4804060.746687272, 633390.3352258706 4804040.927011766 )
10;10569461101;10569461100;150.28291638062888;5.555555555555555;420.0;1.0;car;11;;unclassified;1133637525;LINESTRING( 629629.8441233652 4800852.975154862, 629712.9648762167 4800974.244254352 )
100;10578216794;6342426584;104.42396757429796;5.555555555555555;420.0;1.0;car;21;;unclassified;1153095829;LINESTRING( 630871.331369203 4802337.243502267, 630929.2893124705 4802422.190507633 )
1000;4800161974;4800161973;72.00784554605217;5.555555555555555;420.0;1.0;car;1600;;residential;1086851574;LINESTRING( 632785.4936366968 4801387.54289742, 632783.4290535625 4801315.564655453 )
1001;3321563199;4797729168;74.45904260810505;5.555555555555555;420.0;1.0;car;58;;residential;376129364;LINESTRING( 630091.9434871362 4803061.597284365, 630129.513580015 4803125.836021838 )
1002;4797729168;3321563199;74.45904260810505;5.555555555555555;420.0;1.0;car;59;;residential;376129364;LINESTRING( 630129.513580015 4803125.836021838, 630091.9434871362 4803061.597284365 )
1003;4797729168;2015570243;225.5610965455277;5.555555555555555;420.0;1.0;car;60;;residential;376129364;LINESTRING( 630129.513580015 4803125.836021838, 630270.5709618321 4803301.6797217745 )
1004;2015570243;4797729168;225.5610965455277;5.555555555555555;420.0;1.0;car;61;;residential;376129364;LINESTRING( 630270.5709618321 4803301.6797217745, 630129.513580015 4803125.836021838 )
1005;2015570243;2015570246;95.78222870802401;5.555555555555555;420.0;1.0;car;67;;residential;376129364;LINESTRING( 630270.5709618321 4803301.6797217745, 630336.8143433149 4803370.861003535 )
1006;2015570246;2015570243;95.78222870802401;5.555555555555555;420.0;1.0;car;69;;residential;376129364;LINESTRING( 630336.8143433149 4803370.861003535, 630270.5709618321 4803301.6797217745 )
1007;2015570246;2015570251;75.09856836496631;5.555555555555555;420.0;1.0;car;78;;residential;376129364;LINESTRING( 630336.8143433149 4803370.861003535, 630390.053348975 4803423.827061032 )
1008;2015570251;2015570246;75.09856836496631;5.555555555555555;420.0;1.0;car;64;;residential;376129364;LINESTRING( 630390.053348975 4803423.827061032, 630336.8143433149 4803370.861003535 )
1009;2015570251;2015570257;96.49582058913089;5.555555555555555;420.0;1.0;car;58;;residential;376129364;LINESTRING( 630390.053348975 4803423.827061032, 630462.6198900623 4803481.46625309 )
101;6342426584;10578216794;104.42396757429796;5.555555555555555;420.0;1.0;car;21;;unclassified;1153095829;LINESTRING( 630929.2893124705 4802422.190507633, 630871.331369203 4802337.243502267 )
1010;2015570257;2015570251;96.49582058913089;5.555555555555555;420.0;1.0;car;89;;residential;376129364;LINESTRING( 630462.6198900623 4803481.46625309, 630390.053348975 4803423.827061032 )
1011;2015570257;2015570258;83.65022812716106;5.555555555555555;420.0;1.0;car;57;;residential;376129364;LINESTRING( 630462.6198900623 4803481.46625309, 630523.4459150468 4803538.8905976685 )
1012;2015570258;2015570257;83.65022812716106;5.555555555555555;420.0;1.0;car;134;;residential;376129364;LINESTRING( 630523.4459150468 4803538.8905976685, 630462.6198900623 4803481.46625309 )
1013;2015570258;13273525629;62.12791322100216;5.555555555555555;420.0;1.0;car;5;;residential;376129364;LINESTRING( 630523.4459150468 4803538.8905976685, 630565.524771997 4803584.598883558 )
1014;13273525629;2015570258;62.12791322100216;5.555555555555555;420.0;1.0;car;5;;residential;376129364;LINESTRING( 630565.524771997 4803584.598883558, 630523.4459150468 4803538.8905976685 )
1015;6344318260;9958389868;131.30766969909683;5.555555555555555;420.0;1.0;car;1462;;residential;1086851575;LINESTRING( 632500.2586329031 4801363.427144964, 632601.4817798911 4801280.130601404 )
1016;9958389868;6344318260;131.30766969909683;5.555555555555555;420.0;1.0;car;1584;;residential;1086851575;LINESTRING( 632601.4817798911 4801280.130601404, 632500.2586329031 4801363.427144964 )
1017;10569487968;10569480645;212.51749825949142;5.555555555555555;420.0;1.0;car;45;;residential;1133637329;LINESTRING( 629985.6309936694 4800871.669503715, 630140.5986709697 4800728.965970262 )
1018;10569480645;10569487968;212.51749825949142;5.555555555555555;420.0;1.0;car;9;;residential;1133637329;LINESTRING( 630140.5986709697 4800728.965970262, 629985.6309936694 4800871.669503715 )
1019;10569480645;10569487964;120.55718392236315;5.555555555555555;420.0;1.0;car;27;;residential;1133637329;LINESTRING( 630140.5986709697 4800728.965970262, 630232.5927160325 4800653.056480999 )
102;5190916301;5190916302;87.0462555166407;5.555555555555555;420.0;1.0;car;26;;residential;535594972;LINESTRING( 633209.3790186241 4803451.807727583, 633122.3618863451 4803454.0592358345 )
1020;10569487964;10569480645;120.55718392236315;5.555555555555555;420.0;1.0;car;3;;residential;1133637329;LINESTRING( 630232.5927160325 4800653.056480999, 630140.5986709697 4800728.965970262 )
1021;10569487964;10569487959;144.97455712625717;5.555555555555555;420.0;1.0;car;51;;residential;1133637329;LINESTRING( 630232.5927160325 4800653.056480999, 630095.6269837721 4800650.853787243 )
1022;10569487959;10569487964;144.97455712625717;5.555555555555555;420.0;1.0;car;17;;residential;1133637329;LINESTRING( 630095.6269837721 4800650.853787243, 630232.5927160325 4800653.056480999 )
1023;10569487959;10569487958;51.31780303142323;5.555555555555555;420.0;1.0;car;20;;residential;1133637329;LINESTRING( 630095.6269837721 4800650.853787243, 630080.769007409 4800699.973614669 )
1024;10569487958;10569487959;51.31780303142323;5.555555555555555;420.0;1.0;car;12;;residential;1133637329;LINESTRING( 630080.769007409 4800699.973614669, 630095.6269837721 4800650.853787243 )
1025;10569487958;10569487953;185.22283054987852;5.555555555555555;420.0;1.0;car;22;;residential;1133637329;LINESTRING( 630080.769007409 4800699.973614669, 629963.0949925683 4800826.77469049 )
1026;10569487953;10569487958;185.22283054987852;5.555555555555555;420.0;1.0;car;2;;residential;1133637329;LINESTRING( 629963.0949925683 4800826.77469049, 630080.769007409 4800699.973614669 )
1028;10569487780;10569487964;130.52688152032414;5.555555555555555;420.0;1.0;car;73;;unclassified;1133637328;LINESTRING( 630356.7585164272 4800687.522776293, 630232.5927160325 4800653.056480999 )
1029;10569487964;10569487780;130.52688152032414;5.555555555555555;420.0;1.0;car;39;;unclassified;1133637328;LINESTRING( 630232.5927160325 4800653.056480999, 630356.7585164272 4800687.522776293 )
103;5190916302;5190916301;87.0462555166407;5.555555555555555;420.0;1.0;car;26;;residential;535594972;LINESTRING( 633122.3618863451 4803454.0592358345, 633209.3790186241 4803451.807727583 )
1030;10569487964;10569487945;352.61361445813;5.555555555555555;420.0;1.0;car;28;;unclassified;1133637328;LINESTRING( 630232.5927160325 4800653.056480999, 630089.9966110738 4800949.034577591 )
1031;10569487945;10569487964;352.61361445813;5.555555555555555;420.0;1.0;car;4;;unclassified;1133637328;LINESTRING( 630089.9966110738 4800949.034577591, 630232.5927160325 4800653.056480999 )
1032;11449797976;11449797975;41.940419777646746;19.444444444444443;3400.0;2.0;car;2915;;trunk;1233850570;LINESTRING( 633691.7991140201 4801046.388577276, 633703.2195889136 4801086.744141506 )
1033;12759303809;12759303812;111.11047009477866;12.5;1200.0;1.0;car;109;;trunk_link;1233850569;LINESTRING( 633886.6083037688 4800777.910982402, 633959.0731369351 4800693.842301092 )
1034;11062914730;9801289590;339.9987735117096;19.444444444444443;3400.0;2.0;car;3035;;trunk;1233850572;LINESTRING( 633489.7785022131 4803755.14891176, 633366.6158737601 4804072.056047909 )
1035;6344444897;4797731545;171.36183917207273;5.555555555555555;420.0;1.0;car;20;;unclassified;677587243;LINESTRING( 630040.1965062349 4802961.567595807, 630139.8556110923 4802824.456352453 )
1036;4797731545;6344444897;171.36183917207273;5.555555555555555;420.0;1.0;car;43;;unclassified;677587243;LINESTRING( 630139.8556110923 4802824.456352453, 630040.1965062349 4802961.567595807 )
1037;6342422902;6344306028;154.33437400228576;5.555555555555555;420.0;1.0;car;91;;unclassified;677572911;LINESTRING( 630936.072066651 4801947.693290661, 631079.4002566321 4801890.521354867 )
1038;6344306028;6342422902;154.33437400228576;5.555555555555555;420.0;1.0;car;60;;unclassified;677572911;LINESTRING( 631079.4002566321 4801890.521354867, 630936.072066651 4801947.693290661 )
1039;10593375602;10595531653;34.09697133343416;5.555555555555555;420.0;1.0;car;86;;unclassified;1136368374;LINESTRING( 630057.1330052188 4802986.168661497, 630024.523097762 4802976.208872856 )
104;5190916302;5190916303;127.56337269387801;5.555555555555555;420.0;1.0;car;47;;residential;535594972;LINESTRING( 633122.3618863451 4803454.0592358345, 632994.9584648549 4803447.6731379945 )
1040;10595531653;10593375602;34.09697133343416;5.555555555555555;420.0;1.0;car;72;;unclassified;1136368374;LINESTRING( 630024.523097762 4802976.208872856, 630057.1330052188 4802986.168661497 )
1041;10595531653;10593375592;1152.4316891204219;5.555555555555555;420.0;1.0;car;82;;unclassified;1136368374;LINESTRING( 630024.523097762 4802976.208872856, 629190.415396757 4802198.499427498 )
1042;10593375592;10595531653;1152.4316891204219;5.555555555555555;420.0;1.0;car;68;;unclassified;1136368374;LINESTRING( 629190.415396757 4802198.499427498, 630024.523097762 4802976.208872856 )
1043;10569487959;10569480692;211.1750605724287;5.555555555555555;420.0;1.0;car;36;;unclassified;1133637315;LINESTRING( 630095.6269837721 4800650.853787243, 629917.1009664326 4800715.714453912 )
1044;10569480692;10569487959;211.1750605724287;5.555555555555555;420.0;1.0;car;10;;unclassified;1133637315;LINESTRING( 629917.1009664326 4800715.714453912, 630095.6269837721 4800650.853787243 )
1045;4800169494;4800169495;225.49671517007812;5.555555555555555;420.0;1.0;car;37;;residential;487562332;LINESTRING( 632188.9398053276 4801519.362635228, 632100.1612731136 4801313.02538041 )
1046;4800169495;4800169494;225.49671517007812;5.555555555555555;420.0;1.0;car;34;;residential;487562332;LINESTRING( 632100.1612731136 4801313.02538041, 632188.9398053276 4801519.362635228 )
1047;6344293310;10578216746;198.43134306943077;5.555555555555555;420.0;1.0;car;34;;unclassified;677571889;LINESTRING( 631304.7556491881 4802433.8175102025, 631136.8263195528 4802539.502022334 )
1048;10578216746;6344293310;198.43134306943077;5.555555555555555;420.0;1.0;car;25;;unclassified;677571889;LINESTRING( 631136.8263195528 4802539.502022334, 631304.7556491881 4802433.8175102025 )
1049;10578216746;6344293311;62.430951036258875;5.555555555555555;420.0;1.0;car;32;;unclassified;677571889;LINESTRING( 631136.8263195528 4802539.502022334, 631083.4304755277 4802571.851790311 )
105;5190916303;5190916302;127.56337269387801;5.555555555555555;420.0;1.0;car;114;;residential;535594972;LINESTRING( 632994.9584648549 4803447.6731379945, 633122.3618863451 4803454.0592358345 )
1050;6344293311;10578216746;62.430951036258875;5.555555555555555;420.0;1.0;car;23;;unclassified;677571889;LINESTRING( 631083.4304755277 4802571.851790311, 631136.8263195528 4802539.502022334 )
1051;10585819568;10585819567;53.66130940990679;5.555555555555555;420.0;1.0;car;129;;unclassified;1135603450;LINESTRING( 632151.0075762066 4803252.077169889, 632102.6835014604 4803275.407834849 )
1052;10585819567;10585819568;53.66130940990679;5.555555555555555;420.0;1.0;car;88;;unclassified;1135603450;LINESTRING( 632102.6835014604 4803275.407834849, 632151.0075762066 4803252.077169889 )
1057;6344293222;6344293223;87.93847958665044;5.555555555555555;420.0;1.0;car;7;;residential;677571898;LINESTRING( 631325.0043201271 4802480.539534931, 631254.8560267315 4802533.57153589 )
1058;6344293223;6344293222;87.93847958665044;5.555555555555555;420.0;1.0;car;7;;residential;677571898;LINESTRING( 631254.8560267315 4802533.57153589, 631325.0043201271 4802480.539534931 )
1059;7007682401;5232898749;181.24037411599403;5.555555555555555;420.0;1.0;car;222;;residential;541067547;LINESTRING( 633717.7886819479 4804514.750094674, 633881.3416863405 4804436.740661254 )
106;7007706953;7007732203;427.4254683934626;5.555555555555555;420.0;1.0;car;22;;residential;749367449;LINESTRING( 633578.8320086058 4802645.4708155785, 633561.7627022009 4802222.014815119 )
1060;5232898749;7007682401;181.24037411599403;5.555555555555555;420.0;1.0;car;119;;residential;541067547;LINESTRING( 633881.3416863405 4804436.740661254, 633717.7886819479 4804514.750094674 )
1061;7008072479;5923638570;1357.912315923193;5.555555555555555;420.0;1.0;car;108;;unclassified;749405687;LINESTRING( 634795.3149494287 4805148.8193576615, 635598.7755520856 4805813.935701068 )
1062;5923638570;7008072479;1357.912315923193;5.555555555555555;420.0;1.0;car;108;;unclassified;749405687;LINESTRING( 635598.7755520856 4805813.935701068, 634795.3149494287 4805148.8193576615 )
1065;12759303812;11915846570;238.61103757979748;12.5;1200.0;1.0;car;120;;trunk_link;1462586992;LINESTRING( 633959.0731369351 4800693.842301092, 633835.0738796955 4800897.524783777 )
1066;6344293144;6344293145;263.980496940066;5.555555555555555;210.0;1.0;car;43;;living_street;677571843;LINESTRING( 631265.2218737394 4802371.689227818, 631041.1348381384 4802511.2266895985 )
1067;6344293145;6344293144;263.980496940066;5.555555555555555;210.0;1.0;car;65;;living_street;677571843;LINESTRING( 631041.1348381384 4802511.2266895985, 631265.2218737394 4802371.689227818 )
1068;7007686850;2679393233;254.56519642867838;5.555555555555555;420.0;1.0;car;135;;residential;749364683;LINESTRING( 634373.8884832484 4804598.297160494, 634252.6167703628 4804448.775300938 )
1069;2679393233;7007686850;254.56519642867838;5.555555555555555;420.0;1.0;car;7;;residential;749364683;LINESTRING( 634252.6167703628 4804448.775300938, 634373.8884832484 4804598.297160494 )
107;7007732203;7007706953;427.4254683934626;5.555555555555555;420.0;1.0;car;22;;residential;749367449;LINESTRING( 633561.7627022009 4802222.014815119, 633578.8320086058 4802645.4708155785 )
1070;4797643906;4797624215;114.71143742894678;5.555555555555555;420.0;1.0;car;148;;residential;487258222;LINESTRING( 632883.0921743679 4803756.9556809785, 632872.5901831454 4803642.725991067 )
1071;4797624215;4797643906;114.71143742894678;5.555555555555555;420.0;1.0;car;594;;residential;487258222;LINESTRING( 632872.5901831454 4803642.725991067, 632883.0921743679 4803756.9556809785 )
1072;4797624215;4797630254;107.36992091483961;5.555555555555555;420.0;1.0;car;180;;residential;487258222;LINESTRING( 632872.5901831454 4803642.725991067, 632867.4535116896 4803535.479011978 )
1073;4797630254;4797624215;107.36992091483961;5.555555555555555;420.0;1.0;car;104;;residential;487258222;LINESTRING( 632867.4535116896 4803535.479011978, 632872.5901831454 4803642.725991067 )
1074;4797630254;4797646798;209.19408770458372;5.555555555555555;420.0;1.0;car;207;;residential;487258222;LINESTRING( 632867.4535116896 4803535.479011978, 632856.7362743126 4803326.620354205 )
1075;4797646798;4797630254;209.19408770458372;5.555555555555555;420.0;1.0;car;156;;residential;487258222;LINESTRING( 632856.7362743126 4803326.620354205, 632867.4535116896 4803535.479011978 )
1076;4797646798;7008825430;139.00922423416975;5.555555555555555;420.0;1.0;car;209;;residential;487258222;LINESTRING( 632856.7362743126 4803326.620354205, 632849.31768218 4803187.809227443 )
1077;7008825430;4797646798;139.00922423416975;5.555555555555555;420.0;1.0;car;90;;residential;487258222;LINESTRING( 632849.31768218 4803187.809227443, 632856.7362743126 4803326.620354205 )
1078;7008825430;6344343463;139.54472616120043;5.555555555555555;420.0;1.0;car;69;;residential;487258222;LINESTRING( 632849.31768218 4803187.809227443, 632840.7082248895 4803048.530342308 )
1079;6344343463;7008825430;139.54472616120043;5.555555555555555;420.0;1.0;car;109;;residential;487258222;LINESTRING( 632840.7082248895 4803048.530342308, 632849.31768218 4803187.809227443 )
108;7007732203;7007681251;24.93483817818303;5.555555555555555;420.0;1.0;car;9;;residential;749367449;LINESTRING( 633561.7627022009 4802222.014815119, 633561.5163799822 4802197.145457828 )
1080;6344343463;4797643908;66.71382135126841;5.555555555555555;420.0;1.0;car;72;;residential;487258222;LINESTRING( 632840.7082248895 4803048.530342308, 632835.141629748 4802982.049164687 )
1081;4797643908;6344343463;66.71382135126841;5.555555555555555;420.0;1.0;car;152;;residential;487258222;LINESTRING( 632835.141629748 4802982.049164687, 632840.7082248895 4803048.530342308 )
1082;4800169495;10580860151;65.75973778028477;5.555555555555555;420.0;1.0;car;17;;residential;677573895;LINESTRING( 632100.1612731136 4801313.02538041, 632072.5864864418 4801253.348107143 )
1083;10580860151;4800169495;65.75973778028477;5.555555555555555;420.0;1.0;car;14;;residential;677573895;LINESTRING( 632072.5864864418 4801253.348107143, 632100.1612731136 4801313.02538041 )
1084;10580860151;6344311781;47.041841200794536;5.555555555555555;420.0;1.0;car;31;;residential;677573895;LINESTRING( 632072.5864864418 4801253.348107143, 632055.5825040364 4801209.48696938 )
1085;6344311781;10580860151;47.041841200794536;5.555555555555555;420.0;1.0;car;28;;residential;677573895;LINESTRING( 632055.5825040364 4801209.48696938, 632072.5864864418 4801253.348107143 )
1086;6344311781;13572819203;172.46647852312492;5.555555555555555;420.0;1.0;car;15;;residential;677573895;LINESTRING( 632055.5825040364 4801209.48696938, 631985.8122885275 4801051.940285236 )
1087;13572819203;6344311781;172.46647852312492;5.555555555555555;420.0;1.0;car;15;;residential;677573895;LINESTRING( 631985.8122885275 4801051.940285236, 632055.5825040364 4801209.48696938 )
1088;4800156849;4800144415;115.58060665775233;5.555555555555555;420.0;1.0;car;428;;residential;535603844;LINESTRING( 631720.7539615612 4801883.266335577, 631619.2219688614 4801938.494327517 )
1089;4800144415;4800156849;115.58060665775233;5.555555555555555;420.0;1.0;car;629;;residential;535603844;LINESTRING( 631619.2219688614 4801938.494327517, 631720.7539615612 4801883.266335577 )
109;7007681251;7007732203;24.93483817818303;5.555555555555555;420.0;1.0;car;9;;residential;749367449;LINESTRING( 633561.5163799822 4802197.145457828, 633561.7627022009 4802222.014815119 )
1090;7007986889;7007961369;393.85507223142474;5.555555555555555;420.0;1.0;car;192;;residential;749394370;LINESTRING( 634993.6475977674 4803540.534870529, 635357.5767126372 4803425.790799498 )
1091;7007961369;7007986889;393.85507223142474;5.555555555555555;420.0;1.0;car;95;;residential;749394370;LINESTRING( 635357.5767126372 4803425.790799498, 634993.6475977674 4803540.534870529 )
1092;10580861413;10580863323;198.25676680608683;5.555555555555555;420.0;1.0;car;27;;residential;1135051470;LINESTRING( 631421.5840548705 4800706.341630633, 631338.2899398758 4800526.430997285 )
1093;10580863323;10580861413;198.25676680608683;5.555555555555555;420.0;1.0;car;27;;residential;1135051470;LINESTRING( 631338.2899398758 4800526.430997285, 631421.5840548705 4800706.341630633 )
1094;4797644965;4797644966;191.71792931952137;5.555555555555555;420.0;1.0;car;35;;residential;749513158;LINESTRING( 632756.5865613617 4803531.089040066, 632731.3939798768 4803341.033526437 )
1095;4797644966;4797644965;191.71792931952137;5.555555555555555;420.0;1.0;car;143;;residential;749513158;LINESTRING( 632731.3939798768 4803341.033526437, 632756.5865613617 4803531.089040066 )
1096;2679393238;10603273296;152.9089642275414;5.555555555555555;420.0;1.0;car;53;;unclassified;1137493670;LINESTRING( 634475.2260653526 4804552.561934906, 634522.4651631609 4804425.434666753 )
1097;10603273296;2679393238;152.9089642275414;5.555555555555555;420.0;1.0;car;53;;unclassified;1137493670;LINESTRING( 634522.4651631609 4804425.434666753, 634475.2260653526 4804552.561934906 )
1098;2015570276;2015570270;253.1680016099883;5.555555555555555;420.0;1.0;car;97;;residential;691827799;LINESTRING( 631032.0403893304 4803948.315957309, 631250.0286206249 4803819.571372738 )
1099;2015570270;2015570276;253.1680016099883;5.555555555555555;420.0;1.0;car;36;;residential;691827799;LINESTRING( 631250.0286206249 4803819.571372738, 631032.0403893304 4803948.315957309 )
11;12349948857;12922898765;45.760277276484466;19.444444444444443;2550.0;2.0;car;5026;;primary;1396178739;LINESTRING( 633488.4375078642 4804012.944917617, 633532.3719083992 4804000.1475966135 )
110;7007681251;7007732202;32.61655848059739;5.555555555555555;420.0;1.0;car;7;;residential;749367449;LINESTRING( 633561.5163799822 4802197.145457828, 633571.1776823462 4802166.039084786 )
1100;2015570270;5244146903;75.94176626209622;5.555555555555555;420.0;1.0;car;17;;residential;691827799;LINESTRING( 631250.0286206249 4803819.571372738, 631315.3871576781 4803780.900796103 )
1101;5244146903;2015570270;75.94176626209622;5.555555555555555;420.0;1.0;car;17;;residential;691827799;LINESTRING( 631315.3871576781 4803780.900796103, 631250.0286206249 4803819.571372738 )
1102;6344444896;10593375602;32.8728142678657;5.555555555555555;420.0;1.0;car;84;;unclassified;677587215;LINESTRING( 630073.7726226707 4803014.397004796, 630057.1330052188 4802986.168661497 )
1103;10593375602;6344444896;32.8728142678657;5.555555555555555;420.0;1.0;car;93;;unclassified;677587215;LINESTRING( 630057.1330052188 4802986.168661497, 630073.7726226707 4803014.397004796 )
1104;10593375602;6344444897;29.867331155952954;5.555555555555555;420.0;1.0;car;18;;unclassified;677587215;LINESTRING( 630057.1330052188 4802986.168661497, 630040.1965062349 4802961.567595807 )
1105;6344444897;10593375602;29.867331155952954;5.555555555555555;420.0;1.0;car;41;;unclassified;677587215;LINESTRING( 630040.1965062349 4802961.567595807, 630057.1330052188 4802986.168661497 )
1106;4800159501;4800170704;25.00822236071137;12.5;480.0;1.0;car;1556;;residential;487561313;LINESTRING( 631716.0259963281 4801657.407815366, 631739.3238636128 4801648.318229808 )
1107;4800170704;4800159501;25.00822236071137;12.5;480.0;1.0;car;1353;;residential;487561313;LINESTRING( 631739.3238636128 4801648.318229808, 631716.0259963281 4801657.407815366 )
1108;4800170704;4800168100;97.30828448927517;12.5;480.0;1.0;car;1560;;residential;487561313;LINESTRING( 631739.3238636128 4801648.318229808, 631830.1581346773 4801613.558986188 )
1109;4800168100;4800170704;97.30828448927517;12.5;480.0;1.0;car;1393;;residential;487561313;LINESTRING( 631830.1581346773 4801613.558986188, 631739.3238636128 4801648.318229808 )
111;7007732202;7007681251;32.61655848059739;5.555555555555555;420.0;1.0;car;7;;residential;749367449;LINESTRING( 633571.1776823462 4802166.039084786, 633561.5163799822 4802197.145457828 )
1110;4800168100;4800168071;88.83758604040335;12.5;480.0;1.0;car;1548;;residential;487561313;LINESTRING( 631830.1581346773 4801613.558986188, 631914.174030982 4801584.689523747 )
1111;4800168071;4800168100;88.83758604040335;12.5;480.0;1.0;car;1394;;residential;487561313;LINESTRING( 631914.174030982 4801584.689523747, 631830.1581346773 4801613.558986188 )
1112;4800168071;4800167840;93.64274838742733;12.5;480.0;1.0;car;1535;;residential;487561313;LINESTRING( 631914.174030982 4801584.689523747, 632002.7903393323 4801554.422144939 )
1113;4800167840;4800168071;93.64274838742733;12.5;480.0;1.0;car;1379;;residential;487561313;LINESTRING( 632002.7903393323 4801554.422144939, 631914.174030982 4801584.689523747 )
1114;4800167840;4800161964;86.45100348686344;12.5;480.0;1.0;car;1480;;residential;487561313;LINESTRING( 632002.7903393323 4801554.422144939, 632085.769148618 4801530.167388428 )
1115;4800161964;4800167840;86.45100348686344;12.5;480.0;1.0;car;1388;;residential;487561313;LINESTRING( 632085.769148618 4801530.167388428, 632002.7903393323 4801554.422144939 )
1116;4800161964;10580859829;80.58123304801049;12.5;480.0;1.0;car;1497;;residential;487561313;LINESTRING( 632085.769148618 4801530.167388428, 632162.1616385205 4801527.271683708 )
1117;10580859829;4800161964;80.58123304801049;12.5;480.0;1.0;car;1354;;residential;487561313;LINESTRING( 632162.1616385205 4801527.271683708, 632085.769148618 4801530.167388428 )
1118;10580859829;4800169494;27.92173464173551;12.5;480.0;1.0;car;1531;;residential;487561313;LINESTRING( 632162.1616385205 4801527.271683708, 632188.9398053276 4801519.362635228 )
1119;4800169494;10580859829;27.92173464173551;12.5;480.0;1.0;car;1329;;residential;487561313;LINESTRING( 632188.9398053276 4801519.362635228, 632162.1616385205 4801527.271683708 )
112;6342424654;6342425120;35.43079583090845;5.555555555555555;420.0;1.0;car;57;;unclassified;677355624;LINESTRING( 630650.5645254672 4802196.354031006, 630682.2342685139 4802180.467915415 )
1120;4800169494;6344317889;85.95467489851903;12.5;480.0;1.0;car;1522;;residential;487561313;LINESTRING( 632188.9398053276 4801519.362635228, 632271.5453424951 4801495.602766411 )
1121;6344317889;4800169494;85.95467489851903;12.5;480.0;1.0;car;1647;;residential;487561313;LINESTRING( 632271.5453424951 4801495.602766411, 632188.9398053276 4801519.362635228 )
1122;6344317889;10580859958;15.199120290310724;12.5;480.0;1.0;car;1487;;residential;487561313;LINESTRING( 632271.5453424951 4801495.602766411, 632285.439826434 4801489.441875756 )
1123;10580859958;6344317889;15.199120290310724;12.5;480.0;1.0;car;1620;;residential;487561313;LINESTRING( 632285.439826434 4801489.441875756, 632271.5453424951 4801495.602766411 )
1124;10580859958;6344315022;86.74134336959949;12.5;480.0;1.0;car;1465;;residential;487561313;LINESTRING( 632285.439826434 4801489.441875756, 632358.8764055559 4801452.871550182 )
1125;6344315022;10580859958;86.74134336959949;12.5;480.0;1.0;car;1598;;residential;487561313;LINESTRING( 632358.8764055559 4801452.871550182, 632285.439826434 4801489.441875756 )
1126;6344315022;4800161968;76.31455966186255;12.5;480.0;1.0;car;1461;;residential;487561313;LINESTRING( 632358.8764055559 4801452.871550182, 632421.1876298015 4801413.56212367 )
1127;4800161968;6344315022;76.31455966186255;12.5;480.0;1.0;car;1594;;residential;487561313;LINESTRING( 632421.1876298015 4801413.56212367, 632358.8764055559 4801452.871550182 )
1128;4800161968;6344318260;93.62552868397533;12.5;480.0;1.0;car;1469;;residential;487561313;LINESTRING( 632421.1876298015 4801413.56212367, 632500.2586329031 4801363.427144964 )
1129;6344318260;4800161968;93.62552868397533;12.5;480.0;1.0;car;1566;;residential;487561313;LINESTRING( 632500.2586329031 4801363.427144964, 632421.1876298015 4801413.56212367 )
113;6342425120;6342424654;35.43079583090845;5.555555555555555;420.0;1.0;car;139;;unclassified;677355624;LINESTRING( 630682.2342685139 4802180.467915415, 630650.5645254672 4802196.354031006 )
1130;6344304948;6344304947;20.4297173424342;5.555555555555555;420.0;1.0;car;1;;unclassified;677572877;LINESTRING( 630301.3365922681 4801092.976880938, 630300.5219174634 4801072.563413431 )
1131;6344304947;6344304948;20.4297173424342;5.555555555555555;420.0;1.0;car;1;;unclassified;677572877;LINESTRING( 630300.5219174634 4801072.563413431, 630301.3365922681 4801092.976880938 )
1132;4797731545;5244146895;172.3409068991626;5.555555555555555;420.0;1.0;car;36;;residential;677587219;LINESTRING( 630139.8556110923 4802824.456352453, 630249.928573229 4802691.846657493 )
1133;5244146895;4797731545;172.3409068991626;5.555555555555555;420.0;1.0;car;59;;residential;677587219;LINESTRING( 630249.928573229 4802691.846657493, 630139.8556110923 4802824.456352453 )
1134;5244146895;6344446821;359.7492907993896;5.555555555555555;420.0;1.0;car;89;;residential;677587219;LINESTRING( 630249.928573229 4802691.846657493, 630478.8280117515 4802414.313597706 )
1135;6344446821;5244146895;359.7492907993896;5.555555555555555;420.0;1.0;car;137;;residential;677587219;LINESTRING( 630478.8280117515 4802414.313597706, 630249.928573229 4802691.846657493 )
1136;6344446821;4797731548;108.8658679385359;5.555555555555555;420.0;1.0;car;181;;residential;677587219;LINESTRING( 630478.8280117515 4802414.313597706, 630560.4199030206 4802345.996415498 )
1137;4797731548;6344446821;108.8658679385359;5.555555555555555;420.0;1.0;car;223;;residential;677587219;LINESTRING( 630560.4199030206 4802345.996415498, 630478.8280117515 4802414.313597706 )
1138;10569488062;3321563172;31.111557498990123;5.555555555555555;420.0;1.0;car;75;;unclassified;1133637345;LINESTRING( 629927.540563135 4801374.174850167, 629946.9734080547 4801351.384182874 )
1139;3321563172;10569488062;31.111557498990123;5.555555555555555;420.0;1.0;car;32;;unclassified;1133637345;LINESTRING( 629946.9734080547 4801351.384182874, 629927.540563135 4801374.174850167 )
114;6342425120;6342430413;5.6440287159689175;5.555555555555555;420.0;1.0;car;349;;unclassified;677355624;LINESTRING( 630682.2342685139 4802180.467915415, 630687.2766792172 4802177.932337681 )
1140;10569488076;10569488072;142.5018492876189;5.555555555555555;420.0;1.0;car;10;;unclassified;1133637347;LINESTRING( 630200.1219896052 4801717.436644108, 630122.7229690306 4801627.534040433 )
1141;10569488072;10569488076;142.5018492876189;5.555555555555555;420.0;1.0;car;10;;unclassified;1133637347;LINESTRING( 630122.7229690306 4801627.534040433, 630200.1219896052 4801717.436644108 )
1142;2397237105;2397237112;88.56304991907672;5.555555555555555;420.0;1.0;car;142;;residential;1153092040;LINESTRING( 632734.4827809271 4805082.416639577, 632671.333677093 4805144.481413371 )
1143;2397237112;2397237105;88.56304991907672;5.555555555555555;420.0;1.0;car;29;;residential;1153092040;LINESTRING( 632671.333677093 4805144.481413371, 632734.4827809271 4805082.416639577 )
1144;2397237112;2397237113;62.34099233793196;5.555555555555555;420.0;1.0;car;123;;residential;1153092040;LINESTRING( 632671.333677093 4805144.481413371, 632626.302779333 4805187.593100564 )
1145;2397237113;2397237112;62.34099233793196;5.555555555555555;420.0;1.0;car;10;;residential;1153092040;LINESTRING( 632626.302779333 4805187.593100564, 632671.333677093 4805144.481413371 )
1146;10569488066;10569488062;106.65127283092644;5.555555555555555;420.0;1.0;car;87;;unclassified;1133637346;LINESTRING( 629989.8170695078 4801460.306824126, 629927.540563135 4801374.174850167 )
1147;10569488062;10569488066;106.65127283092644;5.555555555555555;420.0;1.0;car;44;;unclassified;1133637346;LINESTRING( 629927.540563135 4801374.174850167, 629989.8170695078 4801460.306824126 )
1148;10569488062;10569488060;41.00945551802066;5.555555555555555;420.0;1.0;car;2;;unclassified;1133637346;LINESTRING( 629927.540563135 4801374.174850167, 629891.7340044562 4801370.6761262305 )
1149;10569488060;10569488062;41.00945551802066;5.555555555555555;420.0;1.0;car;2;;unclassified;1133637346;LINESTRING( 629891.7340044562 4801370.6761262305, 629927.540563135 4801374.174850167 )
115;6342430413;6342425120;5.6440287159689175;5.555555555555555;420.0;1.0;car;62;;unclassified;677355624;LINESTRING( 630687.2766792172 4802177.932337681, 630682.2342685139 4802180.467915415 )
1150;2397237086;2397237096;80.57703291118035;5.555555555555555;420.0;1.0;car;438;;unclassified;1153092041;LINESTRING( 632409.649567235 4804976.571722096, 632343.2903944107 4805022.278005252 )
1151;2397237096;2397237086;80.57703291118035;5.555555555555555;420.0;1.0;car;351;;unclassified;1153092041;LINESTRING( 632343.2903944107 4805022.278005252, 632409.649567235 4804976.571722096 )
1152;2397237096;2397237104;221.9818509113399;5.555555555555555;420.0;1.0;car;326;;unclassified;1153092041;LINESTRING( 632343.2903944107 4805022.278005252, 632148.9356538483 4805069.456740134 )
1153;2397237104;2397237096;221.9818509113399;5.555555555555555;420.0;1.0;car;326;;unclassified;1153092041;LINESTRING( 632148.9356538483 4805069.456740134, 632343.2903944107 4805022.278005252 )
1154;10569488083;10569488081;216.3811328401812;5.555555555555555;420.0;1.0;car;10;;unclassified;1133637349;LINESTRING( 629993.3630417777 4801806.314636522, 629847.9526473368 4801646.082269289 )
1155;10569488081;10569488083;216.3811328401812;5.555555555555555;420.0;1.0;car;10;;unclassified;1133637349;LINESTRING( 629847.9526473368 4801646.082269289, 629993.3630417777 4801806.314636522 )
1156;10569488080;10569488078;241.2445777911584;5.555555555555555;420.0;1.0;car;16;;unclassified;1133637348;LINESTRING( 629888.7557948037 4801604.626248074, 630053.0957111338 4801780.844092318 )
1157;10569488078;10569488080;241.2445777911584;5.555555555555555;420.0;1.0;car;16;;unclassified;1133637348;LINESTRING( 630053.0957111338 4801780.844092318, 629888.7557948037 4801604.626248074 )
1158;10569488091;10569488086;83.50526700593461;5.555555555555555;420.0;1.0;car;70;;unclassified;1133637351;LINESTRING( 629839.0216180325 4801794.116524896, 629919.6876059485 4801805.631712858 )
1159;10569488086;10569488091;83.50526700593461;5.555555555555555;420.0;1.0;car;10;;unclassified;1133637351;LINESTRING( 629919.6876059485 4801805.631712858, 629839.0216180325 4801794.116524896 )
116;6342430413;6342424655;308.29526998097356;5.555555555555555;420.0;1.0;car;62;;unclassified;677355624;LINESTRING( 630687.2766792172 4802177.932337681, 630964.8492930959 4802043.974096526 )
1160;10569488086;10569488085;29.637210199897055;5.555555555555555;420.0;1.0;car;79;;unclassified;1133637351;LINESTRING( 629919.6876059485 4801805.631712858, 629933.8274568252 4801831.678379547 )
1161;10569488085;10569488086;29.637210199897055;5.555555555555555;420.0;1.0;car;19;;unclassified;1133637351;LINESTRING( 629933.8274568252 4801831.678379547, 629919.6876059485 4801805.631712858 )
1162;10569488086;10569488084;88.00965735897032;5.555555555555555;420.0;1.0;car;9;;unclassified;1133637350;LINESTRING( 629919.6876059485 4801805.631712858, 629873.9518906155 4801730.438999571 )
1163;10569488084;10569488086;88.00965735897032;5.555555555555555;420.0;1.0;car;9;;unclassified;1133637350;LINESTRING( 629873.9518906155 4801730.438999571, 629919.6876059485 4801805.631712858 )
1164;10211164482;10600533248;93.89524817920737;5.555555555555555;420.0;1.0;car;26;;unclassified;1137158847;LINESTRING( 634302.7575005841 4803985.93106263, 634238.3400657545 4803946.198407092 )
1165;10600533248;10211164482;93.89524817920737;5.555555555555555;420.0;1.0;car;26;;unclassified;1137158847;LINESTRING( 634238.3400657545 4803946.198407092, 634302.7575005841 4803985.93106263 )
1166;10569488247;10569488091;201.9273997396251;5.555555555555555;420.0;1.0;car;72;;unclassified;1133637352;LINESTRING( 629658.0721574319 4801705.931196517, 629839.0216180325 4801794.116524896 )
1167;10569488091;10569488247;201.9273997396251;5.555555555555555;420.0;1.0;car;6;;unclassified;1133637352;LINESTRING( 629839.0216180325 4801794.116524896, 629658.0721574319 4801705.931196517 )
1168;10569488091;10569488089;78.55354341901702;5.555555555555555;420.0;1.0;car;7;;unclassified;1133637352;LINESTRING( 629839.0216180325 4801794.116524896, 629895.8456080483 4801847.8577705175 )
1169;10569488089;10569488091;78.55354341901702;5.555555555555555;420.0;1.0;car;1;;unclassified;1133637352;LINESTRING( 629895.8456080483 4801847.8577705175, 629839.0216180325 4801794.116524896 )
117;6342424655;6342430413;308.29526998097356;5.555555555555555;420.0;1.0;car;21;;unclassified;677355624;LINESTRING( 630964.8492930959 4802043.974096526, 630687.2766792172 4802177.932337681 )
1170;1411867088;2397236855;149.3643119258694;5.555555555555555;420.0;1.0;car;4380;;residential;230099145;LINESTRING( 633009.0271089396 4803880.867306165, 632998.6725727986 4804029.761462416 )
1171;2397236855;1411867088;149.3643119258694;5.555555555555555;420.0;1.0;car;4280;;residential;230099145;LINESTRING( 632998.6725727986 4804029.761462416, 633009.0271089396 4803880.867306165 )
1172;10580863125;10580849831;72.26888835216663;5.555555555555555;420.0;1.0;car;45;;residential;1135051303;LINESTRING( 631446.5416213686 4801077.5330129685, 631466.7506234354 4801146.91880733 )
1173;10580849831;10580863125;72.26888835216663;5.555555555555555;420.0;1.0;car;64;;residential;1135051303;LINESTRING( 631466.7506234354 4801146.91880733, 631446.5416213686 4801077.5330129685 )
1174;10580849831;6344313163;179.598453928425;5.555555555555555;420.0;1.0;car;92;;residential;1135051303;LINESTRING( 631466.7506234354 4801146.91880733, 631528.3531325369 4801315.621906074 )
1175;6344313163;10580849831;179.598453928425;5.555555555555555;420.0;1.0;car;39;;residential;1135051303;LINESTRING( 631528.3531325369 4801315.621906074, 631466.7506234354 4801146.91880733 )
1176;6344313163;10580849830;86.15634856899585;5.555555555555555;420.0;1.0;car;48;;residential;1135051303;LINESTRING( 631528.3531325369 4801315.621906074, 631611.024699204 4801291.366422909 )
1177;10580849830;6344313163;86.15634856899585;5.555555555555555;420.0;1.0;car;23;;residential;1135051303;LINESTRING( 631611.024699204 4801291.366422909, 631528.3531325369 4801315.621906074 )
118;10569488089;11536388622;259.2511880598959;5.555555555555555;420.0;1.0;car;46;;tertiary;1241590330;LINESTRING( 629895.8456080483 4801847.8577705175, 629657.3412192366 4801949.478806864 )
1182;10560829578;10560829577;116.31767797926366;5.555555555555555;420.0;1.0;car;210;;residential;1132626432;LINESTRING( 631232.7303879262 4801735.00104313, 631332.8397592376 4801675.773380791 )
1183;10560829577;10560829578;116.31767797926366;5.555555555555555;420.0;1.0;car;160;;residential;1132626432;LINESTRING( 631332.8397592376 4801675.773380791, 631232.7303879262 4801735.00104313 )
1186;10560829582;10560829579;109.09259793284377;5.555555555555555;420.0;1.0;car;602;;residential;1132626433;LINESTRING( 631339.9240183684 4801687.931988811, 631436.854988674 4801638.409737099 )
1187;10560829579;10560829582;109.09259793284377;5.555555555555555;420.0;1.0;car;225;;residential;1132626433;LINESTRING( 631436.854988674 4801638.409737099, 631339.9240183684 4801687.931988811 )
1188;1844618313;2679393205;187.736454970378;5.555555555555555;420.0;1.0;car;79;;residential;173692894;LINESTRING( 633790.178475473 4803926.687721016, 633865.9296000366 4804098.462991592 )
1189;2679393205;1844618313;187.736454970378;5.555555555555555;420.0;1.0;car;366;;residential;173692894;LINESTRING( 633865.9296000366 4804098.462991592, 633790.178475473 4803926.687721016 )
119;11536388622;10569488089;259.2511880598959;5.555555555555555;420.0;1.0;car;60;;tertiary;1241590330;LINESTRING( 629657.3412192366 4801949.478806864, 629895.8456080483 4801847.8577705175 )
1190;2679393205;2679393215;136.5508136405281;5.555555555555555;420.0;1.0;car;72;;residential;173692894;LINESTRING( 633865.9296000366 4804098.462991592, 633920.5011815312 4804223.63433049 )
1191;2679393215;2679393205;136.5508136405281;5.555555555555555;420.0;1.0;car;320;;residential;173692894;LINESTRING( 633920.5011815312 4804223.63433049, 633865.9296000366 4804098.462991592 )
1192;2679393215;5232898750;168.8825232418566;5.555555555555555;420.0;1.0;car;107;;residential;173692894;LINESTRING( 633920.5011815312 4804223.63433049, 633988.4416601966 4804378.235662897 )
1193;5232898750;2679393215;168.8825232418566;5.555555555555555;420.0;1.0;car;363;;residential;173692894;LINESTRING( 633988.4416601966 4804378.235662897, 633920.5011815312 4804223.63433049 )
1194;5232898750;1844618288;168.24444834089624;5.555555555555555;420.0;1.0;car;52;;residential;173692894;LINESTRING( 633988.4416601966 4804378.235662897, 634060.8990242758 4804530.061052133 )
1195;1844618288;5232898750;168.24444834089624;5.555555555555555;420.0;1.0;car;245;;residential;173692894;LINESTRING( 634060.8990242758 4804530.061052133, 633988.4416601966 4804378.235662897 )
1196;1844618288;1844618287;170.03825057051608;5.555555555555555;420.0;1.0;car;43;;residential;173692894;LINESTRING( 634060.8990242758 4804530.061052133, 634129.2405385766 4804685.760904671 )
1197;1844618287;1844618288;170.03825057051608;5.555555555555555;420.0;1.0;car;155;;residential;173692894;LINESTRING( 634129.2405385766 4804685.760904671, 634060.8990242758 4804530.061052133 )
1198;1844618287;5937710492;172.46092423059702;5.555555555555555;420.0;1.0;car;46;;residential;173692894;LINESTRING( 634129.2405385766 4804685.760904671, 634198.1878155927 4804843.840136003 )
1199;5937710492;1844618287;172.46092423059702;5.555555555555555;420.0;1.0;car;96;;residential;173692894;LINESTRING( 634198.1878155927 4804843.840136003, 634129.2405385766 4804685.760904671 )
12;12922898765;12349948857;45.760277276484466;19.444444444444443;2550.0;2.0;car;5026;;primary;1396178739;LINESTRING( 633532.3719083992 4804000.1475966135, 633488.4375078642 4804012.944917617 )
1200;5937710492;5937710487;176.47010786712156;5.555555555555555;420.0;1.0;car;191;;residential;173692894;LINESTRING( 634198.1878155927 4804843.840136003, 634270.5344424599 4805004.798716239 )
1201;5937710487;5937710492;176.47010786712156;5.555555555555555;420.0;1.0;car;77;;residential;173692894;LINESTRING( 634270.5344424599 4805004.798716239, 634198.1878155927 4804843.840136003 )
1202;5937710487;2679393265;228.86221543230957;5.555555555555555;420.0;1.0;car;19;;residential;173692894;LINESTRING( 634270.5344424599 4805004.798716239, 634363.3743224846 4805213.984447897 )
1203;2679393265;5937710487;228.86221543230957;5.555555555555555;420.0;1.0;car;47;;residential;173692894;LINESTRING( 634363.3743224846 4805213.984447897, 634270.5344424599 4805004.798716239 )
1204;7007978285;7007986889;916.9229435116252;5.555555555555555;420.0;1.0;car;320;;residential;749394222;LINESTRING( 634105.4987579077 4803749.576162891, 634993.6475977674 4803540.534870529 )
1205;7007986889;7007978285;916.9229435116252;5.555555555555555;420.0;1.0;car;320;;residential;749394222;LINESTRING( 634993.6475977674 4803540.534870529, 634105.4987579077 4803749.576162891 )
1206;7007986889;7007986887;47.16128239219377;5.555555555555555;420.0;1.0;car;402;;residential;749394222;LINESTRING( 634993.6475977674 4803540.534870529, 635005.3515065531 4803585.943029426 )
1207;7007986887;7007986889;47.16128239219377;5.555555555555555;420.0;1.0;car;499;;residential;749394222;LINESTRING( 635005.3515065531 4803585.943029426, 634993.6475977674 4803540.534870529 )
1208;4833955459;4833955458;453.0346308674081;5.555555555555555;420.0;1.0;car;89;;residential;749403439;LINESTRING( 635106.5962554046 4804374.629915357, 634938.68449898 4803953.87209271 )
1209;4833955458;4833955459;453.0346308674081;5.555555555555555;420.0;1.0;car;25;;residential;749403439;LINESTRING( 634938.68449898 4803953.87209271, 635106.5962554046 4804374.629915357 )
1210;4833955458;7008032228;337.95758018599525;5.555555555555555;420.0;1.0;car;129;;residential;749403439;LINESTRING( 634938.68449898 4803953.87209271, 634819.4176464101 4803638.037509981 )
1211;7008032228;4833955458;337.95758018599525;5.555555555555555;420.0;1.0;car;77;;residential;749403439;LINESTRING( 634819.4176464101 4803638.037509981, 634938.68449898 4803953.87209271 )
1212;6344311781;6344311782;93.72087095534692;5.555555555555555;420.0;1.0;car;18;;residential;677574117;LINESTRING( 632055.5825040364 4801209.48696938, 632143.4166748734 4801176.7950730445 )
1213;6344311782;6344311781;93.72087095534692;5.555555555555555;420.0;1.0;car;15;;residential;677574117;LINESTRING( 632143.4166748734 4801176.7950730445, 632055.5825040364 4801209.48696938 )
1214;6344311782;10580859117;20.322812000876514;5.555555555555555;420.0;1.0;car;15;;residential;677574117;LINESTRING( 632143.4166748734 4801176.7950730445, 632135.5047333308 4801158.075621433 )
1215;10580859117;6344311782;20.322812000876514;5.555555555555555;420.0;1.0;car;15;;residential;677574117;LINESTRING( 632135.5047333308 4801158.075621433, 632143.4166748734 4801176.7950730445 )
1216;10580859117;10580859119;194.98501682423483;5.555555555555555;420.0;1.0;car;13;;residential;677574117;LINESTRING( 632135.5047333308 4801158.075621433, 632043.0293657386 4800989.1524549415 )
1217;10580859119;10580859117;194.98501682423483;5.555555555555555;420.0;1.0;car;13;;residential;677574117;LINESTRING( 632043.0293657386 4800989.1524549415, 632135.5047333308 4801158.075621433 )
1218;7007681251;7007732203;54.41251184285591;5.555555555555555;420.0;1.0;car;0;;unclassified;749367597;LINESTRING( 633561.5163799822 4802197.145457828, 633561.7627022009 4802222.014815119 )
1219;7007732203;7007681251;54.41251184285591;5.555555555555555;420.0;1.0;car;0;;unclassified;749367597;LINESTRING( 633561.7627022009 4802222.014815119, 633561.5163799822 4802197.145457828 )
122;4800173063;4800173064;154.49261521158292;5.555555555555555;420.0;1.0;car;163;;residential;487562575;LINESTRING( 632267.621035396 4802510.762050908, 632358.7596882611 4802390.079852736 )
1220;12354081176;12354081179;32.32271334206455;5.555555555555555;420.0;1.0;car;1;;unclassified;1335365136;LINESTRING( 636299.2622834118 4802409.257356971, 636309.3069795456 4802439.357807888 )
1221;12354081179;12354081176;32.32271334206455;5.555555555555555;420.0;1.0;car;1;;unclassified;1335365136;LINESTRING( 636309.3069795456 4802439.357807888, 636299.2622834118 4802409.257356971 )
1222;12354081176;12354081185;116.45621429071069;5.555555555555555;420.0;1.0;car;20;;unclassified;1335365137;LINESTRING( 636299.2622834118 4802409.257356971, 636412.6394898552 4802403.511615992 )
1223;12354081185;12354081176;116.45621429071069;5.555555555555555;420.0;1.0;car;20;;unclassified;1335365137;LINESTRING( 636412.6394898552 4802403.511615992, 636299.2622834118 4802409.257356971 )
1224;10569487198;10569487195;139.5495182380567;5.555555555555555;420.0;1.0;car;4;;unclassified;1133637147;LINESTRING( 630808.2854007836 4800857.0901799295, 630802.0319053982 4800738.159692272 )
1225;10569487195;10569487198;139.5495182380567;5.555555555555555;420.0;1.0;car;4;;unclassified;1133637147;LINESTRING( 630802.0319053982 4800738.159692272, 630808.2854007836 4800857.0901799295 )
1226;12354081168;12354081253;381.6019157889315;5.555555555555555;420.0;1.0;car;908;;unclassified;1335365138;LINESTRING( 636254.1821751684 4802301.12275664, 636167.2302124184 4802552.352761975 )
1227;12354081253;12354081168;381.6019157889315;5.555555555555555;420.0;1.0;car;908;;unclassified;1335365138;LINESTRING( 636167.2302124184 4802552.352761975, 636254.1821751684 4802301.12275664 )
1228;12354081253;12354081226;595.3923508948127;5.555555555555555;420.0;1.0;car;933;;unclassified;1335365138;LINESTRING( 636167.2302124184 4802552.352761975, 636326.0337929032 4803029.554209817 )
1229;12354081226;12354081253;595.3923508948127;5.555555555555555;420.0;1.0;car;933;;unclassified;1335365138;LINESTRING( 636326.0337929032 4803029.554209817, 636167.2302124184 4802552.352761975 )
123;4800173064;4800173063;154.49261521158292;5.555555555555555;420.0;1.0;car;287;;residential;487562575;LINESTRING( 632358.7596882611 4802390.079852736, 632267.621035396 4802510.762050908 )
1230;13254968088;12354081236;156.97340227721418;5.555555555555555;420.0;1.0;car;982;;unclassified;1335365139;LINESTRING( 636369.256539958 4803163.92818113, 636312.31087141 4803041.621006494 )
1231;12354081236;13254968088;156.97340227721418;5.555555555555555;420.0;1.0;car;982;;unclassified;1335365139;LINESTRING( 636312.31087141 4803041.621006494, 636369.256539958 4803163.92818113 )
1232;12354081226;12354081236;18.433400775916702;5.555555555555555;420.0;1.0;car;930;;unclassified;1335365140;LINESTRING( 636326.0337929032 4803029.554209817, 636312.31087141 4803041.621006494 )
1233;12354081236;12354081226;18.433400775916702;5.555555555555555;420.0;1.0;car;930;;unclassified;1335365140;LINESTRING( 636312.31087141 4803041.621006494, 636326.0337929032 4803029.554209817 )
1234;12354081236;12354081251;610.4370756713108;5.555555555555555;420.0;1.0;car;48;;unclassified;1335365141;LINESTRING( 636312.31087141 4803041.621006494, 636896.588182526 4802875.353586547 )
1235;12354081251;12354081236;610.4370756713108;5.555555555555555;420.0;1.0;car;48;;unclassified;1335365141;LINESTRING( 636896.588182526 4802875.353586547, 636312.31087141 4803041.621006494 )
1236;12354081253;12354081259;85.07249796890707;5.555555555555555;420.0;1.0;car;0;;unclassified;1335365142;LINESTRING( 636167.2302124184 4802552.352761975, 636197.627277826 4802474.348500878 )
1237;12354081259;12354081253;85.07249796890707;5.555555555555555;420.0;1.0;car;0;;unclassified;1335365142;LINESTRING( 636197.627277826 4802474.348500878, 636167.2302124184 4802552.352761975 )
1238;4800168076;10580861416;64.5538819194024;5.555555555555555;420.0;1.0;car;20;;residential;1479649697;LINESTRING( 631572.0290827071 4800676.258979042, 631508.7639872921 4800689.093751069 )
1239;10580861416;4800168076;64.5538819194024;5.555555555555555;420.0;1.0;car;20;;residential;1479649697;LINESTRING( 631508.7639872921 4800689.093751069, 631572.0290827071 4800676.258979042 )
124;4800173064;4800173065;117.66283717811318;5.555555555555555;420.0;1.0;car;114;;residential;487562575;LINESTRING( 632358.7596882611 4802390.079852736, 632434.1927811811 4802305.343201862 )
1240;10580861416;10580861413;88.86973594240345;5.555555555555555;420.0;1.0;car;22;;residential;1479649697;LINESTRING( 631508.7639872921 4800689.093751069, 631421.5840548705 4800706.341630633 )
1241;10580861413;10580861416;88.86973594240345;5.555555555555555;420.0;1.0;car;24;;residential;1479649697;LINESTRING( 631421.5840548705 4800706.341630633, 631508.7639872921 4800689.093751069 )
1242;10580861413;13572851147;19.342540636994556;5.555555555555555;420.0;1.0;car;35;;residential;1479649697;LINESTRING( 631421.5840548705 4800706.341630633, 631402.7750820814 4800710.853439684 )
1243;13572851147;10580861413;19.342540636994556;5.555555555555555;420.0;1.0;car;37;;residential;1479649697;LINESTRING( 631402.7750820814 4800710.853439684, 631421.5840548705 4800706.341630633 )
1244;13572851147;4800165294;31.096977070233148;5.555555555555555;420.0;1.0;car;14;;residential;1479649697;LINESTRING( 631402.7750820814 4800710.853439684, 631373.0597079939 4800720.01960168 )
1245;4800165294;13572851147;31.096977070233148;5.555555555555555;420.0;1.0;car;30;;residential;1479649697;LINESTRING( 631373.0597079939 4800720.01960168, 631402.7750820814 4800710.853439684 )
1246;6344335310;10585811652;77.83204998666602;5.555555555555555;420.0;1.0;car;367;;unclassified;677576179;LINESTRING( 632166.301424857 4803798.225031403, 632181.2570822153 4803873.043977804 )
1247;10585811652;6344335310;77.83204998666602;5.555555555555555;420.0;1.0;car;296;;unclassified;677576179;LINESTRING( 632181.2570822153 4803873.043977804, 632166.301424857 4803798.225031403 )
1248;2679393260;10603272799;295.5154154466812;5.555555555555555;420.0;1.0;car;17;;unclassified;1137493598;LINESTRING( 634661.8857961243 4805129.247829453, 634573.7386849732 4804930.561500554 )
1249;10603272799;2679393260;295.5154154466812;5.555555555555555;420.0;1.0;car;266;;unclassified;1137493598;LINESTRING( 634573.7386849732 4804930.561500554, 634661.8857961243 4805129.247829453 )
125;4800173065;4800173064;117.66283717811318;5.555555555555555;420.0;1.0;car;236;;residential;487562575;LINESTRING( 632434.1927811811 4802305.343201862, 632358.7596882611 4802390.079852736 )
1254;12354081105;12354081168;1041.0598553378175;5.555555555555555;420.0;1.0;car;850;;unclassified;1335365133;LINESTRING( 636523.0980269419 4801492.116178771, 636254.1821751684 4802301.12275664 )
1255;12354081168;12354081105;1041.0598553378175;5.555555555555555;420.0;1.0;car;850;;unclassified;1335365133;LINESTRING( 636254.1821751684 4802301.12275664, 636523.0980269419 4801492.116178771 )
1256;10580861406;10580861409;118.21747831192584;5.555555555555555;420.0;1.0;car;0;;residential;1479649700;LINESTRING( 631529.9730008694 4800905.5396239655, 631500.7242806092 4800994.561665362 )
1257;10580861409;10580861406;118.21747831192584;5.555555555555555;420.0;1.0;car;0;;residential;1479649700;LINESTRING( 631500.7242806092 4800994.561665362, 631529.9730008694 4800905.5396239655 )
1258;10580861409;13572851136;28.880577878150866;5.555555555555555;420.0;1.0;car;22;;residential;1479649700;LINESTRING( 631500.7242806092 4800994.561665362, 631490.4057729333 4801021.536026854 )
1259;13572851136;10580861409;28.880577878150866;5.555555555555555;420.0;1.0;car;16;;residential;1479649700;LINESTRING( 631490.4057729333 4801021.536026854, 631500.7242806092 4800994.561665362 )
126;5035114708;5035114707;180.8805095925659;5.555555555555555;420.0;1.0;car;45;;residential;515620603;LINESTRING( 630818.1087743172 4803076.758921167, 630964.1714621135 4802970.065669346 )
1260;2397237096;2397237044;333.82607652098255;5.555555555555555;420.0;1.0;car;126;;residential;231330911;LINESTRING( 632343.2903944107 4805022.278005252, 632093.3328028276 4804802.704566409 )
1261;2397237044;2397237096;333.82607652098255;5.555555555555555;420.0;1.0;car;39;;residential;231330911;LINESTRING( 632093.3328028276 4804802.704566409, 632343.2903944107 4805022.278005252 )
1262;2397237044;2397237014;113.80529386814317;5.555555555555555;420.0;1.0;car;223;;residential;231330911;LINESTRING( 632093.3328028276 4804802.704566409, 632034.1148777895 4804706.133359167 )
1263;2397237014;2397237044;113.80529386814317;5.555555555555555;420.0;1.0;car;136;;residential;231330911;LINESTRING( 632034.1148777895 4804706.133359167, 632093.3328028276 4804802.704566409 )
1264;12354081168;12354081170;19.083902487733575;5.555555555555555;420.0;1.0;car;21;;unclassified;1335365134;LINESTRING( 636254.1821751684 4802301.12275664, 636260.8581852368 4802319.0005161865 )
1265;12354081170;12354081168;19.083902487733575;5.555555555555555;420.0;1.0;car;21;;unclassified;1335365134;LINESTRING( 636260.8581852368 4802319.0005161865, 636254.1821751684 4802301.12275664 )
1267;4800173065;3795376652;146.9953023379366;5.555555555555555;420.0;1.0;car;114;;residential;1479649703;LINESTRING( 632434.1927811811 4802305.343201862, 632367.9410944716 4802174.124556397 )
1268;3795376652;4800173065;146.9953023379366;5.555555555555555;420.0;1.0;car;236;;residential;1479649703;LINESTRING( 632367.9410944716 4802174.124556397, 632434.1927811811 4802305.343201862 )
1269;3795376652;10580857978;247.08376153752516;5.555555555555555;420.0;1.0;car;96;;residential;1479649703;LINESTRING( 632367.9410944716 4802174.124556397, 632251.0722772812 4801956.602266689 )
127;5035114707;5035114708;180.8805095925659;5.555555555555555;420.0;1.0;car;9;;residential;515620603;LINESTRING( 630964.1714621135 4802970.065669346, 630818.1087743172 4803076.758921167 )
1270;10580857978;3795376652;247.08376153752516;5.555555555555555;420.0;1.0;car;302;;residential;1479649703;LINESTRING( 632251.0722772812 4801956.602266689, 632367.9410944716 4802174.124556397 )
1271;10580857978;10580859918;246.3320022999534;5.555555555555555;420.0;1.0;car;181;;residential;1479649703;LINESTRING( 632251.0722772812 4801956.602266689, 632138.7024852879 4801737.448259142 )
1272;10580859918;10580857978;246.3320022999534;5.555555555555555;420.0;1.0;car;382;;residential;1479649703;LINESTRING( 632138.7024852879 4801737.448259142, 632251.0722772812 4801956.602266689 )
1273;12354081170;12354081176;99.28175624123448;5.555555555555555;420.0;1.0;car;21;;unclassified;1335365135;LINESTRING( 636260.8581852368 4802319.0005161865, 636299.2622834118 4802409.257356971 )
1274;12354081176;12354081170;99.28175624123448;5.555555555555555;420.0;1.0;car;21;;unclassified;1335365135;LINESTRING( 636299.2622834118 4802409.257356971, 636260.8581852368 4802319.0005161865 )
1275;10580857978;10580857977;109.52744321340141;5.555555555555555;420.0;1.0;car;117;;residential;1479649702;LINESTRING( 632251.0722772812 4801956.602266689, 632155.276995893 4802009.701465182 )
1276;10580857977;10580857978;109.52744321340141;5.555555555555555;420.0;1.0;car;122;;residential;1479649702;LINESTRING( 632155.276995893 4802009.701465182, 632251.0722772812 4801956.602266689 )
1277;10580859922;10580859921;33.03371841859699;5.555555555555555;420.0;1.0;car;54;;residential;1479649704;LINESTRING( 632237.3211634336 4801706.801754876, 632204.338933077 4801708.6454016045 )
1278;10580859921;10580859922;33.03371841859699;5.555555555555555;420.0;1.0;car;118;;residential;1479649704;LINESTRING( 632204.338933077 4801708.6454016045, 632237.3211634336 4801706.801754876 )
1279;10580859921;10580859918;80.34583551538259;5.555555555555555;420.0;1.0;car;366;;residential;1479649704;LINESTRING( 632204.338933077 4801708.6454016045, 632138.7024852879 4801737.448259142 )
128;6342423939;6342424207;381.6432368755137;5.555555555555555;420.0;1.0;car;113;;residential;677355551;LINESTRING( 630545.6545104991 4801987.327016548, 630903.5719623374 4801864.028137242 )
1280;10580859918;10580859921;80.34583551538259;5.555555555555555;420.0;1.0;car;165;;residential;1479649704;LINESTRING( 632138.7024852879 4801737.448259142, 632204.338933077 4801708.6454016045 )
1281;2397237112;2397237090;205.04391965104026;5.555555555555555;420.0;1.0;car;17;;residential;231330921;LINESTRING( 632671.333677093 4805144.481413371, 632524.2356385774 4805001.639237224 )
1282;2397237090;2397237112;205.04391965104026;5.555555555555555;420.0;1.0;car;17;;residential;231330921;LINESTRING( 632524.2356385774 4805001.639237224, 632671.333677093 4805144.481413371 )
1283;2397237041;6344423709;98.08563898748245;5.555555555555555;420.0;1.0;car;967;;tertiary;231330920;LINESTRING( 631006.4907760198 4804769.716498091, 630914.3680356146 4804803.104677165 )
1284;6344423709;2397237041;98.08563898748245;5.555555555555555;420.0;1.0;car;967;;tertiary;231330920;LINESTRING( 630914.3680356146 4804803.104677165, 631006.4907760198 4804769.716498091 )
1285;6344423709;3795446084;5107.27179231022;5.555555555555555;420.0;1.0;car;257;;tertiary;231330920;LINESTRING( 630914.3680356146 4804803.104677165, 627767.2054824296 4808224.539413075 )
1286;3795446084;6344423709;5107.27179231022;5.555555555555555;420.0;1.0;car;257;;tertiary;231330920;LINESTRING( 627767.2054824296 4808224.539413075, 630914.3680356146 4804803.104677165 )
1287;2397237006;2397236982;92.02355206811379;5.555555555555555;420.0;1.0;car;26;;unclassified;231330923;LINESTRING( 632391.2453294405 4804686.481543397, 632465.9158142739 4804632.828209456 )
1288;2397236982;2397237006;92.02355206811379;5.555555555555555;420.0;1.0;car;15;;unclassified;231330923;LINESTRING( 632465.9158142739 4804632.828209456, 632391.2453294405 4804686.481543397 )
1289;2397237076;2397237086;94.75799139204102;5.555555555555555;420.0;1.0;car;461;;unclassified;231330922;LINESTRING( 632483.338024301 4804917.066618361, 632409.649567235 4804976.571722096 )
129;6342424207;6342423939;381.6432368755137;5.555555555555555;420.0;1.0;car;29;;residential;677355551;LINESTRING( 630903.5719623374 4801864.028137242, 630545.6545104991 4801987.327016548 )
1290;2397237086;2397237076;94.75799139204102;5.555555555555555;420.0;1.0;car;487;;unclassified;231330922;LINESTRING( 632409.649567235 4804976.571722096, 632483.338024301 4804917.066618361 )
1291;12395673141;12395673140;510.19515463752987;5.555555555555555;420.0;1.0;car;69;;unclassified;1340038779;LINESTRING( 633942.0716070773 4801875.847467122, 634450.7042033875 4801866.2117266655 )
1292;12395673140;12395673141;510.19515463752987;5.555555555555555;420.0;1.0;car;69;;unclassified;1340038779;LINESTRING( 634450.7042033875 4801866.2117266655, 633942.0716070773 4801875.847467122 )
1293;12395673129;12395673140;119.95726115837579;5.555555555555555;420.0;1.0;car;22;;unclassified;1340038778;LINESTRING( 634466.2379156988 4801751.6190383835, 634450.7042033875 4801866.2117266655 )
1294;12395673140;12395673129;119.95726115837579;5.555555555555555;420.0;1.0;car;22;;unclassified;1340038778;LINESTRING( 634450.7042033875 4801866.2117266655, 634466.2379156988 4801751.6190383835 )
1295;13180660484;2397237038;198.57488059097437;5.555555555555555;420.0;1.0;car;552;;residential;231330926;LINESTRING( 632496.8195270672 4804924.186008799, 632648.6127925233 4804796.710288308 )
1296;2397237038;13180660484;198.57488059097437;5.555555555555555;420.0;1.0;car;461;;residential;231330926;LINESTRING( 632648.6127925233 4804796.710288308, 632496.8195270672 4804924.186008799 )
1297;2397237038;2397237026;117.31426406095645;5.555555555555555;420.0;1.0;car;621;;residential;231330926;LINESTRING( 632648.6127925233 4804796.710288308, 632756.7985917773 4804751.339930232 )
1298;2397237026;2397237038;117.31426406095645;5.555555555555555;420.0;1.0;car;776;;residential;231330926;LINESTRING( 632756.7985917773 4804751.339930232, 632648.6127925233 4804796.710288308 )
1299;10569717821;2397237026;732.4013001418205;5.555555555555555;420.0;1.0;car;998;;residential;231330913;LINESTRING( 632489.1767462792 4804164.049040783, 632756.7985917773 4804751.339930232 )
13;10569461100;10569461096;110.13882169809666;5.555555555555555;420.0;1.0;car;13;;unclassified;1133637524;LINESTRING( 629712.9648762167 4800974.244254352, 629622.1324949057 4800914.798073798 )
130;6342424207;6342422903;3.310856890207939;5.555555555555555;420.0;1.0;car;170;;residential;677355551;LINESTRING( 630903.5719623374 4801864.028137242, 630906.6593897055 4801862.832492816 )
1300;2397237026;10569717821;732.4013001418205;5.555555555555555;420.0;1.0;car;843;;residential;231330913;LINESTRING( 632756.7985917773 4804751.339930232, 632489.1767462792 4804164.049040783 )
1301;254030308;2397236952;329.59207183228835;5.555555555555555;420.0;1.0;car;123;;residential;231330912;LINESTRING( 632111.0944107012 4804268.6346922675, 632240.3603406018 4804571.513977618 )
1302;2397236952;254030308;329.59207183228835;5.555555555555555;420.0;1.0;car;95;;residential;231330912;LINESTRING( 632240.3603406018 4804571.513977618, 632111.0944107012 4804268.6346922675 )
1303;2397236952;2397237005;183.76503112446764;5.555555555555555;420.0;1.0;car;30;;residential;231330912;LINESTRING( 632240.3603406018 4804571.513977618, 632382.7431061409 4804685.337219537 )
1304;2397237005;2397236952;183.76503112446764;5.555555555555555;420.0;1.0;car;19;;residential;231330912;LINESTRING( 632382.7431061409 4804685.337219537, 632240.3603406018 4804571.513977618 )
1305;2397237005;2397237006;8.57888559960374;5.555555555555555;420.0;1.0;car;26;;residential;231330912;LINESTRING( 632382.7431061409 4804685.337219537, 632391.2453294405 4804686.481543397 )
1306;2397237006;2397237005;8.57888559960374;5.555555555555555;420.0;1.0;car;15;;residential;231330912;LINESTRING( 632391.2453294405 4804686.481543397, 632382.7431061409 4804685.337219537 )
1307;2397237006;2397237013;27.79750445249226;5.555555555555555;420.0;1.0;car;9;;residential;231330912;LINESTRING( 632391.2453294405 4804686.481543397, 632409.669332853 4804707.2963783 )
1308;2397237013;2397237006;27.79750445249226;5.555555555555555;420.0;1.0;car;9;;residential;231330912;LINESTRING( 632409.669332853 4804707.2963783, 632391.2453294405 4804686.481543397 )
1309;2397236985;2397237014;149.117621215467;5.555555555555555;420.0;1.0;car;264;;residential;231330915;LINESTRING( 632161.0195536983 4804636.144022397, 632034.1148777895 4804706.133359167 )
131;6342422903;6342424207;3.310856890207939;5.555555555555555;420.0;1.0;car;87;;residential;677355551;LINESTRING( 630906.6593897055 4801862.832492816, 630903.5719623374 4801864.028137242 )
1310;2397237014;2397236985;149.117621215467;5.555555555555555;420.0;1.0;car;211;;residential;231330915;LINESTRING( 632034.1148777895 4804706.133359167, 632161.0195536983 4804636.144022397 )
1311;2397237014;2397237028;117.62314863631768;5.555555555555555;420.0;1.0;car;174;;residential;231330915;LINESTRING( 632034.1148777895 4804706.133359167, 631921.7337529688 4804740.856375729 )
1312;2397237028;2397237014;117.62314863631768;5.555555555555555;420.0;1.0;car;34;;residential;231330915;LINESTRING( 631921.7337529688 4804740.856375729, 632034.1148777895 4804706.133359167 )
1313;2397237047;2397237057;235.46004800072646;5.555555555555555;420.0;1.0;car;36;;residential;231330914;LINESTRING( 632203.5329079947 4804815.659573538, 632373.4505690172 4804844.4295858 )
1314;2397237057;2397237047;235.46004800072646;5.555555555555555;420.0;1.0;car;36;;residential;231330914;LINESTRING( 632373.4505690172 4804844.4295858, 632203.5329079947 4804815.659573538 )
1315;2397237057;2397236990;261.67498758768573;5.555555555555555;420.0;1.0;car;386;;residential;231330914;LINESTRING( 632373.4505690172 4804844.4295858, 632551.4705872985 4804652.671545204 )
1316;2397236990;2397237057;261.67498758768573;5.555555555555555;420.0;1.0;car;218;;residential;231330914;LINESTRING( 632551.4705872985 4804652.671545204, 632373.4505690172 4804844.4295858 )
1317;2397236989;2397236952;102.62458031089713;5.555555555555555;420.0;1.0;car;119;;residential;231330916;LINESTRING( 632170.3803246247 4804645.181915687, 632240.3603406018 4804571.513977618 )
1318;2397236952;2397236989;102.62458031089713;5.555555555555555;420.0;1.0;car;262;;residential;231330916;LINESTRING( 632240.3603406018 4804571.513977618, 632170.3803246247 4804645.181915687 )
1319;2397236952;2397236925;119.80710477048939;5.555555555555555;420.0;1.0;car;135;;residential;231330916;LINESTRING( 632240.3603406018 4804571.513977618, 632346.9565863765 4804529.950021412 )
132;6342422903;6342423941;172.7181149792475;5.555555555555555;420.0;1.0;car;50;;residential;677355551;LINESTRING( 630906.6593897055 4801862.832492816, 631066.3904129174 4801797.2120836815 )
1320;2397236925;2397236952;119.80710477048939;5.555555555555555;420.0;1.0;car;261;;residential;231330916;LINESTRING( 632346.9565863765 4804529.950021412, 632240.3603406018 4804571.513977618 )
1321;2397236925;2397236916;24.654597422136867;5.555555555555555;420.0;1.0;car;52;;residential;231330916;LINESTRING( 632346.9565863765 4804529.950021412, 632370.5476509606 4804522.824061008 )
1322;2397236916;2397236925;24.654597422136867;5.555555555555555;420.0;1.0;car;63;;residential;231330916;LINESTRING( 632370.5476509606 4804522.824061008, 632346.9565863765 4804529.950021412 )
1323;2397236862;2397236990;503.59917560428914;5.555555555555555;420.0;1.0;car;389;;residential;231330919;LINESTRING( 632405.2929410394 4804184.735823864, 632551.4705872985 4804652.671545204 )
1324;2397236990;2397236862;503.59917560428914;5.555555555555555;420.0;1.0;car;697;;residential;231330919;LINESTRING( 632551.4705872985 4804652.671545204, 632405.2929410394 4804184.735823864 )
1325;2397236990;2397237038;174.67778131758885;5.555555555555555;420.0;1.0;car;102;;residential;231330919;LINESTRING( 632551.4705872985 4804652.671545204, 632648.6127925233 4804796.710288308 )
1326;2397237038;2397236990;174.67778131758885;5.555555555555555;420.0;1.0;car;242;;residential;231330919;LINESTRING( 632648.6127925233 4804796.710288308, 632551.4705872985 4804652.671545204 )
1327;2397237038;2397237093;260.94503571464975;5.555555555555555;420.0;1.0;car;335;;residential;231330919;LINESTRING( 632648.6127925233 4804796.710288308, 632651.5152682002 4805012.003788076 )
1328;2397237093;2397237038;260.94503571464975;5.555555555555555;420.0;1.0;car;229;;residential;231330919;LINESTRING( 632651.5152682002 4805012.003788076, 632648.6127925233 4804796.710288308 )
1329;10569487365;10569487360;181.33868595682998;5.555555555555555;420.0;1.0;car;13;;unclassified;1133637183;LINESTRING( 630692.4864313392 4800608.077930057, 630706.7854210093 4800756.360553456 )
133;6342423941;6342422903;172.7181149792475;5.555555555555555;420.0;1.0;car;7;;residential;677355551;LINESTRING( 631066.3904129174 4801797.2120836815, 630906.6593897055 4801862.832492816 )
1330;10569487360;10569487365;181.33868595682998;5.555555555555555;420.0;1.0;car;13;;unclassified;1133637183;LINESTRING( 630706.7854210093 4800756.360553456, 630692.4864313392 4800608.077930057 )
1331;2397236937;2397236914;103.51188395604925;5.555555555555555;420.0;1.0;car;417;;residential;231330937;LINESTRING( 631748.1599903767 4804533.732339932, 631848.5430255344 4804508.515682369 )
1332;2397236914;2397236937;103.51188395604925;5.555555555555555;420.0;1.0;car;191;;residential;231330937;LINESTRING( 631848.5430255344 4804508.515682369, 631748.1599903767 4804533.732339932 )
1333;2397236914;254030310;192.2020237956357;5.555555555555555;420.0;1.0;car;428;;residential;231330937;LINESTRING( 631848.5430255344 4804508.515682369, 632035.3017636561 4804463.412432218 )
1334;254030310;2397236914;192.2020237956357;5.555555555555555;420.0;1.0;car;140;;residential;231330937;LINESTRING( 632035.3017636561 4804463.412432218, 631848.5430255344 4804508.515682369 )
1335;4833981447;4833981448;441.9558140422189;5.555555555555555;420.0;1.0;car;74;;residential;749398298;LINESTRING( 634720.3854109992 4804043.3196143415, 634885.2907274943 4804453.2457167115 )
1336;4833981448;4833981447;441.9558140422189;5.555555555555555;420.0;1.0;car;109;;residential;749398298;LINESTRING( 634885.2907274943 4804453.2457167115, 634720.3854109992 4804043.3196143415 )
1337;2397236856;10845288296;471.3067950528805;5.555555555555555;420.0;1.0;car;1431;;residential;231330936;LINESTRING( 633170.1775041549 4804069.358864104, 632740.5559062518 4804236.044164904 )
1338;10845288296;2397236856;471.3067950528805;5.555555555555555;420.0;1.0;car;1398;;residential;231330936;LINESTRING( 632740.5559062518 4804236.044164904, 633170.1775041549 4804069.358864104 )
1339;10845288296;6344396140;157.2521157850967;5.555555555555555;420.0;1.0;car;49;;residential;231330936;LINESTRING( 632740.5559062518 4804236.044164904, 632588.4273060082 4804275.852928142 )
134;10211647322;10585823071;84.97624678695536;8.333333333333334;750.0;1.0;car;3026;;secondary;1233850825;LINESTRING( 633458.2999790305 4801404.432776438, 633420.0694242705 4801480.271452937 )
1340;6344396140;10845288296;157.2521157850967;5.555555555555555;420.0;1.0;car;49;;residential;231330936;LINESTRING( 632588.4273060082 4804275.852928142, 632740.5559062518 4804236.044164904 )
1341;7007779063;7007788491;800.8636521261047;5.555555555555555;420.0;1.0;car;166;;unclassified;749372696;LINESTRING( 632999.9221860989 4802777.408569046, 632588.7733753899 4802277.831806632 )
1342;7007788491;7007779063;800.8636521261047;5.555555555555555;420.0;1.0;car;166;;unclassified;749372696;LINESTRING( 632588.7733753899 4802277.831806632, 632999.9221860989 4802777.408569046 )
1343;2679393256;10603272974;438.3001684126656;5.555555555555555;420.0;1.0;car;77;;unclassified;1137493631;LINESTRING( 634579.6959715146 4804943.501437499, 634521.4759352163 4804584.169306418 )
1344;10603272974;2679393256;438.3001684126656;5.555555555555555;420.0;1.0;car;77;;unclassified;1137493631;LINESTRING( 634521.4759352163 4804584.169306418, 634579.6959715146 4804943.501437499 )
1345;10607963505;2679393266;209.73861749847714;5.555555555555555;420.0;1.0;car;102;;unclassified;1138028131;LINESTRING( 634041.352645993 4805350.385373135, 634232.9728438566 4805265.109424352 )
1346;2679393266;10607963505;209.73861749847714;5.555555555555555;420.0;1.0;car;102;;unclassified;1138028131;LINESTRING( 634232.9728438566 4805265.109424352, 634041.352645993 4805350.385373135 )
1347;2679393266;2679393265;140.06537347193884;5.555555555555555;420.0;1.0;car;80;;unclassified;1138028131;LINESTRING( 634232.9728438566 4805265.109424352, 634363.3743224846 4805213.984447897 )
1348;2679393265;2679393266;140.06537347193884;5.555555555555555;420.0;1.0;car;20;;unclassified;1138028131;LINESTRING( 634363.3743224846 4805213.984447897, 634232.9728438566 4805265.109424352 )
1349;2679393265;2679393262;127.9644137886237;5.555555555555555;420.0;1.0;car;62;;unclassified;1138028131;LINESTRING( 634363.3743224846 4805213.984447897, 634483.2321126318 4805169.162563317 )
135;10585823071;10211647322;84.97624678695536;8.333333333333334;750.0;1.0;car;2926;;secondary;1233850825;LINESTRING( 633420.0694242705 4801480.271452937, 633458.2999790305 4801404.432776438 )
1350;2679393262;2679393265;127.9644137886237;5.555555555555555;420.0;1.0;car;30;;unclassified;1138028131;LINESTRING( 634483.2321126318 4805169.162563317, 634363.3743224846 4805213.984447897 )
1351;2397236966;2397236919;207.2749259239318;5.555555555555555;420.0;1.0;car;94;;residential;231330929;LINESTRING( 631865.2830635087 4804589.134894212, 632060.411455621 4804519.531428815 )
1352;2397236919;2397236966;207.2749259239318;5.555555555555555;420.0;1.0;car;115;;residential;231330929;LINESTRING( 632060.411455621 4804519.531428815, 631865.2830635087 4804589.134894212 )
1353;12395672244;12395673141;11.977045414050682;5.555555555555555;420.0;1.0;car;492;;unclassified;1340038759;LINESTRING( 633945.7940595542 4801887.231357687, 633942.0716070773 4801875.847467122 )
1354;12395673141;12395672244;11.977045414050682;5.555555555555555;420.0;1.0;car;492;;unclassified;1340038759;LINESTRING( 633942.0716070773 4801875.847467122, 633945.7940595542 4801887.231357687 )
1355;12395673141;12488205431;25.51073082721402;5.555555555555555;420.0;1.0;car;423;;unclassified;1340038759;LINESTRING( 633942.0716070773 4801875.847467122, 633935.7267357227 4801851.157208903 )
1356;12488205431;12395673141;25.51073082721402;5.555555555555555;420.0;1.0;car;423;;unclassified;1340038759;LINESTRING( 633935.7267357227 4801851.157208903, 633942.0716070773 4801875.847467122 )
1357;12488205431;12395672247;113.07518342127115;5.555555555555555;420.0;1.0;car;423;;unclassified;1340038759;LINESTRING( 633935.7267357227 4801851.157208903, 633908.855267707 4801741.334332236 )
1358;12395672247;12488205431;113.07518342127115;5.555555555555555;420.0;1.0;car;423;;unclassified;1340038759;LINESTRING( 633908.855267707 4801741.334332236, 633935.7267357227 4801851.157208903 )
1359;12395672232;12395672247;341.2605019719549;5.555555555555555;420.0;1.0;car;423;;unclassified;1340038758;LINESTRING( 634097.0591107472 4801461.655311656, 633908.855267707 4801741.334332236 )
136;10585823071;12313747132;370.57646628548514;8.333333333333334;750.0;1.0;car;3036;;secondary;1233850825;LINESTRING( 633420.0694242705 4801480.271452937, 633299.0518357512 4801830.286211797 )
1360;12395672247;12395672232;341.2605019719549;5.555555555555555;420.0;1.0;car;423;;unclassified;1340038758;LINESTRING( 633908.855267707 4801741.334332236, 634097.0591107472 4801461.655311656 )
1361;12383753458;12395672232;34.65545698961829;5.555555555555555;420.0;1.0;car;406;;unclassified;1340038757;LINESTRING( 634068.9997202647 4801444.489209945, 634097.0591107472 4801461.655311656 )
1362;12395672232;12383753458;34.65545698961829;5.555555555555555;420.0;1.0;car;406;;unclassified;1340038757;LINESTRING( 634097.0591107472 4801461.655311656, 634068.9997202647 4801444.489209945 )
1363;1844618383;4797729173;73.03169046477639;5.555555555555555;420.0;1.0;car;97;;residential;173692897;LINESTRING( 630613.6426345957 4802747.482561326, 630651.6514319045 4802809.844081026 )
1364;4797729173;1844618383;73.03169046477639;5.555555555555555;420.0;1.0;car;117;;residential;173692897;LINESTRING( 630651.6514319045 4802809.844081026, 630613.6426345957 4802747.482561326 )
1365;4797729173;2015570221;109.6092407746745;5.555555555555555;420.0;1.0;car;63;;residential;173692897;LINESTRING( 630651.6514319045 4802809.844081026, 630709.8841411559 4802902.704929807 )
1366;2015570221;4797729173;109.6092407746745;5.555555555555555;420.0;1.0;car;127;;residential;173692897;LINESTRING( 630709.8841411559 4802902.704929807, 630651.6514319045 4802809.844081026 )
1367;2015570221;2015570223;22.864753455130227;5.555555555555555;420.0;1.0;car;76;;residential;173692897;LINESTRING( 630709.8841411559 4802902.704929807, 630722.0731828634 4802922.049805429 )
1368;2015570223;2015570221;22.864753455130227;5.555555555555555;420.0;1.0;car;153;;residential;173692897;LINESTRING( 630722.0731828634 4802922.049805429, 630709.8841411559 4802902.704929807 )
1369;2015570223;2015570224;78.22376968696453;5.555555555555555;420.0;1.0;car;209;;residential;173692897;LINESTRING( 630722.0731828634 4802922.049805429, 630764.1031898307 4802988.022804894 )
137;12313747132;10585823071;370.57646628548514;8.333333333333334;750.0;1.0;car;2936;;secondary;1233850825;LINESTRING( 633299.0518357512 4801830.286211797, 633420.0694242705 4801480.271452937 )
1370;2015570224;2015570223;78.22376968696453;5.555555555555555;420.0;1.0;car;268;;residential;173692897;LINESTRING( 630764.1031898307 4802988.022804894, 630722.0731828634 4802922.049805429 )
1371;2015570224;2015570225;12.535431329057428;5.555555555555555;420.0;1.0;car;485;;residential;173692897;LINESTRING( 630764.1031898307 4802988.022804894, 630769.9677151076 4802999.101811252 )
1372;2015570225;2015570224;12.535431329057428;5.555555555555555;420.0;1.0;car;308;;residential;173692897;LINESTRING( 630769.9677151076 4802999.101811252, 630764.1031898307 4802988.022804894 )
1373;2015570225;5035114708;91.36842070548886;5.555555555555555;420.0;1.0;car;366;;residential;173692897;LINESTRING( 630769.9677151076 4802999.101811252, 630818.1087743172 4803076.758921167 )
1374;5035114708;2015570225;91.36842070548886;5.555555555555555;420.0;1.0;car;165;;residential;173692897;LINESTRING( 630818.1087743172 4803076.758921167, 630769.9677151076 4802999.101811252 )
1375;5035114708;2015570230;100.78408181363955;5.555555555555555;420.0;1.0;car;353;;residential;173692897;LINESTRING( 630818.1087743172 4803076.758921167, 630868.157842271 4803164.230154004 )
1376;2015570230;5035114708;100.78408181363955;5.555555555555555;420.0;1.0;car;188;;residential;173692897;LINESTRING( 630868.157842271 4803164.230154004, 630818.1087743172 4803076.758921167 )
1377;2015570230;2015570238;102.7401416370588;5.555555555555555;420.0;1.0;car;346;;residential;173692897;LINESTRING( 630868.157842271 4803164.230154004, 630918.0303209574 4803254.053717579 )
1378;2015570238;2015570230;102.7401416370588;5.555555555555555;420.0;1.0;car;199;;residential;173692897;LINESTRING( 630918.0303209574 4803254.053717579, 630868.157842271 4803164.230154004 )
1379;2015570238;2015570239;10.59723692569213;5.555555555555555;420.0;1.0;car;337;;residential;173692897;LINESTRING( 630918.0303209574 4803254.053717579, 630923.3068634064 4803263.243904206 )
138;12313747132;4800177394;74.81737219038597;8.333333333333334;750.0;1.0;car;3038;;secondary;1233850825;LINESTRING( 633299.0518357512 4801830.286211797, 633275.6572542423 4801901.351904909 )
1380;2015570239;2015570238;10.59723692569213;5.555555555555555;420.0;1.0;car;217;;residential;173692897;LINESTRING( 630923.3068634064 4803263.243904206, 630918.0303209574 4803254.053717579 )
1381;2015570239;2015570244;88.74673402589987;5.555555555555555;420.0;1.0;car;181;;residential;173692897;LINESTRING( 630923.3068634064 4803263.243904206, 630966.4372653598 4803340.805178226 )
1382;2015570244;2015570239;88.74673402589987;5.555555555555555;420.0;1.0;car;188;;residential;173692897;LINESTRING( 630966.4372653598 4803340.805178226, 630923.3068634064 4803263.243904206 )
1383;2015570244;2015570250;99.29660362780209;5.555555555555555;420.0;1.0;car;444;;residential;173692897;LINESTRING( 630966.4372653598 4803340.805178226, 631018.8611682052 4803425.13518417 )
1384;2015570250;2015570244;99.29660362780209;5.555555555555555;420.0;1.0;car;252;;residential;173692897;LINESTRING( 631018.8611682052 4803425.13518417, 630966.4372653598 4803340.805178226 )
1385;2015570250;1844618170;109.67897179147108;5.555555555555555;420.0;1.0;car;268;;residential;173692897;LINESTRING( 631018.8611682052 4803425.13518417, 631075.5722254484 4803519.014536743 )
1386;1844618170;2015570250;109.67897179147108;5.555555555555555;420.0;1.0;car;321;;residential;173692897;LINESTRING( 631075.5722254484 4803519.014536743, 631018.8611682052 4803425.13518417 )
1387;1844618170;2015570266;182.42094762185462;5.555555555555555;420.0;1.0;car;280;;residential;173692897;LINESTRING( 631075.5722254484 4803519.014536743, 631168.9175962416 4803675.743742326 )
1388;2015570266;1844618170;182.42094762185462;5.555555555555555;420.0;1.0;car;475;;residential;173692897;LINESTRING( 631168.9175962416 4803675.743742326, 631075.5722254484 4803519.014536743 )
1389;2015570266;5244146905;92.53902865563714;5.555555555555555;420.0;1.0;car;207;;residential;173692897;LINESTRING( 631168.9175962416 4803675.743742326, 631214.8984870398 4803756.0508373175 )
139;4800177394;12313747132;74.81737219038597;8.333333333333334;750.0;1.0;car;2915;;secondary;1233850825;LINESTRING( 633275.6572542423 4801901.351904909, 633299.0518357512 4801830.286211797 )
1390;5244146905;2015570266;92.53902865563714;5.555555555555555;420.0;1.0;car;238;;residential;173692897;LINESTRING( 631214.8984870398 4803756.0508373175, 631168.9175962416 4803675.743742326 )
1391;5244146905;2015570270;72.58777242640892;5.555555555555555;420.0;1.0;car;204;;residential;173692897;LINESTRING( 631214.8984870398 4803756.0508373175, 631250.0286206249 4803819.571372738 )
1392;2015570270;5244146905;72.58777242640892;5.555555555555555;420.0;1.0;car;235;;residential;173692897;LINESTRING( 631250.0286206249 4803819.571372738, 631214.8984870398 4803756.0508373175 )
1393;2015570270;2015570272;81.25254734258893;5.555555555555555;420.0;1.0;car;252;;residential;173692897;LINESTRING( 631250.0286206249 4803819.571372738, 631291.2558390826 4803889.587748736 )
1394;2015570272;2015570270;81.25254734258893;5.555555555555555;420.0;1.0;car;222;;residential;173692897;LINESTRING( 631291.2558390826 4803889.587748736, 631250.0286206249 4803819.571372738 )
1395;2015570272;2015570286;165.02595568877302;5.555555555555555;420.0;1.0;car;307;;residential;173692897;LINESTRING( 631291.2558390826 4803889.587748736, 631375.5929812602 4804031.435598102 )
1396;2015570286;2015570272;165.02595568877302;5.555555555555555;420.0;1.0;car;204;;residential;173692897;LINESTRING( 631375.5929812602 4804031.435598102, 631291.2558390826 4803889.587748736 )
1397;2015570286;2015570290;120.83751996582822;5.555555555555555;420.0;1.0;car;131;;residential;173692897;LINESTRING( 631375.5929812602 4804031.435598102, 631438.785788888 4804134.432565512 )
1398;2015570290;2015570286;120.83751996582822;5.555555555555555;420.0;1.0;car;352;;residential;173692897;LINESTRING( 631438.785788888 4804134.432565512, 631375.5929812602 4804031.435598102 )
1399;2015570290;1844618290;8.16148925230373;5.555555555555555;420.0;1.0;car;151;;residential;173692897;LINESTRING( 631438.785788888 4804134.432565512, 631442.1828008512 4804141.853496487 )
14;10569461096;10569461100;110.13882169809666;5.555555555555555;420.0;1.0;car;13;;unclassified;1133637524;LINESTRING( 629622.1324949057 4800914.798073798, 629712.9648762167 4800974.244254352 )
140;4800177394;10585823281;61.431462904563205;8.333333333333334;750.0;1.0;car;1698;;secondary;1233850825;LINESTRING( 633275.6572542423 4801901.351904909, 633255.5354696239 4801959.394461868 )
1400;1844618290;2015570290;8.16148925230373;5.555555555555555;420.0;1.0;car;372;;residential;173692897;LINESTRING( 631442.1828008512 4804141.853496487, 631438.785788888 4804134.432565512 )
1401;2397236864;2397236925;328.6880793467474;5.555555555555555;420.0;1.0;car;376;;residential;231330930;LINESTRING( 632201.8053468608 4804235.223565672, 632346.9565863765 4804529.950021412 )
1402;2397236925;2397236864;328.6880793467474;5.555555555555555;420.0;1.0;car;261;;residential;231330930;LINESTRING( 632346.9565863765 4804529.950021412, 632201.8053468608 4804235.223565672 )
1403;2397237044;2397237043;125.02355498156003;5.555555555555555;420.0;1.0;car;111;;unclassified;231330933;LINESTRING( 632093.3328028276 4804802.704566409, 631987.1060420395 4804795.395162678 )
1404;2397237043;2397237044;125.02355498156003;5.555555555555555;420.0;1.0;car;111;;unclassified;231330933;LINESTRING( 631987.1060420395 4804795.395162678, 632093.3328028276 4804802.704566409 )
1405;2397237032;2397237005;123.77111241079723;5.555555555555555;420.0;1.0;car;32;;residential;231330932;LINESTRING( 632280.5277036107 4804754.472706041, 632382.7431061409 4804685.337219537 )
1406;2397237005;2397237032;123.77111241079723;5.555555555555555;420.0;1.0;car;32;;residential;231330932;LINESTRING( 632382.7431061409 4804685.337219537, 632280.5277036107 4804754.472706041 )
1407;2397236855;2397236856;176.31937076876142;8.333333333333334;750.0;1.0;car;2951;;secondary;1154458994;LINESTRING( 632998.6725727986 4804029.761462416, 633170.1775041549 4804069.358864104 )
1408;2397236856;2397236855;176.31937076876142;8.333333333333334;750.0;1.0;car;2818;;secondary;1154458994;LINESTRING( 633170.1775041549 4804069.358864104, 632998.6725727986 4804029.761462416 )
1409;1844618398;10595527258;39.44781089806984;5.555555555555555;420.0;1.0;car;670;;residential;173692900;LINESTRING( 630679.0313579217 4803772.151841569, 630711.7687778918 4803750.14295431 )
141;10585823281;4800177394;61.431462904563205;8.333333333333334;750.0;1.0;car;1720;;secondary;1233850825;LINESTRING( 633255.5354696239 4801959.394461868, 633275.6572542423 4801901.351904909 )
1410;10595527258;1844618398;39.44781089806984;5.555555555555555;420.0;1.0;car;670;;residential;173692900;LINESTRING( 630711.7687778918 4803750.14295431, 630679.0313579217 4803772.151841569 )
1411;10595527258;5244147140;121.434013982979;5.555555555555555;420.0;1.0;car;858;;residential;173692900;LINESTRING( 630711.7687778918 4803750.14295431, 630812.5364584625 4803682.377961103 )
1412;5244147140;10595527258;121.434013982979;5.555555555555555;420.0;1.0;car;858;;residential;173692900;LINESTRING( 630812.5364584625 4803682.377961103, 630711.7687778918 4803750.14295431 )
1413;5244147140;2015570265;53.086403469506834;5.555555555555555;420.0;1.0;car;563;;residential;173692900;LINESTRING( 630812.5364584625 4803682.377961103, 630857.00738539 4803653.386533205 )
1414;2015570265;5244147140;53.086403469506834;5.555555555555555;420.0;1.0;car;620;;residential;173692900;LINESTRING( 630857.00738539 4803653.386533205, 630812.5364584625 4803682.377961103 )
1415;2015570265;1844618170;256.5666048866277;5.555555555555555;420.0;1.0;car;490;;residential;173692900;LINESTRING( 630857.00738539 4803653.386533205, 631075.5722254484 4803519.014536743 )
1416;1844618170;2015570265;256.5666048866277;5.555555555555555;420.0;1.0;car;440;;residential;173692900;LINESTRING( 631075.5722254484 4803519.014536743, 630857.00738539 4803653.386533205 )
1417;1844618170;5244146907;99.19677089537802;5.555555555555555;420.0;1.0;car;436;;residential;173692900;LINESTRING( 631075.5722254484 4803519.014536743, 631157.942165045 4803463.740741804 )
1418;5244146907;1844618170;99.19677089537802;5.555555555555555;420.0;1.0;car;244;;residential;173692900;LINESTRING( 631157.942165045 4803463.740741804, 631075.5722254484 4803519.014536743 )
1419;5244146907;2015570247;107.07774233203556;5.555555555555555;420.0;1.0;car;466;;residential;173692900;LINESTRING( 631157.942165045 4803463.740741804, 631250.9837514774 4803410.7416276885 )
142;10585823281;4800178440;5.890397371748265;8.333333333333334;750.0;1.0;car;302;;secondary;1233850825;LINESTRING( 633255.5354696239 4801959.394461868, 633253.6984505565 4801964.991080682 )
1420;2015570247;5244146907;107.07774233203556;5.555555555555555;420.0;1.0;car;274;;residential;173692900;LINESTRING( 631250.9837514774 4803410.7416276885, 631157.942165045 4803463.740741804 )
1421;2015570247;5244146908;126.99841027344267;5.555555555555555;420.0;1.0;car;508;;residential;173692900;LINESTRING( 631250.9837514774 4803410.7416276885, 631366.4948867356 4803358.913764912 )
1422;5244146908;2015570247;126.99841027344267;5.555555555555555;420.0;1.0;car;269;;residential;173692900;LINESTRING( 631366.4948867356 4803358.913764912, 631250.9837514774 4803410.7416276885 )
1423;5244146908;1844618174;62.064677376525054;5.555555555555555;420.0;1.0;car;795;;residential;173692900;LINESTRING( 631366.4948867356 4803358.913764912, 631420.8605813995 4803328.973901493 )
1424;1844618174;5244146908;62.064677376525054;5.555555555555555;420.0;1.0;car;475;;residential;173692900;LINESTRING( 631420.8605813995 4803328.973901493, 631366.4948867356 4803358.913764912 )
1425;2397237113;2397237086;302.45133432399103;5.555555555555555;420.0;1.0;car;136;;residential;231330935;LINESTRING( 632626.302779333 4805187.593100564, 632409.649567235 4804976.571722096 )
1426;2397237086;2397237113;302.45133432399103;5.555555555555555;420.0;1.0;car;23;;residential;231330935;LINESTRING( 632409.649567235 4804976.571722096, 632626.302779333 4805187.593100564 )
1427;2397236997;1411867803;232.52328045201713;5.555555555555555;420.0;1.0;car;106;;residential;231330934;LINESTRING( 631881.1380678192 4804658.6157149635, 632098.0940339373 4804575.396444952 )
1428;1411867803;2397236997;232.52328045201713;5.555555555555555;420.0;1.0;car;7;;residential;231330934;LINESTRING( 632098.0940339373 4804575.396444952, 631881.1380678192 4804658.6157149635 )
1429;10580862444;4800144418;136.95270454440015;5.555555555555555;420.0;1.0;car;116;;unclassified;1135051288;LINESTRING( 631354.2602891617 4801255.410322908, 631288.3986296579 4801373.052360916 )
143;4800178440;10585823281;5.890397371748265;8.333333333333334;750.0;1.0;car;1718;;secondary;1233850825;LINESTRING( 633253.6984505565 4801964.991080682, 633255.5354696239 4801959.394461868 )
1430;4800144418;10580862444;136.95270454440015;5.555555555555555;420.0;1.0;car;117;;unclassified;1135051288;LINESTRING( 631288.3986296579 4801373.052360916, 631354.2602891617 4801255.410322908 )
1431;10569487448;4962330347;344.2185935852177;5.555555555555555;420.0;1.0;car;37;;unclassified;1133637201;LINESTRING( 630833.3676764527 4800703.436246984, 630705.2755570664 4800387.237810134 )
1432;4962330347;10569487448;344.2185935852177;5.555555555555555;420.0;1.0;car;37;;unclassified;1133637201;LINESTRING( 630705.2755570664 4800387.237810134, 630833.3676764527 4800703.436246984 )
1433;12759303859;12759303858;39.345980162170086;5.555555555555555;420.0;1.0;car;492;;residential;1378001890;LINESTRING( 633932.5279711299 4801890.679333009, 633894.2163647506 4801899.641864547 )
1434;12759303858;12759303859;39.345980162170086;5.555555555555555;420.0;1.0;car;492;;residential;1378001890;LINESTRING( 633894.2163647506 4801899.641864547, 633932.5279711299 4801890.679333009 )
1435;4800170704;4800170705;191.81422175163448;5.555555555555555;420.0;1.0;car;206;;residential;487562446;LINESTRING( 631739.3238636128 4801648.318229808, 631678.081874075 4801466.543329495 )
1436;4800170705;4800170704;191.81422175163448;5.555555555555555;420.0;1.0;car;170;;residential;487562446;LINESTRING( 631678.081874075 4801466.543329495, 631739.3238636128 4801648.318229808 )
1437;4800170705;10580849830;188.31251188008522;5.555555555555555;420.0;1.0;car;188;;residential;487562446;LINESTRING( 631678.081874075 4801466.543329495, 631611.024699204 4801291.366422909 )
1438;10580849830;4800170705;188.31251188008522;5.555555555555555;420.0;1.0;car;92;;residential;487562446;LINESTRING( 631611.024699204 4801291.366422909, 631678.081874075 4801466.543329495 )
1439;10580849830;5730439377;145.47084221863398;5.555555555555555;420.0;1.0;car;186;;residential;487562446;LINESTRING( 631611.024699204 4801291.366422909, 631551.9229486493 4801160.074019939 )
144;4800178440;10585823286;205.38940227305542;8.333333333333334;750.0;1.0;car;303;;secondary;1233850825;LINESTRING( 633253.6984505565 4801964.991080682, 633189.5251885342 4802160.097710814 )
1440;5730439377;10580849830;145.47084221863398;5.555555555555555;420.0;1.0;car;65;;residential;487562446;LINESTRING( 631551.9229486493 4801160.074019939, 631611.024699204 4801291.366422909 )
1441;12759303878;12759303879;353.7539905015581;19.444444444444443;3400.0;2.0;car;3135;;trunk;1378001891;LINESTRING( 633349.4789732897 4804078.050576125, 633475.8574420151 4803747.641180922 )
1442;10569487456;10569487450;133.93009715788855;5.555555555555555;420.0;1.0;car;125;;unclassified;1133637203;LINESTRING( 630654.810231827 4800816.571890465, 630757.3075089413 4800900.932898105 )
1443;10569487450;10569487456;133.93009715788855;5.555555555555555;420.0;1.0;car;122;;unclassified;1133637203;LINESTRING( 630757.3075089413 4800900.932898105, 630654.810231827 4800816.571890465 )
1444;12759303879;12759303823;2334.904069345657;19.444444444444443;3400.0;2.0;car;3135;;trunk;1378001888;LINESTRING( 633475.8574420151 4803747.641180922, 633813.9073922237 4801548.793271309 )
1445;10569487449;10569487448;134.41545676863538;5.555555555555555;420.0;1.0;car;60;;unclassified;1133637202;LINESTRING( 630879.9727144784 4800829.513546483, 630833.3676764527 4800703.436246984 )
1446;10569487448;10569487449;134.41545676863538;5.555555555555555;420.0;1.0;car;60;;unclassified;1133637202;LINESTRING( 630833.3676764527 4800703.436246984, 630879.9727144784 4800829.513546483 )
1447;10569487448;10569487446;112.04482282303539;5.555555555555555;420.0;1.0;car;4;;unclassified;1133637202;LINESTRING( 630833.3676764527 4800703.436246984, 630739.6889089199 4800757.107638261 )
1448;10569487446;10569487448;112.04482282303539;5.555555555555555;420.0;1.0;car;4;;unclassified;1133637202;LINESTRING( 630739.6889089199 4800757.107638261, 630833.3676764527 4800703.436246984 )
1449;12395672244;12759303859;13.706846314961966;5.555555555555555;420.0;1.0;car;492;;residential;1378001889;LINESTRING( 633945.7940595542 4801887.231357687, 633932.5279711299 4801890.679333009 )
145;10585823286;4800178440;205.38940227305542;8.333333333333334;750.0;1.0;car;1719;;secondary;1233850825;LINESTRING( 633189.5251885342 4802160.097710814, 633253.6984505565 4801964.991080682 )
1450;12759303859;12395672244;13.706846314961966;5.555555555555555;420.0;1.0;car;492;;residential;1378001889;LINESTRING( 633932.5279711299 4801890.679333009, 633945.7940595542 4801887.231357687 )
1451;10569487457;10569487455;58.42386323288446;5.555555555555555;420.0;1.0;car;35;;unclassified;1133637205;LINESTRING( 630643.524473857 4800849.294766893, 630672.330221928 4800900.123662937 )
1452;10569487455;10569487457;58.42386323288446;5.555555555555555;420.0;1.0;car;51;;unclassified;1133637205;LINESTRING( 630672.330221928 4800900.123662937, 630643.524473857 4800849.294766893 )
1453;10569487455;10569487454;269.7436474294595;5.555555555555555;420.0;1.0;car;31;;unclassified;1133637205;LINESTRING( 630672.330221928 4800900.123662937, 630410.9581251001 4800966.80396234 )
1454;10569487454;10569487455;269.7436474294595;5.555555555555555;420.0;1.0;car;31;;unclassified;1133637205;LINESTRING( 630410.9581251001 4800966.80396234, 630672.330221928 4800900.123662937 )
1455;10569487455;3321560656;67.89099248161979;5.555555555555555;420.0;1.0;car;65;;unclassified;1133637204;LINESTRING( 630672.330221928 4800900.123662937, 630712.2934631049 4800950.857272917 )
1456;3321560656;10569487455;67.89099248161979;5.555555555555555;420.0;1.0;car;81;;unclassified;1133637204;LINESTRING( 630712.2934631049 4800950.857272917, 630672.330221928 4800900.123662937 )
1457;10580857976;10580857975;109.49198890498299;5.555555555555555;420.0;1.0;car;20;;residential;1135050338;LINESTRING( 632054.7906305538 4802061.921514177, 631959.9400502028 4802116.619439562 )
1458;10580857975;10580857976;109.49198890498299;5.555555555555555;420.0;1.0;car;16;;residential;1135050338;LINESTRING( 631959.9400502028 4802116.619439562, 632054.7906305538 4802061.921514177 )
1459;10580857975;4800156848;113.92777503171251;5.555555555555555;420.0;1.0;car;39;;residential;1135050338;LINESTRING( 631959.9400502028 4802116.619439562, 631860.3683587731 4802171.982027918 )
146;10585823286;10585823293;64.42364854694615;8.333333333333334;750.0;1.0;car;305;;secondary;1233850825;LINESTRING( 633189.5251885342 4802160.097710814, 633169.3590774848 4802221.283775055 )
1460;4800156848;10580857975;113.92777503171251;5.555555555555555;420.0;1.0;car;42;;residential;1135050338;LINESTRING( 631860.3683587731 4802171.982027918, 631959.9400502028 4802116.619439562 )
1461;10569487464;10569487460;292.1976096563233;5.555555555555555;420.0;1.0;car;63;;unclassified;1133637207;LINESTRING( 630617.5638351161 4800797.221104018, 630344.816920842 4800900.735906075 )
1462;10569487460;10569487464;292.1976096563233;5.555555555555555;420.0;1.0;car;37;;unclassified;1133637207;LINESTRING( 630344.816920842 4800900.735906075, 630617.5638351161 4800797.221104018 )
1463;10569487460;10569487459;25.23470117467076;5.555555555555555;420.0;1.0;car;63;;unclassified;1133637207;LINESTRING( 630344.816920842 4800900.735906075, 630319.5857947789 4800901.16066596 )
1464;10569487459;10569487460;25.23470117467076;5.555555555555555;420.0;1.0;car;46;;unclassified;1133637207;LINESTRING( 630319.5857947789 4800901.16066596, 630344.816920842 4800900.735906075 )
1465;10569487460;10569487457;324.8545261401271;5.555555555555555;420.0;1.0;car;21;;unclassified;1133637206;LINESTRING( 630344.816920842 4800900.735906075, 630643.524473857 4800849.294766893 )
1466;10569487457;10569487460;324.8545261401271;5.555555555555555;420.0;1.0;car;12;;unclassified;1133637206;LINESTRING( 630643.524473857 4800849.294766893, 630344.816920842 4800900.735906075 )
1467;10569487457;10569487456;34.61437526026524;5.555555555555555;420.0;1.0;car;46;;unclassified;1133637206;LINESTRING( 630643.524473857 4800849.294766893, 630654.810231827 4800816.571890465 )
1468;10569487456;10569487457;34.61437526026524;5.555555555555555;420.0;1.0;car;21;;unclassified;1133637206;LINESTRING( 630654.810231827 4800816.571890465, 630643.524473857 4800849.294766893 )
1469;10569487456;10569487463;32.76782895261529;5.555555555555555;420.0;1.0;car;146;;unclassified;1133637206;LINESTRING( 630654.810231827 4800816.571890465, 630638.617932885 4800788.084348113 )
147;10585823293;10585823286;64.42364854694615;8.333333333333334;750.0;1.0;car;1718;;secondary;1233850825;LINESTRING( 633169.3590774848 4802221.283775055, 633189.5251885342 4802160.097710814 )
1470;10569487463;10569487456;32.76782895261529;5.555555555555555;420.0;1.0;car;124;;unclassified;1133637206;LINESTRING( 630638.617932885 4800788.084348113, 630654.810231827 4800816.571890465 )
1471;10569487470;10569487469;60.99003205260194;5.555555555555555;420.0;1.0;car;6;;unclassified;1133637209;LINESTRING( 630481.4882072154 4800670.007943044, 630524.9810999242 4800712.764840659 )
1472;10569487469;10569487470;60.99003205260194;5.555555555555555;420.0;1.0;car;3;;unclassified;1133637209;LINESTRING( 630524.9810999242 4800712.764840659, 630481.4882072154 4800670.007943044 )
1473;5244146832;10569487459;44.2705736198848;5.555555555555555;420.0;1.0;car;70;;residential;1133637208;LINESTRING( 630290.0392312022 4800928.210560541, 630319.5857947789 4800901.16066596 )
1474;10569487459;5244146832;44.2705736198848;5.555555555555555;420.0;1.0;car;64;;residential;1133637208;LINESTRING( 630319.5857947789 4800901.16066596, 630290.0392312022 4800928.210560541 )
1475;10569487459;10569487464;340.1859614197616;5.555555555555555;420.0;1.0;car;29;;residential;1133637208;LINESTRING( 630319.5857947789 4800901.16066596, 630617.5638351161 4800797.221104018 )
1476;10569487464;10569487459;340.1859614197616;5.555555555555555;420.0;1.0;car;6;;residential;1133637208;LINESTRING( 630617.5638351161 4800797.221104018, 630319.5857947789 4800901.16066596 )
1477;10569487464;10569487463;22.951151198359494;5.555555555555555;420.0;1.0;car;57;;residential;1133637208;LINESTRING( 630617.5638351161 4800797.221104018, 630638.617932885 4800788.084348113 )
1478;10569487463;10569487464;22.951151198359494;5.555555555555555;420.0;1.0;car;60;;residential;1133637208;LINESTRING( 630638.617932885 4800788.084348113, 630617.5638351161 4800797.221104018 )
1479;10569487463;10569487474;114.10786181824123;5.555555555555555;420.0;1.0;car;92;;residential;1133637208;LINESTRING( 630638.617932885 4800788.084348113, 630585.7698693337 4800686.9523239685 )
148;10585823293;10585823295;292.67028070455945;8.333333333333334;750.0;1.0;car;1716;;secondary;1233850825;LINESTRING( 633169.3590774848 4802221.283775055, 633077.7735270577 4802499.254960797 )
1480;10569487474;10569487463;114.10786181824123;5.555555555555555;420.0;1.0;car;73;;residential;1133637208;LINESTRING( 630585.7698693337 4800686.9523239685, 630638.617932885 4800788.084348113 )
1481;10569487487;10569487477;330.0618001952915;5.555555555555555;420.0;1.0;car;27;;unclassified;1133637211;LINESTRING( 630415.4245477873 4800328.559908876, 630599.4805400685 4800592.049590983 )
1482;10569487477;10569487487;330.0618001952915;5.555555555555555;420.0;1.0;car;27;;unclassified;1133637211;LINESTRING( 630599.4805400685 4800592.049590983, 630415.4245477873 4800328.559908876 )
1483;10569487477;10569487360;197.00018978466642;5.555555555555555;420.0;1.0;car;27;;unclassified;1133637211;LINESTRING( 630599.4805400685 4800592.049590983, 630706.7854210093 4800756.360553456 )
1484;10569487360;10569487477;197.00018978466642;5.555555555555555;420.0;1.0;car;91;;unclassified;1133637211;LINESTRING( 630706.7854210093 4800756.360553456, 630599.4805400685 4800592.049590983 )
1485;10569487360;6344452562;140.5568086429883;5.555555555555555;420.0;1.0;car;54;;unclassified;1133637211;LINESTRING( 630706.7854210093 4800756.360553456, 630783.7018032914 4800873.068527257 )
1486;6344452562;10569487360;140.5568086429883;5.555555555555555;420.0;1.0;car;118;;unclassified;1133637211;LINESTRING( 630783.7018032914 4800873.068527257, 630706.7854210093 4800756.360553456 )
1487;4800177394;11203871249;697.4715308039517;5.555555555555555;420.0;1.0;car;1608;;residential;1209236953;LINESTRING( 633275.6572542423 4801901.351904909, 632746.022666253 4801524.477201513 )
1488;11203871249;4800177394;697.4715308039517;5.555555555555555;420.0;1.0;car;1486;;residential;1209236953;LINESTRING( 632746.022666253 4801524.477201513, 633275.6572542423 4801901.351904909 )
1489;11203871249;11203871248;57.047880063429034;5.555555555555555;420.0;1.0;car;2;;residential;1209236953;LINESTRING( 632746.022666253 4801524.477201513, 632727.2909918248 4801470.592277899 )
149;10585823295;10585823293;292.67028070455945;8.333333333333334;750.0;1.0;car;1738;;secondary;1233850825;LINESTRING( 633077.7735270577 4802499.254960797, 633169.3590774848 4802221.283775055 )
1490;11203871248;11203871249;57.047880063429034;5.555555555555555;420.0;1.0;car;2;;residential;1209236953;LINESTRING( 632727.2909918248 4801470.592277899, 632746.022666253 4801524.477201513 )
1491;10569487477;10569487476;69.18959501392267;5.555555555555555;420.0;1.0;car;82;;unclassified;1133637210;LINESTRING( 630599.4805400685 4800592.049590983, 630543.1092998352 4800632.16795751 )
1492;10569487476;10569487477;69.18959501392267;5.555555555555555;420.0;1.0;car;18;;unclassified;1133637210;LINESTRING( 630543.1092998352 4800632.16795751, 630599.4805400685 4800592.049590983 )
1493;10569487476;10569487474;70.11952355244459;5.555555555555555;420.0;1.0;car;10;;unclassified;1133637210;LINESTRING( 630543.1092998352 4800632.16795751, 630585.7698693337 4800686.9523239685 )
1494;10569487474;10569487476;70.11952355244459;5.555555555555555;420.0;1.0;car;15;;unclassified;1133637210;LINESTRING( 630585.7698693337 4800686.9523239685, 630543.1092998352 4800632.16795751 )
1495;10569487474;10569487469;66.04211159713202;5.555555555555555;420.0;1.0;car;68;;unclassified;1133637210;LINESTRING( 630585.7698693337 4800686.9523239685, 630524.9810999242 4800712.764840659 )
1496;10569487469;10569487474;66.04211159713202;5.555555555555555;420.0;1.0;car;54;;unclassified;1133637210;LINESTRING( 630524.9810999242 4800712.764840659, 630585.7698693337 4800686.9523239685 )
1497;10569487469;10569487779;141.06788754268456;5.555555555555555;420.0;1.0;car;68;;unclassified;1133637210;LINESTRING( 630524.9810999242 4800712.764840659, 630398.6101619169 4800727.547496981 )
1498;10569487779;10569487469;141.06788754268456;5.555555555555555;420.0;1.0;car;51;;unclassified;1133637210;LINESTRING( 630398.6101619169 4800727.547496981, 630524.9810999242 4800712.764840659 )
1499;10569487779;10569487470;104.25323939373565;5.555555555555555;420.0;1.0;car;13;;unclassified;1133637210;LINESTRING( 630398.6101619169 4800727.547496981, 630481.4882072154 4800670.007943044 )
150;10585823295;254030305;186.20215212248553;8.333333333333334;750.0;1.0;car;1707;;secondary;1233850825;LINESTRING( 633077.7735270577 4802499.254960797, 633022.421394016 4802677.0159692345 )
1500;10569487470;10569487779;104.25323939373565;5.555555555555555;420.0;1.0;car;79;;unclassified;1133637210;LINESTRING( 630481.4882072154 4800670.007943044, 630398.6101619169 4800727.547496981 )
1501;10569487470;10569487476;72.31198767081028;5.555555555555555;420.0;1.0;car;6;;unclassified;1133637210;LINESTRING( 630481.4882072154 4800670.007943044, 630543.1092998352 4800632.16795751 )
1502;10569487476;10569487470;72.31198767081028;5.555555555555555;420.0;1.0;car;75;;unclassified;1133637210;LINESTRING( 630543.1092998352 4800632.16795751, 630481.4882072154 4800670.007943044 )
1505;4800173287;4800157270;107.78279084674318;5.555555555555555;420.0;1.0;car;91;;residential;535603746;LINESTRING( 632019.8101859232 4801751.468511332, 631917.5714078965 4801785.347159967 )
1506;4800157270;4800173287;107.78279084674318;5.555555555555555;420.0;1.0;car;32;;residential;535603746;LINESTRING( 631917.5714078965 4801785.347159967, 632019.8101859232 4801751.468511332 )
1507;10583216897;10583216895;598.947975570734;5.555555555555555;420.0;1.0;car;78;;unclassified;1135348349;LINESTRING( 631387.2997836669 4802040.850093128, 631673.7327937476 4802566.760351008 )
1508;10583216895;10583216897;598.947975570734;5.555555555555555;420.0;1.0;car;18;;unclassified;1135348349;LINESTRING( 631673.7327937476 4802566.760351008, 631387.2997836669 4802040.850093128 )
151;254030305;10585823295;186.20215212248553;8.333333333333334;750.0;1.0;car;1714;;secondary;1233850825;LINESTRING( 633022.421394016 4802677.0159692345, 633077.7735270577 4802499.254960797 )
1511;6344327388;6344327385;153.52868058556217;5.555555555555555;210.0;1.0;car;23;;living_street;677575088;LINESTRING( 632620.7210444865 4801296.228635447, 632771.1516286066 4801275.6606364725 )
1512;6344327385;6344327388;153.52868058556217;5.555555555555555;210.0;1.0;car;23;;living_street;677575088;LINESTRING( 632771.1516286066 4801275.6606364725, 632620.7210444865 4801296.228635447 )
1513;10580862877;10580862873;361.71048472605406;5.555555555555555;420.0;1.0;car;47;;residential;1135051380;LINESTRING( 631201.9236422464 4800755.626775941, 631259.4052177757 4801076.62004297 )
1514;10580862873;10580862877;361.71048472605406;5.555555555555555;420.0;1.0;car;25;;residential;1135051380;LINESTRING( 631259.4052177757 4801076.62004297, 631201.9236422464 4800755.626775941 )
1515;7008520852;7008520860;77.0137220722363;5.555555555555555;420.0;1.0;car;78;;unclassified;1349745056;LINESTRING( 634681.4352616487 4800746.252043642, 634753.0148747072 4800738.078641196 )
1516;7008520860;7008520852;77.0137220722363;5.555555555555555;420.0;1.0;car;78;;unclassified;1349745056;LINESTRING( 634753.0148747072 4800738.078641196, 634681.4352616487 4800746.252043642 )
1517;12383753453;12383753477;161.79010979915867;5.555555555555555;420.0;1.0;car;13;;unclassified;1338775064;LINESTRING( 634314.7813230085 4801004.426787026, 634224.0737335691 4801138.269806181 )
1518;12383753477;12383753453;161.79010979915867;5.555555555555555;420.0;1.0;car;55;;unclassified;1338775064;LINESTRING( 634224.0737335691 4801138.269806181, 634314.7813230085 4801004.426787026 )
1519;12383753480;12383753481;64.42739019385344;5.555555555555555;420.0;1.0;car;1;;unclassified;1338775065;LINESTRING( 634314.7882014937 4800777.91286616, 634369.8002874708 4800811.447311193 )
152;10578178584;6342424212;48.882028778320134;5.555555555555555;420.0;1.0;car;26;;unclassified;677355548;LINESTRING( 630854.0823174178 4801735.816754655, 630871.0132167308 4801781.67302343 )
1520;12383753481;12383753480;64.42739019385344;5.555555555555555;420.0;1.0;car;16;;unclassified;1338775065;LINESTRING( 634369.8002874708 4800811.447311193, 634314.7882014937 4800777.91286616 )
1521;12383753471;12383753482;43.18038998516054;5.555555555555555;420.0;1.0;car;5;;unclassified;1338775066;LINESTRING( 634422.799411477 4800845.064429524, 634453.3701900583 4800873.4364569755 )
1522;12383753482;12383753471;43.18038998516054;5.555555555555555;420.0;1.0;car;5;;unclassified;1338775066;LINESTRING( 634453.3701900583 4800873.4364569755, 634422.799411477 4800845.064429524 )
1523;11915846567;12383753490;275.9862843745709;5.555555555555555;420.0;1.0;car;27;;unclassified;1338775067;LINESTRING( 634279.1561384719 4801175.071424757, 634269.3943299893 4801449.054378406 )
1524;12383753490;11915846567;275.9862843745709;5.555555555555555;420.0;1.0;car;27;;unclassified;1338775067;LINESTRING( 634269.3943299893 4801449.054378406, 634279.1561384719 4801175.071424757 )
1525;12383753455;12383753458;65.97640748324056;5.555555555555555;420.0;1.0;car;66;;unclassified;1338775060;LINESTRING( 634009.1620738384 4801425.560116413, 634068.9997202647 4801444.489209945 )
1526;12383753458;12383753455;65.97640748324056;5.555555555555555;420.0;1.0;car;10;;unclassified;1338775060;LINESTRING( 634068.9997202647 4801444.489209945, 634009.1620738384 4801425.560116413 )
1527;12383753458;12488176411;163.76581674231713;5.555555555555555;420.0;1.0;car;396;;unclassified;1338775060;LINESTRING( 634068.9997202647 4801444.489209945, 634159.4661370798 4801308.150882835 )
1528;12488176411;12383753458;163.76581674231713;5.555555555555555;420.0;1.0;car;340;;unclassified;1338775060;LINESTRING( 634159.4661370798 4801308.150882835, 634068.9997202647 4801444.489209945 )
1529;12488176411;11915846581;179.2148651248077;5.555555555555555;420.0;1.0;car;342;;unclassified;1338775060;LINESTRING( 634159.4661370798 4801308.150882835, 634266.6536930549 4801167.74599773 )
153;6342424212;10578178584;48.882028778320134;5.555555555555555;420.0;1.0;car;32;;unclassified;677355548;LINESTRING( 630871.0132167308 4801781.67302343, 630854.0823174178 4801735.816754655 )
1530;11915846581;12488176411;179.2148651248077;5.555555555555555;420.0;1.0;car;298;;unclassified;1338775060;LINESTRING( 634266.6536930549 4801167.74599773, 634159.4661370798 4801308.150882835 )
1531;11915846567;11915846581;14.490445905453523;5.555555555555555;420.0;1.0;car;281;;unclassified;1338775061;LINESTRING( 634279.1561384719 4801175.071424757, 634266.6536930549 4801167.74599773 )
1532;11915846581;11915846567;14.490445905453523;5.555555555555555;420.0;1.0;car;281;;unclassified;1338775061;LINESTRING( 634266.6536930549 4801167.74599773, 634279.1561384719 4801175.071424757 )
1533;11915846581;12383753464;38.173562697504344;5.555555555555555;420.0;1.0;car;0;;unclassified;1338775062;LINESTRING( 634266.6536930549 4801167.74599773, 634283.4728939258 4801134.882783417 )
1534;12383753464;11915846581;38.173562697504344;5.555555555555555;420.0;1.0;car;0;;unclassified;1338775062;LINESTRING( 634283.4728939258 4801134.882783417, 634266.6536930549 4801167.74599773 )
1535;12488193531;12488193576;33.87747948397841;5.555555555555555;420.0;1.0;car;5;;unclassified;1338775063;LINESTRING( 634391.3847907619 4800890.969492251, 634371.0965334921 4800918.008476349 )
1536;12488193576;12488193531;33.87747948397841;5.555555555555555;420.0;1.0;car;31;;unclassified;1338775063;LINESTRING( 634371.0965334921 4800918.008476349, 634391.3847907619 4800890.969492251 )
1537;12488193576;12383753453;103.27713447064568;5.555555555555555;420.0;1.0;car;6;;unclassified;1338775063;LINESTRING( 634371.0965334921 4800918.008476349, 634314.7813230085 4801004.426787026 )
1538;12383753453;12488193576;103.27713447064568;5.555555555555555;420.0;1.0;car;32;;unclassified;1338775063;LINESTRING( 634314.7813230085 4801004.426787026, 634371.0965334921 4800918.008476349 )
1539;12383753452;12488176404;169.07090987840218;5.555555555555555;420.0;1.0;car;3;;unclassified;1338775057;LINESTRING( 633968.9387979007 4801387.244081007, 634062.9406100223 4801246.719383352 )
154;6342424212;6342424207;91.32577425550653;5.555555555555555;420.0;1.0;car;75;;unclassified;677355548;LINESTRING( 630871.0132167308 4801781.67302343, 630903.5719623374 4801864.028137242 )
1540;12488176404;12383753452;169.07090987840218;5.555555555555555;420.0;1.0;car;3;;unclassified;1338775057;LINESTRING( 634062.9406100223 4801246.719383352, 633968.9387979007 4801387.244081007 )
1541;12488176404;11915846575;180.0443619632223;5.555555555555555;420.0;1.0;car;4;;unclassified;1338775057;LINESTRING( 634062.9406100223 4801246.719383352, 634162.9408877685 4801097.04899171 )
1542;11915846575;12488176404;180.0443619632223;5.555555555555555;420.0;1.0;car;15;;unclassified;1338775057;LINESTRING( 634162.9408877685 4801097.04899171, 634062.9406100223 4801246.719383352 )
1543;11915846581;12383753477;51.78705260992959;5.555555555555555;420.0;1.0;car;59;;unclassified;1338775058;LINESTRING( 634266.6536930549 4801167.74599773, 634224.0737335691 4801138.269806181 )
1544;12383753477;11915846581;51.78705260992959;5.555555555555555;420.0;1.0;car;15;;unclassified;1338775058;LINESTRING( 634224.0737335691 4801138.269806181, 634266.6536930549 4801167.74599773 )
1545;12383753477;11915846568;13.41469061542834;5.555555555555555;420.0;1.0;car;4;;unclassified;1338775058;LINESTRING( 634224.0737335691 4801138.269806181, 634212.9947363448 4801130.706093811 )
1546;11915846568;12383753477;13.41469061542834;5.555555555555555;420.0;1.0;car;2;;unclassified;1338775058;LINESTRING( 634212.9947363448 4801130.706093811, 634224.0737335691 4801138.269806181 )
1547;11915846568;12383753445;51.17090050404006;5.555555555555555;420.0;1.0;car;5;;unclassified;1338775058;LINESTRING( 634212.9947363448 4801130.706093811, 634170.8429240601 4801101.694272436 )
1548;12383753445;11915846568;51.17090050404006;5.555555555555555;420.0;1.0;car;35;;unclassified;1338775058;LINESTRING( 634170.8429240601 4801101.694272436, 634212.9947363448 4801130.706093811 )
1549;12383753445;11915846575;9.166286629744596;5.555555555555555;420.0;1.0;car;12;;unclassified;1338775059;LINESTRING( 634170.8429240601 4801101.694272436, 634162.9408877685 4801097.04899171 )
155;6342424207;6342424212;91.32577425550653;5.555555555555555;420.0;1.0;car;76;;unclassified;677355548;LINESTRING( 630903.5719623374 4801864.028137242, 630871.0132167308 4801781.67302343 )
1550;11915846575;12383753445;9.166286629744596;5.555555555555555;420.0;1.0;car;1;;unclassified;1338775059;LINESTRING( 634162.9408877685 4801097.04899171, 634170.8429240601 4801101.694272436 )
1551;6344343463;6344343788;92.43069844477218;5.555555555555555;420.0;1.0;car;76;;unclassified;677577099;LINESTRING( 632840.7082248895 4803048.530342308, 632748.3002753172 4803050.580920477 )
1552;6344343788;6344343463;92.43069844477218;5.555555555555555;420.0;1.0;car;36;;unclassified;677577099;LINESTRING( 632748.3002753172 4803050.580920477, 632840.7082248895 4803048.530342308 )
1553;6344343788;6344342872;65.55569008577069;5.555555555555555;420.0;1.0;car;84;;unclassified;677577099;LINESTRING( 632748.3002753172 4803050.580920477, 632682.8382412741 4803054.083862322 )
1554;6344342872;6344343788;65.55569008577069;5.555555555555555;420.0;1.0;car;96;;unclassified;677577099;LINESTRING( 632682.8382412741 4803054.083862322, 632748.3002753172 4803050.580920477 )
1555;6344342872;6344343789;87.41912793081603;5.555555555555555;420.0;1.0;car;46;;unclassified;677577099;LINESTRING( 632682.8382412741 4803054.083862322, 632595.7319970698 4803061.473459659 )
1556;6344343789;6344342872;87.41912793081603;5.555555555555555;420.0;1.0;car;46;;unclassified;677577099;LINESTRING( 632595.7319970698 4803061.473459659, 632682.8382412741 4803054.083862322 )
1557;6342384399;6342384400;108.42156895264002;5.555555555555555;420.0;1.0;car;60;;residential;749512005;LINESTRING( 632738.5124534974 4802902.668822741, 632724.8385334964 4802800.720704042 )
1558;6342384400;6342384399;108.42156895264002;5.555555555555555;420.0;1.0;car;70;;residential;749512005;LINESTRING( 632724.8385334964 4802800.720704042, 632738.5124534974 4802902.668822741 )
1559;13254968094;13254968088;169.36153876417507;19.444444444444443;1275.0;1.0;car;1366;;primary;1444596723;LINESTRING( 636228.0498265277 4803237.641664287, 636369.256539958 4803163.92818113 )
156;2397236869;254030310;115.03898259799959;8.333333333333334;750.0;1.0;car;236;;secondary;1233850824;LINESTRING( 632009.3477990425 4804352.193306937, 632035.3017636561 4804463.412432218 )
1560;13254968088;13254968094;169.36153876417507;19.444444444444443;1275.0;1.0;car;1366;;primary;1444596723;LINESTRING( 636369.256539958 4803163.92818113, 636228.0498265277 4803237.641664287 )
1561;13254968088;5223441885;55.97100683945692;19.444444444444443;1275.0;1.0;car;405;;primary;1444596723;LINESTRING( 636369.256539958 4803163.92818113, 636420.7622357619 4803184.610801646 )
1562;5223441885;13254968088;55.97100683945692;19.444444444444443;1275.0;1.0;car;405;;primary;1444596723;LINESTRING( 636420.7622357619 4803184.610801646, 636369.256539958 4803163.92818113 )
1566;6341089272;4800187746;99.78556686450835;5.555555555555555;420.0;1.0;car;1427;;residential;487269604;LINESTRING( 631761.4218817104 4803212.806377535, 631841.6529000334 4803153.832537085 )
1567;4800187746;6341089272;99.78556686450835;5.555555555555555;420.0;1.0;car;782;;residential;487269604;LINESTRING( 631841.6529000334 4803153.832537085, 631761.4218817104 4803212.806377535 )
1568;4800187746;4800186933;66.42625533935421;5.555555555555555;420.0;1.0;car;1421;;residential;487269604;LINESTRING( 631841.6529000334 4803153.832537085, 631897.0076667318 4803122.004724184 )
1569;4800186933;4800187746;66.42625533935421;5.555555555555555;420.0;1.0;car;832;;residential;487269604;LINESTRING( 631897.0076667318 4803122.004724184, 631841.6529000334 4803153.832537085 )
157;254030310;2397236869;115.03898259799959;8.333333333333334;750.0;1.0;car;452;;secondary;1233850824;LINESTRING( 632035.3017636561 4804463.412432218, 632009.3477990425 4804352.193306937 )
1570;4800186933;4797756502;105.41275137902878;5.555555555555555;420.0;1.0;car;1741;;residential;487269604;LINESTRING( 631897.0076667318 4803122.004724184, 631995.2180732875 4803083.7926976215 )
1571;4797756502;4800186933;105.41275137902878;5.555555555555555;420.0;1.0;car;1105;;residential;487269604;LINESTRING( 631995.2180732875 4803083.7926976215, 631897.0076667318 4803122.004724184 )
1572;4797756502;4800150586;95.54293867948869;5.555555555555555;420.0;1.0;car;1672;;residential;487269604;LINESTRING( 631995.2180732875 4803083.7926976215, 632086.254737149 4803054.796508829 )
1573;4800150586;4797756502;95.54293867948869;5.555555555555555;420.0;1.0;car;1112;;residential;487269604;LINESTRING( 632086.254737149 4803054.796508829, 631995.2180732875 4803083.7926976215 )
1574;4800150586;4800144410;85.5374149732663;5.555555555555555;420.0;1.0;car;1579;;residential;487269604;LINESTRING( 632086.254737149 4803054.796508829, 632169.2891182965 4803034.255308578 )
1575;4800144410;4800150586;85.5374149732663;5.555555555555555;420.0;1.0;car;1253;;residential;487269604;LINESTRING( 632169.2891182965 4803034.255308578, 632086.254737149 4803054.796508829 )
1576;4800144410;4800156840;32.25762542864423;5.555555555555555;420.0;1.0;car;1433;;residential;487269604;LINESTRING( 632169.2891182965 4803034.255308578, 632200.757558902 4803027.427055456 )
1577;4800156840;4800144410;32.25762542864423;5.555555555555555;420.0;1.0;car;1147;;residential;487269604;LINESTRING( 632200.757558902 4803027.427055456, 632169.2891182965 4803034.255308578 )
1578;4800156840;4800142927;97.95526073370029;5.555555555555555;420.0;1.0;car;1658;;residential;487269604;LINESTRING( 632200.757558902 4803027.427055456, 632297.6892248614 4803013.303131081 )
1579;4800142927;4800156840;97.95526073370029;5.555555555555555;420.0;1.0;car;1350;;residential;487269604;LINESTRING( 632297.6892248614 4803013.303131081, 632200.757558902 4803027.427055456 )
158;254030310;2397236919;61.480390447815985;8.333333333333334;750.0;1.0;car;481;;secondary;1233850824;LINESTRING( 632035.3017636561 4804463.412432218, 632060.411455621 4804519.531428815 )
1580;4800142927;5190925036;26.27306681594363;5.555555555555555;420.0;1.0;car;1721;;residential;487269604;LINESTRING( 632297.6892248614 4803013.303131081, 632323.768519424 4803010.169592146 )
1581;5190925036;4800142927;26.27306681594363;5.555555555555555;420.0;1.0;car;1599;;residential;487269604;LINESTRING( 632323.768519424 4803010.169592146, 632297.6892248614 4803013.303131081 )
1582;5190925036;5190925076;92.65822715224508;5.555555555555555;420.0;1.0;car;1667;;residential;487269604;LINESTRING( 632323.768519424 4803010.169592146, 632414.0248173808 4802989.283904118 )
1583;5190925076;5190925036;92.65822715224508;5.555555555555555;420.0;1.0;car;1545;;residential;487269604;LINESTRING( 632414.0248173808 4802989.283904118, 632323.768519424 4803010.169592146 )
1584;5190925076;4797756505;92.04833084088936;5.555555555555555;420.0;1.0;car;1619;;residential;487269604;LINESTRING( 632414.0248173808 4802989.283904118, 632504.9406934846 4802974.889506497 )
1585;4797756505;5190925076;92.04833084088936;5.555555555555555;420.0;1.0;car;1497;;residential;487269604;LINESTRING( 632504.9406934846 4802974.889506497, 632414.0248173808 4802989.283904118 )
1586;4797756505;6342384399;270.78826451014817;5.555555555555555;420.0;1.0;car;1598;;residential;487269604;LINESTRING( 632504.9406934846 4802974.889506497, 632738.5124534974 4802902.668822741 )
1587;6342384399;4797756505;270.78826451014817;5.555555555555555;420.0;1.0;car;1486;;residential;487269604;LINESTRING( 632738.5124534974 4802902.668822741, 632504.9406934846 4802974.889506497 )
1588;6342384399;4797756507;4.167559253840087;5.555555555555555;420.0;1.0;car;1623;;residential;487269604;LINESTRING( 632738.5124534974 4802902.668822741, 632740.9342100049 4802906.060525198 )
1589;4797756507;6342384399;4.167559253840087;5.555555555555555;420.0;1.0;car;1501;;residential;487269604;LINESTRING( 632740.9342100049 4802906.060525198, 632738.5124534974 4802902.668822741 )
159;2397236919;254030310;61.480390447815985;8.333333333333334;750.0;1.0;car;409;;secondary;1233850824;LINESTRING( 632060.411455621 4804519.531428815, 632035.3017636561 4804463.412432218 )
1590;9801289590;10211647351;222.32885111327613;19.444444444444443;3400.0;2.0;car;3035;;trunk;1378001869;LINESTRING( 633366.6158737601 4804072.056047909, 633293.5125583753 4804281.761920438 )
1594;12759303895;12759303878;270.9958533542898;19.444444444444443;3400.0;2.0;car;3135;;trunk;1378001874;LINESTRING( 633267.5272683977 4804335.800142324, 633349.4789732897 4804078.050576125 )
1595;12759303823;12759287298;465.3400903657321;19.444444444444443;3400.0;2.0;car;109;;trunk;1378001875;LINESTRING( 633813.9073922237 4801548.793271309, 633693.1347755706 4801099.399175076 )
1596;6342424899;6342427431;96.70464110986106;5.555555555555555;420.0;1.0;car;4;;residential;677355949;LINESTRING( 630953.217756603 4802238.506379454, 630876.8876804097 4802297.277456428 )
1597;6342427431;6342424899;96.70464110986106;5.555555555555555;420.0;1.0;car;0;;residential;677355949;LINESTRING( 630876.8876804097 4802297.277456428, 630953.217756603 4802238.506379454 )
16;4797651866;4797646796;95.27247891020211;5.555555555555555;420.0;1.0;car;363;;residential;677207131;LINESTRING( 632455.2235378041 4803488.845045043, 632443.3874939044 4803394.310642297 )
160;2397236919;1411867803;67.38602775486795;8.333333333333334;750.0;1.0;car;459;;secondary;1233850824;LINESTRING( 632060.411455621 4804519.531428815, 632098.0940339373 4804575.396444952 )
1601;6344318260;6344318243;276.1422981441981;5.555555555555555;420.0;1.0;car;36;;residential;677574038;LINESTRING( 632500.2586329031 4801363.427144964, 632304.5573420932 4801232.496357681 )
1602;6344318243;6344318260;276.1422981441981;5.555555555555555;420.0;1.0;car;11;;residential;677574038;LINESTRING( 632304.5573420932 4801232.496357681, 632500.2586329031 4801363.427144964 )
1603;6344318243;6344318254;22.12458043631781;5.555555555555555;420.0;1.0;car;4;;residential;677574038;LINESTRING( 632304.5573420932 4801232.496357681, 632282.8919144728 4801228.061775693 )
1604;6344318254;6344318243;22.12458043631781;5.555555555555555;420.0;1.0;car;3;;residential;677574038;LINESTRING( 632282.8919144728 4801228.061775693, 632304.5573420932 4801232.496357681 )
1605;6344318254;6344318248;164.20062104058132;5.555555555555555;420.0;1.0;car;19;;residential;677574038;LINESTRING( 632282.8919144728 4801228.061775693, 632165.7529639837 4801113.315626071 )
1606;6344318248;6344318254;164.20062104058132;5.555555555555555;420.0;1.0;car;19;;residential;677574038;LINESTRING( 632165.7529639837 4801113.315626071, 632282.8919144728 4801228.061775693 )
1607;12759287298;12759287299;46.43415844323872;19.444444444444443;3400.0;2.0;car;109;;trunk;1378001878;LINESTRING( 633693.1347755706 4801099.399175076, 633681.1302829225 4801054.543593187 )
1608;6342427427;6342427422;54.48417718789204;5.555555555555555;420.0;1.0;car;59;;unclassified;677355944;LINESTRING( 630940.9924098182 4802128.092087489, 630976.4513696313 4802163.119890025 )
1609;6342427422;6342427427;54.48417718789204;5.555555555555555;420.0;1.0;car;507;;unclassified;677355944;LINESTRING( 630976.4513696313 4802163.119890025, 630940.9924098182 4802128.092087489 )
161;1411867803;2397236919;67.38602775486795;8.333333333333334;750.0;1.0;car;408;;secondary;1233850824;LINESTRING( 632098.0940339373 4804575.396444952, 632060.411455621 4804519.531428815 )
1610;4800170995;4800165504;194.98714390046007;5.555555555555555;420.0;1.0;car;98;;residential;487562487;LINESTRING( 631653.9402119375 4801680.485058907, 631591.5622980392 4801495.744748893 )
1611;4800165504;4800170995;194.98714390046007;5.555555555555555;420.0;1.0;car;58;;residential;487562487;LINESTRING( 631591.5622980392 4801495.744748893, 631653.9402119375 4801680.485058907 )
1612;4800165504;6344313163;190.891689470378;5.555555555555555;420.0;1.0;car;82;;residential;487562487;LINESTRING( 631591.5622980392 4801495.744748893, 631528.3531325369 4801315.621906074 )
1613;6344313163;4800165504;190.891689470378;5.555555555555555;420.0;1.0;car;110;;residential;487562487;LINESTRING( 631528.3531325369 4801315.621906074, 631591.5622980392 4801495.744748893 )
1614;4800165506;4800161964;194.04636686832478;5.555555555555555;420.0;1.0;car;75;;residential;535604757;LINESTRING( 632026.0182957177 4801345.918410605, 632085.769148618 4801530.167388428 )
1615;4800161964;4800165506;194.04636686832478;5.555555555555555;420.0;1.0;car;24;;residential;535604757;LINESTRING( 632085.769148618 4801530.167388428, 632026.0182957177 4801345.918410605 )
1616;6344423709;6344427130;513.5040049775295;5.555555555555555;420.0;1.0;car;701;;tertiary_link;677585306;LINESTRING( 630914.3680356146 4804803.104677165, 630412.1810809885 4804699.5775025645 )
1617;6344427130;6344423709;513.5040049775295;5.555555555555555;420.0;1.0;car;701;;tertiary_link;677585306;LINESTRING( 630412.1810809885 4804699.5775025645, 630914.3680356146 4804803.104677165 )
162;1411867803;2397236985;87.46364503367718;8.333333333333334;750.0;1.0;car;482;;secondary;1233850824;LINESTRING( 632098.0940339373 4804575.396444952, 632161.0195536983 4804636.144022397 )
1622;11449797975;10211631614;475.2855001622379;19.444444444444443;3400.0;2.0;car;2915;;trunk;1378001884;LINESTRING( 633703.2195889136 4801086.744141506, 633826.3060363813 4801545.783387015 )
1625;5244141478;6344346226;26.98479394102391;5.555555555555555;420.0;1.0;car;8;;unclassified;677577318;LINESTRING( 633155.5687377478 4803010.5527081415, 633157.9651917019 4803037.430879815 )
1626;6344346226;5244141478;26.98479394102391;5.555555555555555;420.0;1.0;car;8;;unclassified;677577318;LINESTRING( 633157.9651917019 4803037.430879815, 633155.5687377478 4803010.5527081415 )
1627;6344327695;11203871249;127.91754230950568;5.555555555555555;420.0;1.0;car;1479;;residential;1425726195;LINESTRING( 632776.4898932504 4801407.186456309, 632746.022666253 4801524.477201513 )
1628;11203871249;6344327695;127.91754230950568;5.555555555555555;420.0;1.0;car;1601;;residential;1425726195;LINESTRING( 632746.022666253 4801524.477201513, 632776.4898932504 4801407.186456309 )
1629;6342431663;6342430414;38.520969718120895;5.555555555555555;420.0;1.0;car;26;;residential;677356115;LINESTRING( 630590.2422271144 4802076.156610146, 630625.1699283795 4802059.910970966 )
163;2397236985;1411867803;87.46364503367718;8.333333333333334;750.0;1.0;car;332;;secondary;1233850824;LINESTRING( 632161.0195536983 4804636.144022397, 632098.0940339373 4804575.396444952 )
1630;6342430414;6342431663;38.520969718120895;5.555555555555555;420.0;1.0;car;280;;residential;677356115;LINESTRING( 630625.1699283795 4802059.910970966, 630590.2422271144 4802076.156610146 )
1631;6342430414;6342431665;336.940167543277;5.555555555555555;420.0;1.0;car;38;;residential;677356115;LINESTRING( 630625.1699283795 4802059.910970966, 630929.8330986613 4801921.586275881 )
1632;6342431665;6342430414;336.940167543277;5.555555555555555;420.0;1.0;car;21;;residential;677356115;LINESTRING( 630929.8330986613 4801921.586275881, 630625.1699283795 4802059.910970966 )
1633;3751677993;10211647343;15.84668436786932;8.333333333333334;1500.0;2.0;car;4177;;secondary;1396181302;LINESTRING( 633190.310721973 4804072.51105751, 633206.115188517 4804073.66701716 )
1634;10211647343;3751677993;15.84668436786932;8.333333333333334;1500.0;2.0;car;4077;;secondary;1396181302;LINESTRING( 633206.115188517 4804073.66701716, 633190.310721973 4804072.51105751 )
1635;7007706953;7007692044;152.10166892236865;5.555555555555555;420.0;1.0;car;69;;residential;749367995;LINESTRING( 633578.8320086058 4802645.4708155785, 633711.928957544 4802623.782342108 )
1636;7007692044;7007706953;152.10166892236865;5.555555555555555;420.0;1.0;car;69;;residential;749367995;LINESTRING( 633711.928957544 4802623.782342108, 633578.8320086058 4802645.4708155785 )
1637;7007692044;7007743907;100.12764601198506;5.555555555555555;420.0;1.0;car;34;;residential;749367995;LINESTRING( 633711.928957544 4802623.782342108, 633806.8502167949 4802595.441117168 )
1638;7007743907;7007692044;100.12764601198506;5.555555555555555;420.0;1.0;car;34;;residential;749367995;LINESTRING( 633806.8502167949 4802595.441117168, 633711.928957544 4802623.782342108 )
1639;7007743907;7007726719;64.81421030898345;5.555555555555555;420.0;1.0;car;18;;residential;749367995;LINESTRING( 633806.8502167949 4802595.441117168, 633871.6473186426 4802595.102071529 )
164;2397236985;2397236989;13.011823372246079;8.333333333333334;750.0;1.0;car;553;;secondary;1233850824;LINESTRING( 632161.0195536983 4804636.144022397, 632170.3803246247 4804645.181915687 )
1640;7007726719;7007743907;64.81421030898345;5.555555555555555;420.0;1.0;car;18;;residential;749367995;LINESTRING( 633871.6473186426 4802595.102071529, 633806.8502167949 4802595.441117168 )
1641;4800156844;4800158649;211.9060069902761;5.555555555555555;420.0;1.0;car;121;;residential;487560989;LINESTRING( 632183.3846874693 4802745.780588441, 632186.548545779 4802539.650988966 )
1642;4800158649;4800156844;211.9060069902761;5.555555555555555;420.0;1.0;car;135;;residential;487560989;LINESTRING( 632186.548545779 4802539.650988966, 632183.3846874693 4802745.780588441 )
1643;10595531657;10595531666;1093.553784187231;5.555555555555555;420.0;1.0;car;634;;unclassified;1446666286;LINESTRING( 629902.036036743 4803018.0597762605, 630620.782081291 4803826.019863778 )
1644;10595531666;10595531657;1093.553784187231;5.555555555555555;420.0;1.0;car;634;;unclassified;1446666286;LINESTRING( 630620.782081291 4803826.019863778, 629902.036036743 4803018.0597762605 )
1647;6342430413;6342424650;68.68109356100169;5.555555555555555;420.0;1.0;car;291;;unclassified;677356105;LINESTRING( 630687.2766792172 4802177.932337681, 630654.7075087611 4802117.464645906 )
1648;6342424650;6342430413;68.68109356100169;5.555555555555555;420.0;1.0;car;45;;unclassified;677356105;LINESTRING( 630654.7075087611 4802117.464645906, 630687.2766792172 4802177.932337681 )
1649;6342424650;6342430414;64.6907578708252;5.555555555555555;420.0;1.0;car;285;;unclassified;677356105;LINESTRING( 630654.7075087611 4802117.464645906, 630625.1699283795 4802059.910970966 )
165;2397236989;2397236985;13.011823372246079;8.333333333333334;750.0;1.0;car;456;;secondary;1233850824;LINESTRING( 632170.3803246247 4804645.181915687, 632161.0195536983 4804636.144022397 )
1650;6342430414;6342424650;64.6907578708252;5.555555555555555;420.0;1.0;car;14;;unclassified;677356105;LINESTRING( 630625.1699283795 4802059.910970966, 630654.7075087611 4802117.464645906 )
1651;5244147142;3795446064;59.07789429894686;5.555555555555555;420.0;1.0;car;16;;residential;1446666285;LINESTRING( 630576.296519435 4803596.29473209, 630616.1624007309 4803639.894148408 )
1652;3795446064;5244147142;59.07789429894686;5.555555555555555;420.0;1.0;car;16;;residential;1446666285;LINESTRING( 630616.1624007309 4803639.894148408, 630576.296519435 4803596.29473209 )
1653;4800189364;6342389180;174.42976892943798;5.555555555555555;420.0;1.0;car;287;;residential;487565103;LINESTRING( 631935.0255869355 4802979.760557503, 631781.6503936442 4803062.837596279 )
1654;6342389180;4800189364;174.42976892943798;5.555555555555555;420.0;1.0;car;276;;residential;487565103;LINESTRING( 631781.6503936442 4803062.837596279, 631935.0255869355 4802979.760557503 )
1655;10593381849;6344348113;28.443736212827577;5.555555555555555;420.0;1.0;car;192;;unclassified;1145447012;LINESTRING( 633426.1283034246 4803792.788381374, 633408.6816596655 4803815.253036976 )
1656;6344348113;10593381849;28.443736212827577;5.555555555555555;420.0;1.0;car;90;;unclassified;1145447012;LINESTRING( 633408.6816596655 4803815.253036976, 633426.1283034246 4803792.788381374 )
1657;10659790479;10593381849;20.9175519865246;5.555555555555555;420.0;1.0;car;191;;unclassified;1145447013;LINESTRING( 633435.0440549115 4803773.866083508, 633426.1283034246 4803792.788381374 )
1658;10593381849;10659790479;20.9175519865246;5.555555555555555;420.0;1.0;car;89;;unclassified;1145447013;LINESTRING( 633426.1283034246 4803792.788381374, 633435.0440549115 4803773.866083508 )
1659;6344446821;5244146882;72.05573466761251;5.555555555555555;420.0;1.0;car;92;;unclassified;677587527;LINESTRING( 630478.8280117515 4802414.313597706, 630427.2568114903 4802363.990241279 )
166;2397236989;2397237032;155.23387367646083;8.333333333333334;750.0;1.0;car;526;;secondary;1233850824;LINESTRING( 632170.3803246247 4804645.181915687, 632280.5277036107 4804754.472706041 )
1660;5244146882;6344446821;72.05573466761251;5.555555555555555;420.0;1.0;car;98;;unclassified;677587527;LINESTRING( 630427.2568114903 4802363.990241279, 630478.8280117515 4802414.313597706 )
1661;5244146882;6344446819;71.31412901122187;5.555555555555555;420.0;1.0;car;84;;unclassified;677587527;LINESTRING( 630427.2568114903 4802363.990241279, 630377.4982604481 4802312.946799187 )
1662;6344446819;5244146882;71.31412901122187;5.555555555555555;420.0;1.0;car;66;;unclassified;677587527;LINESTRING( 630377.4982604481 4802312.946799187, 630427.2568114903 4802363.990241279 )
1663;7007996493;4833974707;133.90228053691914;5.555555555555555;420.0;1.0;car;24;;residential;749396623;LINESTRING( 634485.0034382537 4804286.932878949, 634435.8846246802 4804162.36497423 )
1664;4833974707;7007996493;133.90228053691914;5.555555555555555;420.0;1.0;car;24;;residential;749396623;LINESTRING( 634435.8846246802 4804162.36497423, 634485.0034382537 4804286.932878949 )
1665;4833974707;7007995892;217.52295226638813;5.555555555555555;420.0;1.0;car;143;;residential;749396623;LINESTRING( 634435.8846246802 4804162.36497423, 634359.5838627212 4803958.663161554 )
1666;7007995892;4833974707;217.52295226638813;5.555555555555555;420.0;1.0;car;113;;residential;749396623;LINESTRING( 634359.5838627212 4803958.663161554, 634435.8846246802 4804162.36497423 )
1667;7007995892;10211164477;156.12360758956703;5.555555555555555;420.0;1.0;car;143;;residential;749396623;LINESTRING( 634359.5838627212 4803958.663161554, 634302.8843353385 4803813.202965945 )
1668;10211164477;7007995892;156.12360758956703;5.555555555555555;420.0;1.0;car;103;;residential;749396623;LINESTRING( 634302.8843353385 4803813.202965945, 634359.5838627212 4803958.663161554 )
1669;10211164477;7007995891;29.392763678598747;5.555555555555555;420.0;1.0;car;67;;residential;749396623;LINESTRING( 634302.8843353385 4803813.202965945, 634292.3509192817 4803785.762453872 )
167;2397237032;2397236989;155.23387367646083;8.333333333333334;750.0;1.0;car;286;;secondary;1233850824;LINESTRING( 632280.5277036107 4804754.472706041, 632170.3803246247 4804645.181915687 )
1670;7007995891;10211164477;29.392763678598747;5.555555555555555;420.0;1.0;car;107;;residential;749396623;LINESTRING( 634292.3509192817 4803785.762453872, 634302.8843353385 4803813.202965945 )
1671;4833982921;10211164476;54.4922205228551;19.444444444444443;1275.0;1.0;car;3104;;primary;1229243233;LINESTRING( 634122.5651138894 4803833.363674902, 634175.0336086431 4803818.651123941 )
1672;10211164476;4833982921;54.4922205228551;19.444444444444443;1275.0;1.0;car;3401;;primary;1229243233;LINESTRING( 634175.0336086431 4803818.651123941, 634122.5651138894 4803833.363674902 )
1673;10211164476;10211164478;88.94795025355859;19.444444444444443;1275.0;1.0;car;3095;;primary;1229243233;LINESTRING( 634175.0336086431 4803818.651123941, 634260.6803692639 4803794.643411649 )
1674;10211164478;10211164476;88.94795025355859;19.444444444444443;1275.0;1.0;car;3290;;primary;1229243233;LINESTRING( 634260.6803692639 4803794.643411649, 634175.0336086431 4803818.651123941 )
1675;10211164478;7007995891;32.89217553427538;19.444444444444443;1275.0;1.0;car;3052;;primary;1229243233;LINESTRING( 634260.6803692639 4803794.643411649, 634292.3509192817 4803785.762453872 )
1676;7007995891;10211164478;32.89217553427538;19.444444444444443;1275.0;1.0;car;3271;;primary;1229243233;LINESTRING( 634292.3509192817 4803785.762453872, 634260.6803692639 4803794.643411649 )
1677;7007995891;4833976447;95.711389570036;19.444444444444443;1275.0;1.0;car;2961;;primary;1229243233;LINESTRING( 634292.3509192817 4803785.762453872, 634384.5104060497 4803759.930320934 )
1678;4833976447;7007995891;95.711389570036;19.444444444444443;1275.0;1.0;car;3220;;primary;1229243233;LINESTRING( 634384.5104060497 4803759.930320934, 634292.3509192817 4803785.762453872 )
1679;4833976447;7008012873;115.68811422123296;19.444444444444443;1275.0;1.0;car;2810;;primary;1229243233;LINESTRING( 634384.5104060497 4803759.930320934, 634495.9048196629 4803728.704940427 )
168;2397237032;2397237057;129.3325138207646;8.333333333333334;750.0;1.0;car;533;;secondary;1233850824;LINESTRING( 632280.5277036107 4804754.472706041, 632373.4505690172 4804844.4295858 )
1680;7008012873;4833976447;115.68811422123296;19.444444444444443;1275.0;1.0;car;2967;;primary;1229243233;LINESTRING( 634495.9048196629 4803728.704940427, 634384.5104060497 4803759.930320934 )
1681;7008012873;10211164488;93.47038313037655;19.444444444444443;1275.0;1.0;car;2428;;primary;1229243233;LINESTRING( 634495.9048196629 4803728.704940427, 634585.9062620109 4803703.476926841 )
1682;10211164488;7008012873;93.47038313037655;19.444444444444443;1275.0;1.0;car;2787;;primary;1229243233;LINESTRING( 634585.9062620109 4803703.476926841, 634495.9048196629 4803728.704940427 )
1683;10211164488;7008007473;99.25826753790696;19.444444444444443;1275.0;1.0;car;2401;;primary;1229243233;LINESTRING( 634585.9062620109 4803703.476926841, 634681.4830087768 4803676.694672814 )
1684;7008007473;10211164488;99.25826753790696;19.444444444444443;1275.0;1.0;car;2571;;primary;1229243233;LINESTRING( 634681.4830087768 4803676.694672814, 634585.9062620109 4803703.476926841 )
1685;7008007473;7008032224;52.38542857019541;19.444444444444443;1275.0;1.0;car;2242;;primary;1229243233;LINESTRING( 634681.4830087768 4803676.694672814, 634731.9246534489 4803662.557007515 )
1686;7008032224;7008007473;52.38542857019541;19.444444444444443;1275.0;1.0;car;2444;;primary;1229243233;LINESTRING( 634731.9246534489 4803662.557007515, 634681.4830087768 4803676.694672814 )
1687;7008032224;7008032228;90.8637969050274;19.444444444444443;1275.0;1.0;car;2145;;primary;1229243233;LINESTRING( 634731.9246534489 4803662.557007515, 634819.4176464101 4803638.037509981 )
1688;7008032228;7008032224;90.8637969050274;19.444444444444443;1275.0;1.0;car;2361;;primary;1229243233;LINESTRING( 634819.4176464101 4803638.037509981, 634731.9246534489 4803662.557007515 )
1689;7008032228;7008060129;77.9555279269032;19.444444444444443;1275.0;1.0;car;2104;;primary;1229243233;LINESTRING( 634819.4176464101 4803638.037509981, 634894.4820006114 4803617.004036462 )
169;2397237057;2397237032;129.3325138207646;8.333333333333334;750.0;1.0;car;293;;secondary;1233850824;LINESTRING( 632373.4505690172 4804844.4295858, 632280.5277036107 4804754.472706041 )
1690;7008060129;7008032228;77.9555279269032;19.444444444444443;1275.0;1.0;car;2268;;primary;1229243233;LINESTRING( 634894.4820006114 4803617.004036462, 634819.4176464101 4803638.037509981 )
1691;7008060129;4833980807;74.73831748981614;19.444444444444443;1275.0;1.0;car;1910;;primary;1229243233;LINESTRING( 634894.4820006114 4803617.004036462, 634966.4496324323 4803596.842784733 )
1692;4833980807;7008060129;74.73831748981614;19.444444444444443;1275.0;1.0;car;2206;;primary;1229243233;LINESTRING( 634966.4496324323 4803596.842784733, 634894.4820006114 4803617.004036462 )
1693;4833980807;7007986887;40.40000588928247;19.444444444444443;1275.0;1.0;car;1877;;primary;1229243233;LINESTRING( 634966.4496324323 4803596.842784733, 635005.3515065531 4803585.943029426 )
1694;7007986887;4833980807;40.40000588928247;19.444444444444443;1275.0;1.0;car;2178;;primary;1229243233;LINESTRING( 635005.3515065531 4803585.943029426, 634966.4496324323 4803596.842784733 )
1695;7007986887;4833978117;40.003374107816484;19.444444444444443;1275.0;1.0;car;1428;;primary;1229243233;LINESTRING( 635005.3515065531 4803585.943029426, 635043.8705210363 4803575.146943874 )
1696;4833978117;7007986887;40.003374107816484;19.444444444444443;1275.0;1.0;car;1826;;primary;1229243233;LINESTRING( 635043.8705210363 4803575.146943874, 635005.3515065531 4803585.943029426 )
1697;4833978117;10600535062;90.11890772770717;19.444444444444443;1275.0;1.0;car;1374;;primary;1229243233;LINESTRING( 635043.8705210363 4803575.146943874, 635130.6334508219 4803550.783443415 )
1698;10600535062;4833978117;90.11890772770717;19.444444444444443;1275.0;1.0;car;1645;;primary;1229243233;LINESTRING( 635130.6334508219 4803550.783443415, 635043.8705210363 4803575.146943874 )
1699;10600535062;7007982393;259.1887474986269;19.444444444444443;1275.0;1.0;car;1417;;primary;1229243233;LINESTRING( 635130.6334508219 4803550.783443415, 635379.743594692 4803479.208705896 )
17;4797646796;4797651866;95.27247891020211;5.555555555555555;420.0;1.0;car;186;;residential;677207131;LINESTRING( 632443.3874939044 4803394.310642297, 632455.2235378041 4803488.845045043 )
170;2397237057;2397237076;132.16267728802106;8.333333333333334;750.0;1.0;car;547;;secondary;1233850824;LINESTRING( 632373.4505690172 4804844.4295858, 632483.338024301 4804917.066618361 )
1700;7007982393;10600535062;259.1887474986269;19.444444444444443;1275.0;1.0;car;1626;;primary;1229243233;LINESTRING( 635379.743594692 4803479.208705896, 635130.6334508219 4803550.783443415 )
1701;7007982393;5923638565;402.94450764429746;19.444444444444443;1275.0;1.0;car;1381;;primary;1229243233;LINESTRING( 635379.743594692 4803479.208705896, 635767.0214778627 4803367.942729751 )
1702;5923638565;7007982393;402.94450764429746;19.444444444444443;1275.0;1.0;car;1493;;primary;1229243233;LINESTRING( 635767.0214778627 4803367.942729751, 635379.743594692 4803479.208705896 )
1703;5923638565;13254968094;479.08820266596643;19.444444444444443;1275.0;1.0;car;1386;;primary;1229243233;LINESTRING( 635767.0214778627 4803367.942729751, 636228.0498265277 4803237.641664287 )
1704;13254968094;5923638565;479.08820266596643;19.444444444444443;1275.0;1.0;car;1386;;primary;1229243233;LINESTRING( 636228.0498265277 4803237.641664287, 635767.0214778627 4803367.942729751 )
1705;7007982393;7007961369;59.09478593561731;5.555555555555555;420.0;1.0;car;39;;residential;749394573;LINESTRING( 635379.743594692 4803479.208705896, 635357.5767126372 4803425.790799498 )
1706;7007961369;7007982393;59.09478593561731;5.555555555555555;420.0;1.0;car;136;;residential;749394573;LINESTRING( 635357.5767126372 4803425.790799498, 635379.743594692 4803479.208705896 )
1707;7007961369;7007982395;66.74351945362493;5.555555555555555;420.0;1.0;car;132;;residential;749394573;LINESTRING( 635357.5767126372 4803425.790799498, 635342.7870351411 4803360.9438173445 )
1708;7007982395;7007961369;66.74351945362493;5.555555555555555;420.0;1.0;car;132;;residential;749394573;LINESTRING( 635342.7870351411 4803360.9438173445, 635357.5767126372 4803425.790799498 )
1709;4797624214;4797624215;440.348954622601;5.555555555555555;420.0;1.0;car;660;;residential;487256866;LINESTRING( 632438.373890379 4803690.218434304, 632872.5901831454 4803642.725991067 )
171;2397237076;2397237057;132.16267728802106;8.333333333333334;750.0;1.0;car;475;;secondary;1233850824;LINESTRING( 632483.338024301 4804917.066618361, 632373.4505690172 4804844.4295858 )
1710;4797624215;4797624214;440.348954622601;5.555555555555555;420.0;1.0;car;138;;residential;487256866;LINESTRING( 632872.5901831454 4803642.725991067, 632438.373890379 4803690.218434304 )
1711;12922934530;10211647343;105.58444022032671;12.5;1200.0;1.0;car;1404;;trunk_link;1259091234;LINESTRING( 633263.2904702995 4804150.854665212, 633206.115188517 4804073.66701716 )
1712;5730439381;6344445999;32.98848737996294;5.555555555555555;420.0;1.0;car;13;;unclassified;677587536;LINESTRING( 630347.3856786975 4802338.952126474, 630370.4957994552 4802315.411467643 )
1713;6344445999;5730439381;32.98848737996294;5.555555555555555;420.0;1.0;car;25;;unclassified;677587536;LINESTRING( 630370.4957994552 4802315.411467643, 630347.3856786975 4802338.952126474 )
1714;6344445999;6344446819;7.423547033414051;5.555555555555555;420.0;1.0;car;30;;unclassified;677587536;LINESTRING( 630370.4957994552 4802315.411467643, 630377.4982604481 4802312.946799187 )
1715;6344446819;6344445999;7.423547033414051;5.555555555555555;420.0;1.0;car;33;;unclassified;677587536;LINESTRING( 630377.4982604481 4802312.946799187, 630370.4957994552 4802315.411467643 )
1716;4833978117;4833978118;309.390118230946;5.555555555555555;420.0;1.0;car;61;;residential;491257715;LINESTRING( 635043.8705210363 4803575.146943874, 635162.2533436959 4803860.992623495 )
1717;4833978118;4833978117;309.390118230946;5.555555555555555;420.0;1.0;car;188;;residential;491257715;LINESTRING( 635162.2533436959 4803860.992623495, 635043.8705210363 4803575.146943874 )
1718;4833978118;5937710501;660.5494393902363;5.555555555555555;420.0;1.0;car;151;;residential;491257715;LINESTRING( 635162.2533436959 4803860.992623495, 635393.5326088029 4804478.000863114 )
1719;5937710501;4833978118;660.5494393902363;5.555555555555555;420.0;1.0;car;170;;residential;491257715;LINESTRING( 635393.5326088029 4804478.000863114, 635162.2533436959 4803860.992623495 )
172;2397237076;13180660484;15.245872787402506;8.333333333333334;750.0;1.0;car;548;;secondary;1233850824;LINESTRING( 632483.338024301 4804917.066618361, 632496.8195270672 4804924.186008799 )
1720;5937710501;5923638539;434.91906960447113;5.555555555555555;420.0;1.0;car;60;;residential;491257715;LINESTRING( 635393.5326088029 4804478.000863114, 635533.8794118369 4804889.652866612 )
1721;5923638539;5937710501;434.91906960447113;5.555555555555555;420.0;1.0;car;76;;residential;491257715;LINESTRING( 635533.8794118369 4804889.652866612, 635393.5326088029 4804478.000863114 )
1722;10211164484;10211164479;156.58532478567025;5.555555555555555;420.0;1.0;car;50;;residential;1116432575;LINESTRING( 634333.8004568771 4803966.183165946, 634273.1970022186 4803821.801085265 )
1723;10211164479;10211164484;156.58532478567025;5.555555555555555;420.0;1.0;car;52;;residential;1116432575;LINESTRING( 634273.1970022186 4803821.801085265, 634333.8004568771 4803966.183165946 )
1724;10211164479;10211164478;29.90326632249354;5.555555555555555;420.0;1.0;car;24;;residential;1116432575;LINESTRING( 634273.1970022186 4803821.801085265, 634260.6803692639 4803794.643411649 )
1725;10211164478;10211164479;29.90326632249354;5.555555555555555;420.0;1.0;car;48;;residential;1116432575;LINESTRING( 634260.6803692639 4803794.643411649, 634273.1970022186 4803821.801085265 )
1726;4833973727;5937710505;424.0685011575843;5.555555555555555;420.0;1.0;car;53;;residential;491257714;LINESTRING( 635001.306017204 4805067.395581301, 634849.1001124209 4804671.606643012 )
1727;5937710505;4833973727;424.0685011575843;5.555555555555555;420.0;1.0;car;21;;residential;491257714;LINESTRING( 634849.1001124209 4804671.606643012, 635001.306017204 4805067.395581301 )
1728;5937710505;10724730995;145.2478178338128;5.555555555555555;420.0;1.0;car;49;;residential;491257714;LINESTRING( 634849.1001124209 4804671.606643012, 634802.6094181093 4804534.000160868 )
1729;10724730995;5937710505;145.2478178338128;5.555555555555555;420.0;1.0;car;85;;residential;491257714;LINESTRING( 634802.6094181093 4804534.000160868, 634849.1001124209 4804671.606643012 )
173;13180660484;2397237076;15.245872787402506;8.333333333333334;750.0;1.0;car;450;;secondary;1233850824;LINESTRING( 632496.8195270672 4804924.186008799, 632483.338024301 4804917.066618361 )
1730;10724730995;4833978172;482.2878124505809;5.555555555555555;420.0;1.0;car;142;;residential;491257714;LINESTRING( 634802.6094181093 4804534.000160868, 634629.6789314537 4804083.78600466 )
1731;4833978172;10724730995;482.2878124505809;5.555555555555555;420.0;1.0;car;243;;residential;491257714;LINESTRING( 634629.6789314537 4804083.78600466, 634802.6094181093 4804534.000160868 )
1732;4833978172;7008012873;379.50448601743767;5.555555555555555;420.0;1.0;car;198;;residential;491257714;LINESTRING( 634629.6789314537 4804083.78600466, 634495.9048196629 4803728.704940427 )
1733;7008012873;4833978172;379.50448601743767;5.555555555555555;420.0;1.0;car;400;;residential;491257714;LINESTRING( 634495.9048196629 4803728.704940427, 634629.6789314537 4804083.78600466 )
1734;10211164479;10211164477;30.90736811214835;5.555555555555555;420.0;1.0;car;0;;residential;1116432574;LINESTRING( 634273.1970022186 4803821.801085265, 634302.8843353385 4803813.202965945 )
1735;10211164477;10211164479;30.90736811214835;5.555555555555555;420.0;1.0;car;80;;residential;1116432574;LINESTRING( 634302.8843353385 4803813.202965945, 634273.1970022186 4803821.801085265 )
1736;10211164476;10211164479;107.75912741589053;5.555555555555555;420.0;1.0;car;6;;residential;1116432573;LINESTRING( 634175.0336086431 4803818.651123941, 634273.1970022186 4803821.801085265 )
1737;10211164479;10211164476;107.75912741589053;5.555555555555555;420.0;1.0;car;108;;residential;1116432573;LINESTRING( 634273.1970022186 4803821.801085265, 634175.0336086431 4803818.651123941 )
1738;10595531653;10595531654;66.01697857215692;5.555555555555555;420.0;1.0;car;3;;unclassified;1136619911;LINESTRING( 630024.523097762 4802976.208872856, 629966.2658532935 4803007.262615412 )
1739;10595531654;10595531653;66.01697857215692;5.555555555555555;420.0;1.0;car;3;;unclassified;1136619911;LINESTRING( 629966.2658532935 4803007.262615412, 630024.523097762 4802976.208872856 )
174;13180660484;2397237093;178.12368702311326;8.333333333333334;750.0;1.0;car;34;;secondary;1233850824;LINESTRING( 632496.8195270672 4804924.186008799, 632651.5152682002 4805012.003788076 )
1740;2679393245;7007681288;104.67951541167835;5.555555555555555;420.0;1.0;car;20;;residential;749362835;LINESTRING( 633873.0269202276 4804613.405886269, 633775.7772883275 4804636.721624725 )
1741;7007681288;2679393245;104.67951541167835;5.555555555555555;420.0;1.0;car;3;;residential;749362835;LINESTRING( 633775.7772883275 4804636.721624725, 633873.0269202276 4804613.405886269 )
1742;2015570251;2015570237;269.5783163655473;5.555555555555555;420.0;1.0;car;48;;residential;190969121;LINESTRING( 630390.053348975 4803423.827061032, 630592.9313194582 4803246.308054311 )
1743;2015570237;2015570251;269.5783163655473;5.555555555555555;420.0;1.0;car;3;;residential;190969121;LINESTRING( 630592.9313194582 4803246.308054311, 630390.053348975 4803423.827061032 )
1744;10583214511;10583214510;75.61784735613183;5.555555555555555;420.0;1.0;car;10;;residential;1135347180;LINESTRING( 631130.6759978691 4802841.885309279, 631179.4760048152 4802899.648776634 )
1745;10583214510;10583214511;75.61784735613183;5.555555555555555;420.0;1.0;car;10;;residential;1135347180;LINESTRING( 631179.4760048152 4802899.648776634, 631130.6759978691 4802841.885309279 )
1746;2015570238;2015570229;192.05574444517933;5.555555555555555;420.0;1.0;car;40;;residential;190969120;LINESTRING( 630918.0303209574 4803254.053717579, 631076.9122584686 4803146.155900608 )
1747;2015570229;2015570238;192.05574444517933;5.555555555555555;420.0;1.0;car;13;;residential;190969120;LINESTRING( 631076.9122584686 4803146.155900608, 630918.0303209574 4803254.053717579 )
1748;4800159501;4800170995;66.235970536105;5.555555555555555;420.0;1.0;car;930;;residential;535604653;LINESTRING( 631716.0259963281 4801657.407815366, 631653.9402119375 4801680.485058907 )
1749;4800170995;4800159501;66.235970536105;5.555555555555555;420.0;1.0;car;843;;residential;535604653;LINESTRING( 631653.9402119375 4801680.485058907, 631716.0259963281 4801657.407815366 )
175;2397237093;13180660484;178.12368702311326;8.333333333333334;750.0;1.0;car;27;;secondary;1233850824;LINESTRING( 632651.5152682002 4805012.003788076, 632496.8195270672 4804924.186008799 )
1750;4800170995;4800163834;91.36375080899137;5.555555555555555;420.0;1.0;car;901;;residential;535604653;LINESTRING( 631653.9402119375 4801680.485058907, 631568.3043556256 4801712.32583581 )
1751;4800163834;4800170995;91.36375080899137;5.555555555555555;420.0;1.0;car;854;;residential;535604653;LINESTRING( 631568.3043556256 4801712.32583581, 631653.9402119375 4801680.485058907 )
1752;4800163834;4800144416;73.84212246559208;5.555555555555555;420.0;1.0;car;986;;residential;535604653;LINESTRING( 631568.3043556256 4801712.32583581, 631497.9473788465 4801734.743571394 )
1753;4800144416;4800163834;73.84212246559208;5.555555555555555;420.0;1.0;car;943;;residential;535604653;LINESTRING( 631497.9473788465 4801734.743571394, 631568.3043556256 4801712.32583581 )
1754;2015570230;2015570226;187.49996163243185;5.555555555555555;420.0;1.0;car;27;;residential;190969123;LINESTRING( 630868.157842271 4803164.230154004, 631025.83018104 4803062.76257692 )
1755;2015570226;2015570230;187.49996163243185;5.555555555555555;420.0;1.0;car;9;;residential;190969123;LINESTRING( 631025.83018104 4803062.76257692, 630868.157842271 4803164.230154004 )
1756;2015570236;2015570231;87.95458760585707;5.555555555555555;420.0;1.0;car;11;;residential;190969122;LINESTRING( 630787.5996633583 4803239.751599816, 630739.2653249315 4803166.268260141 )
1757;2015570231;2015570236;87.95458760585707;5.555555555555555;420.0;1.0;car;7;;residential;190969122;LINESTRING( 630739.2653249315 4803166.268260141, 630787.5996633583 4803239.751599816 )
1758;2015570258;2015570249;231.05154259119016;5.555555555555555;420.0;1.0;car;84;;residential;190969125;LINESTRING( 630523.4459150468 4803538.8905976685, 630716.5282145555 4803412.358575432 )
1759;2015570249;2015570258;231.05154259119016;5.555555555555555;420.0;1.0;car;161;;residential;190969125;LINESTRING( 630716.5282145555 4803412.358575432, 630523.4459150468 4803538.8905976685 )
176;2397237093;2397237105;108.81901407610322;8.333333333333334;750.0;1.0;car;321;;secondary;1233850824;LINESTRING( 632651.5152682002 4805012.003788076, 632734.4827809271 4805082.416639577 )
1760;2015570249;2015570239;254.93645246486588;5.555555555555555;420.0;1.0;car;58;;residential;190969125;LINESTRING( 630716.5282145555 4803412.358575432, 630923.3068634064 4803263.243904206 )
1761;2015570239;2015570249;254.93645246486588;5.555555555555555;420.0;1.0;car;185;;residential;190969125;LINESTRING( 630923.3068634064 4803263.243904206, 630716.5282145555 4803412.358575432 )
1762;12349948857;12759303922;101.18300016960717;12.5;1200.0;1.0;car;412;;trunk_link;1334949333;LINESTRING( 633488.4375078642 4804012.944917617, 633447.6562620604 4804097.109842442 )
1763;2015570280;6493182991;48.14815206922037;5.555555555555555;420.0;1.0;car;419;;residential;190969124;LINESTRING( 630993.7307185645 4803977.247894468, 631033.7587266631 4803951.226772755 )
1764;6493182991;2015570280;48.14815206922037;5.555555555555555;420.0;1.0;car;362;;residential;190969124;LINESTRING( 631033.7587266631 4803951.226772755, 630993.7307185645 4803977.247894468 )
1765;2015570243;5190977844;110.44101256258264;5.555555555555555;420.0;1.0;car;14;;residential;190969127;LINESTRING( 630270.5709618321 4803301.6797217745, 630353.1310618574 4803228.324100724 )
1766;5190977844;2015570243;110.44101256258264;5.555555555555555;420.0;1.0;car;13;;residential;190969127;LINESTRING( 630353.1310618574 4803228.324100724, 630270.5709618321 4803301.6797217745 )
1767;5190977844;5190977754;87.36572700314824;5.555555555555555;420.0;1.0;car;22;;residential;190969127;LINESTRING( 630353.1310618574 4803228.324100724, 630418.4971037264 4803170.3581553325 )
1768;5190977754;5190977844;87.36572700314824;5.555555555555555;420.0;1.0;car;43;;residential;190969127;LINESTRING( 630418.4971037264 4803170.3581553325, 630353.1310618574 4803228.324100724 )
1769;5190977754;5190977842;63.05963259996079;5.555555555555555;420.0;1.0;car;55;;residential;190969127;LINESTRING( 630418.4971037264 4803170.3581553325, 630465.5860909777 4803128.4159982195 )
177;2397237105;2397237093;108.81901407610322;8.333333333333334;750.0;1.0;car;208;;secondary;1233850824;LINESTRING( 632734.4827809271 4805082.416639577, 632651.5152682002 4805012.003788076 )
1770;5190977842;5190977754;63.05963259996079;5.555555555555555;420.0;1.0;car;64;;residential;190969127;LINESTRING( 630465.5860909777 4803128.4159982195, 630418.4971037264 4803170.3581553325 )
1771;5190977842;2015570228;30.07169375554962;5.555555555555555;420.0;1.0;car;76;;residential;190969127;LINESTRING( 630465.5860909777 4803128.4159982195, 630488.31182386 4803108.723534635 )
1772;2015570228;5190977842;30.07169375554962;5.555555555555555;420.0;1.0;car;85;;residential;190969127;LINESTRING( 630488.31182386 4803108.723534635, 630465.5860909777 4803128.4159982195 )
1773;2015570228;5190976168;79.38802177526543;5.555555555555555;420.0;1.0;car;65;;residential;190969127;LINESTRING( 630488.31182386 4803108.723534635, 630548.2966848484 4803056.720895725 )
1774;5190976168;2015570228;79.38802177526543;5.555555555555555;420.0;1.0;car;182;;residential;190969127;LINESTRING( 630548.2966848484 4803056.720895725, 630488.31182386 4803108.723534635 )
1775;5190976168;5190976164;108.87479819333211;5.555555555555555;420.0;1.0;car;83;;residential;190969127;LINESTRING( 630548.2966848484 4803056.720895725, 630636.5850547202 4802993.011513159 )
1776;5190976164;5190976168;108.87479819333211;5.555555555555555;420.0;1.0;car;78;;residential;190969127;LINESTRING( 630636.5850547202 4802993.011513159, 630548.2966848484 4803056.720895725 )
1777;5190976164;2015570223;111.102583306475;5.555555555555555;420.0;1.0;car;155;;residential;190969127;LINESTRING( 630636.5850547202 4802993.011513159, 630722.0731828634 4802922.049805429 )
1778;2015570223;5190976164;111.102583306475;5.555555555555555;420.0;1.0;car;137;;residential;190969127;LINESTRING( 630722.0731828634 4802922.049805429, 630636.5850547202 4802993.011513159 )
1779;2015570266;2015570262;183.15232804793044;5.555555555555555;420.0;1.0;car;233;;residential;190969126;LINESTRING( 631168.9175962416 4803675.743742326, 631327.9963613701 4803584.976337634 )
178;2397237105;6344359075;780.6262974002801;8.333333333333334;750.0;1.0;car;169;;secondary;1233850824;LINESTRING( 632734.4827809271 4805082.416639577, 633157.0876413515 4805717.671110868 )
1780;2015570262;2015570266;183.15232804793044;5.555555555555555;420.0;1.0;car;397;;residential;190969126;LINESTRING( 631327.9963613701 4803584.976337634, 631168.9175962416 4803675.743742326 )
1781;2015570262;5244147121;90.44062405990782;5.555555555555555;420.0;1.0;car;265;;residential;190969126;LINESTRING( 631327.9963613701 4803584.976337634, 631406.2441030755 4803539.624409358 )
1782;5244147121;2015570262;90.44062405990782;5.555555555555555;420.0;1.0;car;411;;residential;190969126;LINESTRING( 631406.2441030755 4803539.624409358, 631327.9963613701 4803584.976337634 )
1783;5244147121;2015570254;97.44162092700537;5.555555555555555;420.0;1.0;car;169;;residential;190969126;LINESTRING( 631406.2441030755 4803539.624409358, 631492.1793668992 4803493.689673913 )
1784;2015570254;5244147121;97.44162092700537;5.555555555555555;420.0;1.0;car;393;;residential;190969126;LINESTRING( 631492.1793668992 4803493.689673913, 631406.2441030755 4803539.624409358 )
1785;6344286498;10583214511;116.07068468321032;5.555555555555555;420.0;1.0;car;69;;residential;677571109;LINESTRING( 631037.4465790733 4802910.925478944, 631130.6759978691 4802841.885309279 )
1786;10583214511;6344286498;116.07068468321032;5.555555555555555;420.0;1.0;car;152;;residential;677571109;LINESTRING( 631130.6759978691 4802841.885309279, 631037.4465790733 4802910.925478944 )
1787;10583214511;6344286501;55.04021627542129;5.555555555555555;420.0;1.0;car;50;;residential;677571109;LINESTRING( 631130.6759978691 4802841.885309279, 631175.9916856786 4802810.645689467 )
1788;6344286501;10583214511;55.04021627542129;5.555555555555555;420.0;1.0;car;133;;residential;677571109;LINESTRING( 631175.9916856786 4802810.645689467, 631130.6759978691 4802841.885309279 )
1789;6344286501;6344286503;35.8015843027613;5.555555555555555;420.0;1.0;car;49;;residential;677571109;LINESTRING( 631175.9916856786 4802810.645689467, 631205.9359623996 4802791.295600908 )
179;6344359075;2397237105;780.6262974002801;8.333333333333334;750.0;1.0;car;169;;secondary;1233850824;LINESTRING( 633157.0876413515 4805717.671110868, 632734.4827809271 4805082.416639577 )
1790;6344286503;6344286501;35.8015843027613;5.555555555555555;420.0;1.0;car;48;;residential;677571109;LINESTRING( 631205.9359623996 4802791.295600908, 631175.9916856786 4802810.645689467 )
1791;6344286503;6344286499;8.544920168782557;5.555555555555555;420.0;1.0;car;11;;residential;677571109;LINESTRING( 631205.9359623996 4802791.295600908, 631214.3901691941 4802792.537393228 )
1792;6344286499;6344286503;8.544920168782557;5.555555555555555;420.0;1.0;car;11;;residential;677571109;LINESTRING( 631214.3901691941 4802792.537393228, 631205.9359623996 4802791.295600908 )
1793;12759303922;12349948858;84.92940638960151;12.5;1200.0;1.0;car;1563;;trunk_link;1334949334;LINESTRING( 633447.6562620604 4804097.109842442, 633390.3352258706 4804040.927011766 )
1794;2015570222;2015570219;86.20318856897242;5.555555555555555;420.0;1.0;car;115;;residential;190969129;LINESTRING( 630865.5994966914 4802911.68429517, 630825.3653715019 4802835.446477194 )
1795;2015570219;4797729174;107.27761215085025;5.555555555555555;420.0;1.0;car;128;;residential;190969129;LINESTRING( 630825.3653715019 4802835.446477194, 630776.8580359238 4802739.761972368 )
1796;4797729174;3321563196;72.23974407685085;5.555555555555555;420.0;1.0;car;173;;residential;190969129;LINESTRING( 630776.8580359238 4802739.761972368, 630748.8529363833 4802673.171469862 )
1797;3321563196;4962330109;160.95286792501358;5.555555555555555;420.0;1.0;car;74;;residential;190969129;LINESTRING( 630748.8529363833 4802673.171469862, 630675.2576954993 4802530.029700233 )
1798;4962330109;5244141504;45.95033186728267;5.555555555555555;420.0;1.0;car;107;;residential;190969129;LINESTRING( 630675.2576954993 4802530.029700233, 630653.7600079861 4802489.4183418425 )
1799;5244141504;4962330106;25.183496123238292;5.555555555555555;420.0;1.0;car;103;;residential;190969129;LINESTRING( 630653.7600079861 4802489.4183418425, 630639.5388600711 4802468.634515704 )
18;4797646796;4797651867;94.9750147019636;5.555555555555555;420.0;1.0;car;34;;residential;677207131;LINESTRING( 632443.3874939044 4803394.310642297, 632430.2368501252 4803300.250480774 )
180;12488176401;12488176404;59.165523860363855;5.555555555555555;420.0;1.0;car;41;;unclassified;1349959731;LINESTRING( 634013.6372831527 4801214.067056618, 634062.9406100223 4801246.719383352 )
1801;11237649759;10578216771;22.06191663743997;5.555555555555555;420.0;1.0;car;15;;unclassified;1212952068;LINESTRING( 631074.5717484576 4801967.719762193, 631094.4770356263 4801976.293763234 )
1802;10578216771;11237649759;22.06191663743997;5.555555555555555;420.0;1.0;car;24;;unclassified;1212952068;LINESTRING( 631094.4770356263 4801976.293763234, 631074.5717484576 4801967.719762193 )
1803;2015570298;2015570297;64.96366426365883;5.555555555555555;420.0;1.0;car;78;;residential;190969128;LINESTRING( 631506.8024613343 4804258.033248759, 631473.7371988997 4804203.172709793 )
1804;2015570297;2015570298;64.96366426365883;5.555555555555555;420.0;1.0;car;78;;residential;190969128;LINESTRING( 631473.7371988997 4804203.172709793, 631506.8024613343 4804258.033248759 )
1805;2015570297;1844618290;68.96177170450434;5.555555555555555;420.0;1.0;car;365;;residential;190969128;LINESTRING( 631473.7371988997 4804203.172709793, 631442.1828008512 4804141.853496487 )
1806;1844618290;2015570297;68.96177170450434;5.555555555555555;420.0;1.0;car;118;;residential;190969128;LINESTRING( 631442.1828008512 4804141.853496487, 631473.7371988997 4804203.172709793 )
1807;2843407134;2015570287;107.72569940058382;5.555555555555555;420.0;1.0;car;94;;residential;190969131;LINESTRING( 631749.9270775281 4804191.321549898, 631728.2077497455 4804085.808057339 )
1808;2015570287;2843407134;107.72569940058382;5.555555555555555;420.0;1.0;car;37;;residential;190969131;LINESTRING( 631728.2077497455 4804085.808057339, 631749.9270775281 4804191.321549898 )
1809;2015570287;2015570282;83.41007473355597;5.555555555555555;420.0;1.0;car;194;;residential;190969131;LINESTRING( 631728.2077497455 4804085.808057339, 631704.8408830981 4804005.737899913 )
181;12488176404;12488176401;59.165523860363855;5.555555555555555;420.0;1.0;car;40;;unclassified;1349959731;LINESTRING( 634062.9406100223 4801246.719383352, 634013.6372831527 4801214.067056618 )
1810;2015570282;2015570287;83.41007473355597;5.555555555555555;420.0;1.0;car;68;;residential;190969131;LINESTRING( 631704.8408830981 4804005.737899913, 631728.2077497455 4804085.808057339 )
1811;2015570282;1411867092;127.86800363274342;5.555555555555555;420.0;1.0;car;287;;residential;190969131;LINESTRING( 631704.8408830981 4804005.737899913, 631661.6495594382 4803885.385351484 )
1812;1411867092;2015570282;127.86800363274342;5.555555555555555;420.0;1.0;car;108;;residential;190969131;LINESTRING( 631661.6495594382 4803885.385351484, 631704.8408830981 4804005.737899913 )
1813;7008050689;10211164488;26.595332790587157;5.555555555555555;420.0;1.0;car;225;;residential;1116432577;LINESTRING( 634594.8002483586 4803728.541019346, 634585.9062620109 4803703.476926841 )
1814;10211164488;7008050689;26.595332790587157;5.555555555555555;420.0;1.0;car;36;;residential;1116432577;LINESTRING( 634585.9062620109 4803703.476926841, 634594.8002483586 4803728.541019346 )
1815;6344438230;2015570290;269.414637621566;5.555555555555555;420.0;1.0;car;97;;residential;190969130;LINESTRING( 631234.0872025202 4804218.444547937, 631438.785788888 4804134.432565512 )
1816;2015570290;6344438230;269.414637621566;5.555555555555555;420.0;1.0;car;97;;residential;190969130;LINESTRING( 631438.785788888 4804134.432565512, 631234.0872025202 4804218.444547937 )
1817;10211164472;7007995892;101.97205059356416;5.555555555555555;420.0;1.0;car;12;;residential;1116432576;LINESTRING( 634454.0422006395 4803920.24543778, 634359.5838627212 4803958.663161554 )
1818;7007995892;10211164472;101.97205059356416;5.555555555555555;420.0;1.0;car;4;;residential;1116432576;LINESTRING( 634359.5838627212 4803958.663161554, 634454.0422006395 4803920.24543778 )
1819;7007995892;10211164484;26.85767084044059;5.555555555555555;420.0;1.0;car;16;;residential;1116432576;LINESTRING( 634359.5838627212 4803958.663161554, 634333.8004568771 4803966.183165946 )
182;12488176404;12488176408;57.1541633940104;5.555555555555555;420.0;1.0;car;60;;unclassified;1349959731;LINESTRING( 634062.9406100223 4801246.719383352, 634111.8366320746 4801276.175397223 )
1820;10211164484;7007995892;26.85767084044059;5.555555555555555;420.0;1.0;car;18;;residential;1116432576;LINESTRING( 634333.8004568771 4803966.183165946, 634359.5838627212 4803958.663161554 )
1821;10211164484;10211164482;37.888120477048396;5.555555555555555;420.0;1.0;car;38;;residential;1116432576;LINESTRING( 634333.8004568771 4803966.183165946, 634302.7575005841 4803985.93106263 )
1822;10211164482;10211164484;37.888120477048396;5.555555555555555;420.0;1.0;car;38;;residential;1116432576;LINESTRING( 634302.7575005841 4803985.93106263, 634333.8004568771 4803966.183165946 )
1823;10211164482;10211164480;33.76470653723406;5.555555555555555;420.0;1.0;car;9;;residential;1116432576;LINESTRING( 634302.7575005841 4803985.93106263, 634315.8371550438 4804016.944175692 )
1824;10211164480;10211164482;33.76470653723406;5.555555555555555;420.0;1.0;car;9;;residential;1116432576;LINESTRING( 634315.8371550438 4804016.944175692, 634302.7575005841 4803985.93106263 )
1825;5244147137;2015570282;177.26887641763113;5.555555555555555;420.0;1.0;car;110;;residential;190969133;LINESTRING( 631875.8246462585 4803967.310484895, 631704.8408830981 4804005.737899913 )
1826;2015570282;5244147137;177.26887641763113;5.555555555555555;420.0;1.0;car;77;;residential;190969133;LINESTRING( 631704.8408830981 4804005.737899913, 631875.8246462585 4803967.310484895 )
1827;2015570282;2015570288;168.25967777753897;5.555555555555555;420.0;1.0;car;100;;residential;190969133;LINESTRING( 631704.8408830981 4804005.737899913, 631555.1931239703 4804082.659076151 )
1828;2015570288;2015570282;168.25967777753897;5.555555555555555;420.0;1.0;car;120;;residential;190969133;LINESTRING( 631555.1931239703 4804082.659076151, 631704.8408830981 4804005.737899913 )
1829;2015570288;1844618290;127.57473311898516;5.555555555555555;420.0;1.0;car;96;;residential;190969133;LINESTRING( 631555.1931239703 4804082.659076151, 631442.1828008512 4804141.853496487 )
183;12488176408;12488176404;57.1541633940104;5.555555555555555;420.0;1.0;car;48;;unclassified;1349959731;LINESTRING( 634111.8366320746 4801276.175397223, 634062.9406100223 4801246.719383352 )
1830;1844618290;2015570288;127.57473311898516;5.555555555555555;420.0;1.0;car;122;;residential;190969133;LINESTRING( 631442.1828008512 4804141.853496487, 631555.1931239703 4804082.659076151 )
1831;2015570225;10595524686;61.81294614157092;5.555555555555555;420.0;1.0;car;137;;residential;190969132;LINESTRING( 630769.9677151076 4802999.101811252, 630722.3176523196 4803038.475810629 )
1832;10595524686;2015570225;61.81294614157092;5.555555555555555;420.0;1.0;car;161;;residential;190969132;LINESTRING( 630722.3176523196 4803038.475810629, 630769.9677151076 4802999.101811252 )
1833;10595524686;2015570232;226.52321072678114;5.555555555555555;420.0;1.0;car;120;;residential;190969132;LINESTRING( 630722.3176523196 4803038.475810629, 630547.701524096 4803182.774018387 )
1834;2015570232;10595524686;226.52321072678114;5.555555555555555;420.0;1.0;car;144;;residential;190969132;LINESTRING( 630547.701524096 4803182.774018387, 630722.3176523196 4803038.475810629 )
1835;2015570232;2015570246;282.57763004120056;5.555555555555555;420.0;1.0;car;59;;residential;190969132;LINESTRING( 630547.701524096 4803182.774018387, 630336.8143433149 4803370.861003535 )
1836;2015570246;2015570232;282.57763004120056;5.555555555555555;420.0;1.0;car;43;;residential;190969132;LINESTRING( 630336.8143433149 4803370.861003535, 630547.701524096 4803182.774018387 )
1837;10595527258;10595527252;228.73551962142523;5.555555555555555;420.0;1.0;car;174;;unclassified;1136618994;LINESTRING( 630711.7687778918 4803750.14295431, 630857.6114374864 4803910.094429479 )
1838;10595527252;10595527258;228.73551962142523;5.555555555555555;420.0;1.0;car;174;;unclassified;1136618994;LINESTRING( 630857.6114374864 4803910.094429479, 630711.7687778918 4803750.14295431 )
1839;6342422902;6342422905;29.86739331863067;5.555555555555555;420.0;1.0;car;114;;unclassified;1212952065;LINESTRING( 630936.072066651 4801947.693290661, 630944.2229548974 4801976.370415921 )
184;12488176408;12488176411;57.3870599523314;5.555555555555555;420.0;1.0;car;42;;unclassified;1349959731;LINESTRING( 634111.8366320746 4801276.175397223, 634159.4661370798 4801308.150882835 )
1840;6342422905;6342422902;29.86739331863067;5.555555555555555;420.0;1.0;car;88;;unclassified;1212952065;LINESTRING( 630944.2229548974 4801976.370415921, 630936.072066651 4801947.693290661 )
1841;2015570218;2015570220;80.00137780689295;5.555555555555555;420.0;1.0;car;670;;residential;190969135;LINESTRING( 630972.113005358 4802837.977521157, 630906.4968994403 4802883.74592833 )
1842;2015570220;2015570218;80.00137780689295;5.555555555555555;420.0;1.0;car;825;;residential;190969135;LINESTRING( 630906.4968994403 4802883.74592833, 630972.113005358 4802837.977521157 )
1843;2015570220;2015570222;49.5292831896023;5.555555555555555;420.0;1.0;car;685;;residential;190969135;LINESTRING( 630906.4968994403 4802883.74592833, 630865.5994966914 4802911.68429517 )
1844;2015570222;2015570220;49.5292831896023;5.555555555555555;420.0;1.0;car;334;;residential;190969135;LINESTRING( 630865.5994966914 4802911.68429517, 630906.4968994403 4802883.74592833 )
1845;2015570222;2015570224;127.0002691854377;5.555555555555555;420.0;1.0;car;608;;residential;190969135;LINESTRING( 630865.5994966914 4802911.68429517, 630764.1031898307 4802988.022804894 )
1846;2015570224;2015570222;127.0002691854377;5.555555555555555;420.0;1.0;car;372;;residential;190969135;LINESTRING( 630764.1031898307 4802988.022804894, 630865.5994966914 4802911.68429517 )
1847;6342424895;11237649756;22.742853938326864;5.555555555555555;420.0;1.0;car;81;;unclassified;1212952066;LINESTRING( 631002.0273622278 4802077.735453285, 631021.6826052801 4802089.159666654 )
1848;11237649756;6342424895;22.742853938326864;5.555555555555555;420.0;1.0;car;19;;unclassified;1212952066;LINESTRING( 631021.6826052801 4802089.159666654, 631002.0273622278 4802077.735453285 )
1849;2015570300;2015570297;197.55358197037663;5.555555555555555;420.0;1.0;car;160;;residential;190969134;LINESTRING( 631296.1553309746 4804289.254830548, 631473.7371988997 4804203.172709793 )
185;12488176411;12488176408;57.3870599523314;5.555555555555555;420.0;1.0;car;54;;unclassified;1349959731;LINESTRING( 634159.4661370798 4801308.150882835, 634111.8366320746 4801276.175397223 )
1850;2015570297;2015570300;197.55358197037663;5.555555555555555;420.0;1.0;car;160;;residential;190969134;LINESTRING( 631473.7371988997 4804203.172709793, 631296.1553309746 4804289.254830548 )
1851;2015570297;2015570294;125.20617108636723;5.555555555555555;420.0;1.0;car;214;;residential;190969134;LINESTRING( 631473.7371988997 4804203.172709793, 631586.1647604307 4804148.0670958655 )
1852;2015570294;2015570297;125.20617108636723;5.555555555555555;420.0;1.0;car;461;;residential;190969134;LINESTRING( 631586.1647604307 4804148.0670958655, 631473.7371988997 4804203.172709793 )
1853;2015570294;2015570287;155.08835769240443;5.555555555555555;420.0;1.0;car;272;;residential;190969134;LINESTRING( 631586.1647604307 4804148.0670958655, 631728.2077497455 4804085.808057339 )
1854;2015570287;2015570294;155.08835769240443;5.555555555555555;420.0;1.0;car;515;;residential;190969134;LINESTRING( 631728.2077497455 4804085.808057339, 631586.1647604307 4804148.0670958655 )
1855;2015570287;2843407113;170.34668420980532;5.555555555555555;420.0;1.0;car;188;;residential;190969134;LINESTRING( 631728.2077497455 4804085.808057339, 631891.3948242874 4804036.941181812 )
1856;2843407113;2015570287;170.34668420980532;5.555555555555555;420.0;1.0;car;500;;residential;190969134;LINESTRING( 631891.3948242874 4804036.941181812, 631728.2077497455 4804085.808057339 )
1857;2843407113;10593377830;34.66919614249038;5.555555555555555;420.0;1.0;car;224;;residential;190969134;LINESTRING( 631891.3948242874 4804036.941181812, 631924.8174260934 4804027.727992914 )
1858;10593377830;2843407113;34.66919614249038;5.555555555555555;420.0;1.0;car;520;;residential;190969134;LINESTRING( 631924.8174260934 4804027.727992914, 631891.3948242874 4804036.941181812 )
1859;10593377830;2843407111;110.98635946540841;5.555555555555555;420.0;1.0;car;255;;residential;190969134;LINESTRING( 631924.8174260934 4804027.727992914, 632032.127303798 4804000.13812893 )
186;10593382845;10593382842;183.75426653738296;5.555555555555555;420.0;1.0;car;176;;unclassified;1136369651;LINESTRING( 633166.3827236933 4802768.587282198, 633257.8891212817 4802870.448625563 )
1860;2843407111;10593377830;110.98635946540841;5.555555555555555;420.0;1.0;car;616;;residential;190969134;LINESTRING( 632032.127303798 4804000.13812893, 631924.8174260934 4804027.727992914 )
1861;10578216771;10578216770;67.54156171200948;5.555555555555555;420.0;1.0;car;11;;unclassified;1212952067;LINESTRING( 631094.4770356263 4801976.293763234, 631110.023168976 4802042.021841682 )
1862;10578216770;10578216771;67.54156171200948;5.555555555555555;420.0;1.0;car;2;;unclassified;1212952067;LINESTRING( 631110.023168976 4802042.021841682, 631094.4770356263 4801976.293763234 )
1863;2015570271;5244147135;170.74643820687263;5.555555555555555;420.0;1.0;car;435;;residential;190969137;LINESTRING( 632001.5340257799 4803890.650589649, 631950.2203835826 4803727.8635892 )
1864;5244147135;2015570271;170.74643820687263;5.555555555555555;420.0;1.0;car;613;;residential;190969137;LINESTRING( 631950.2203835826 4803727.8635892, 632001.5340257799 4803890.650589649 )
1865;5244147135;2015570259;178.92904026174668;5.555555555555555;420.0;1.0;car;447;;residential;190969137;LINESTRING( 631950.2203835826 4803727.8635892, 631890.2724310199 4803559.275794765 )
1866;2015570259;5244147135;178.92904026174668;5.555555555555555;420.0;1.0;car;119;;residential;190969137;LINESTRING( 631890.2724310199 4803559.275794765, 631950.2203835826 4803727.8635892 )
1867;2015570259;5244146877;114.87894066995312;5.555555555555555;420.0;1.0;car;475;;residential;190969137;LINESTRING( 631890.2724310199 4803559.275794765, 631839.3013550825 4803456.324216493 )
1868;5244146877;2015570259;114.87894066995312;5.555555555555555;420.0;1.0;car;142;;residential;190969137;LINESTRING( 631839.3013550825 4803456.324216493, 631890.2724310199 4803559.275794765 )
1869;5244146877;5244146855;79.57225814510139;5.555555555555555;420.0;1.0;car;901;;residential;190969137;LINESTRING( 631839.3013550825 4803456.324216493, 631815.2184687549 4803380.48386541 )
187;10593382842;10593382845;183.75426653738296;5.555555555555555;420.0;1.0;car;75;;unclassified;1136369651;LINESTRING( 633257.8891212817 4802870.448625563, 633166.3827236933 4802768.587282198 )
1870;5244146855;5244146877;79.57225814510139;5.555555555555555;420.0;1.0;car;450;;residential;190969137;LINESTRING( 631815.2184687549 4803380.48386541, 631839.3013550825 4803456.324216493 )
1871;5244146855;5244146847;224.792648270097;5.555555555555555;420.0;1.0;car;45;;residential;190969137;LINESTRING( 631815.2184687549 4803380.48386541, 631677.8443832579 4803212.743870768 )
1872;5244146847;5244146855;224.792648270097;5.555555555555555;420.0;1.0;car;45;;residential;190969137;LINESTRING( 631677.8443832579 4803212.743870768, 631815.2184687549 4803380.48386541 )
1873;5244147142;2015570255;215.48779826463857;12.5;480.0;1.0;car;55;;unclassified;190969136;LINESTRING( 630576.296519435 4803596.29473209, 630755.163430257 4803476.432882001 )
1874;2015570255;5244147142;215.48779826463857;12.5;480.0;1.0;car;55;;unclassified;190969136;LINESTRING( 630755.163430257 4803476.432882001, 630576.296519435 4803596.29473209 )
1875;2015570255;2015570244;251.06076441819062;12.5;480.0;1.0;car;486;;unclassified;190969136;LINESTRING( 630755.163430257 4803476.432882001, 630966.4372653598 4803340.805178226 )
1876;2015570244;2015570255;251.06076441819062;12.5;480.0;1.0;car;263;;unclassified;190969136;LINESTRING( 630966.4372653598 4803340.805178226, 630755.163430257 4803476.432882001 )
1877;2015570244;2015570234;214.5331478829505;12.5;480.0;1.0;car;202;;unclassified;190969136;LINESTRING( 630966.4372653598 4803340.805178226, 631140.9004974659 4803215.957061766 )
1878;2015570234;2015570244;214.5331478829505;12.5;480.0;1.0;car;178;;unclassified;190969136;LINESTRING( 631140.9004974659 4803215.957061766, 630966.4372653598 4803340.805178226 )
1879;2843407122;2843407134;180.21072082935;5.555555555555555;420.0;1.0;car;103;;residential;190969139;LINESTRING( 631917.2613271992 4804124.593513337, 631749.9270775281 4804191.321549898 )
188;10593382842;10593382841;118.71105038721281;5.555555555555555;420.0;1.0;car;73;;unclassified;1136369651;LINESTRING( 633257.8891212817 4802870.448625563, 633233.707524789 4802754.226579999 )
1880;2843407134;2843407122;180.21072082935;5.555555555555555;420.0;1.0;car;46;;residential;190969139;LINESTRING( 631749.9270775281 4804191.321549898, 631917.2613271992 4804124.593513337 )
1881;2843407134;2843407141;56.9090263536012;5.555555555555555;420.0;1.0;car;57;;residential;190969139;LINESTRING( 631749.9270775281 4804191.321549898, 631698.1220797532 4804214.875786255 )
1882;2843407141;2843407134;56.9090263536012;5.555555555555555;420.0;1.0;car;57;;residential;190969139;LINESTRING( 631698.1220797532 4804214.875786255, 631749.9270775281 4804191.321549898 )
1883;5244147141;2015570261;186.6500731669975;5.555555555555555;420.0;1.0;car;45;;residential;190969138;LINESTRING( 630650.171015301 4803672.037288237, 630805.1274674758 4803568.168381415 )
1884;2015570261;5244147141;186.6500731669975;5.555555555555555;420.0;1.0;car;45;;residential;190969138;LINESTRING( 630805.1274674758 4803568.168381415, 630650.171015301 4803672.037288237 )
1885;2015570261;2015570250;257.17812959452806;5.555555555555555;420.0;1.0;car;77;;residential;190969138;LINESTRING( 630805.1274674758 4803568.168381415, 631018.8611682052 4803425.13518417 )
1886;2015570250;2015570261;257.17812959452806;5.555555555555555;420.0;1.0;car;5;;residential;190969138;LINESTRING( 631018.8611682052 4803425.13518417, 630805.1274674758 4803568.168381415 )
1887;2015570250;2015570241;215.26444396832377;5.555555555555555;420.0;1.0;car;330;;residential;190969138;LINESTRING( 631018.8611682052 4803425.13518417, 631197.2583934702 4803304.664395782 )
1888;2015570241;2015570250;215.26444396832377;5.555555555555555;420.0;1.0;car;13;;residential;190969138;LINESTRING( 631197.2583934702 4803304.664395782, 631018.8611682052 4803425.13518417 )
1889;2015570278;2015570286;137.58832991663215;5.555555555555555;420.0;1.0;car;584;;residential;190969141;LINESTRING( 631500.4265096083 4803973.581136482, 631375.5929812602 4804031.435598102 )
189;10593382841;10593382842;118.71105038721281;5.555555555555555;420.0;1.0;car;74;;unclassified;1136369651;LINESTRING( 633233.707524789 4802754.226579999, 633257.8891212817 4802870.448625563 )
1890;2015570286;2015570278;137.58832991663215;5.555555555555555;420.0;1.0;car;358;;residential;190969141;LINESTRING( 631375.5929812602 4804031.435598102, 631500.4265096083 4803973.581136482 )
1891;2015570286;2015570292;248.98520794389555;5.555555555555555;420.0;1.0;car;701;;residential;190969141;LINESTRING( 631375.5929812602 4804031.435598102, 631151.6663468676 4804131.074695757 )
1892;2015570292;2015570286;248.98520794389555;5.555555555555555;420.0;1.0;car;151;;residential;190969141;LINESTRING( 631151.6663468676 4804131.074695757, 631375.5929812602 4804031.435598102 )
1893;2015570257;2015570245;249.09378956480714;5.555555555555555;420.0;1.0;car;52;;residential;190969140;LINESTRING( 630462.6198900623 4803481.46625309, 630661.6510722612 4803332.31652356 )
1894;2015570245;2015570257;249.09378956480714;5.555555555555555;420.0;1.0;car;6;;residential;190969140;LINESTRING( 630661.6510722612 4803332.31652356, 630462.6198900623 4803481.46625309 )
1895;2015570245;2015570236;156.30519091574538;5.555555555555555;420.0;1.0;car;43;;residential;190969140;LINESTRING( 630661.6510722612 4803332.31652356, 630787.5996633583 4803239.751599816 )
1896;2015570236;2015570245;156.30519091574538;5.555555555555555;420.0;1.0;car;39;;residential;190969140;LINESTRING( 630787.5996633583 4803239.751599816, 630661.6510722612 4803332.31652356 )
1897;2015570236;2015570233;55.80253255515187;5.555555555555555;420.0;1.0;car;12;;residential;190969140;LINESTRING( 630787.5996633583 4803239.751599816, 630833.267524479 4803207.6834052885 )
1898;2015570233;2015570236;55.80253255515187;5.555555555555555;420.0;1.0;car;12;;residential;190969140;LINESTRING( 630833.267524479 4803207.6834052885, 630787.5996633583 4803239.751599816 )
1899;6342426576;6342428586;286.7862652547402;5.555555555555555;210.0;1.0;car;124;;living_street;677356042;LINESTRING( 630944.729195295 4802410.568594464, 631188.5514145244 4802259.967599769 )
19;4797651867;4797646796;94.9750147019636;5.555555555555555;420.0;1.0;car;34;;residential;677207131;LINESTRING( 632430.2368501252 4803300.250480774, 632443.3874939044 4803394.310642297 )
190;4800161970;6344327388;28.93461770257546;5.555555555555555;210.0;1.0;car;19;;living_street;677574699;LINESTRING( 632620.1939350651 4801267.298819387, 632620.7210444865 4801296.228635447 )
1900;6342428586;6342426576;286.7862652547402;5.555555555555555;210.0;1.0;car;39;;living_street;677356042;LINESTRING( 631188.5514145244 4802259.967599769, 630944.729195295 4802410.568594464 )
1901;2015570285;2015570272;252.8051709754444;5.555555555555555;420.0;1.0;car;433;;residential;190969142;LINESTRING( 631074.6321400901 4804019.912832687, 631291.2558390826 4803889.587748736 )
1902;2015570272;2015570285;252.8051709754444;5.555555555555555;420.0;1.0;car;80;;residential;190969142;LINESTRING( 631291.2558390826 4803889.587748736, 631074.6321400901 4804019.912832687 )
1903;2015570272;2015570269;161.06951969800545;5.555555555555555;420.0;1.0;car;452;;residential;190969142;LINESTRING( 631291.2558390826 4803889.587748736, 631430.8881799104 4803809.299520641 )
1904;2015570269;2015570272;161.06951969800545;5.555555555555555;420.0;1.0;car;172;;residential;190969142;LINESTRING( 631430.8881799104 4803809.299520641, 631291.2558390826 4803889.587748736 )
1905;2015570269;2015570268;182.62341496297807;5.555555555555555;420.0;1.0;car;516;;residential;190969142;LINESTRING( 631430.8881799104 4803809.299520641, 631592.3108911368 4803723.894485701 )
1906;2015570268;2015570269;182.62341496297807;5.555555555555555;420.0;1.0;car;306;;residential;190969142;LINESTRING( 631592.3108911368 4803723.894485701, 631430.8881799104 4803809.299520641 )
1907;2015570268;2015570263;206.6536790868404;5.555555555555555;420.0;1.0;car;445;;residential;190969142;LINESTRING( 631592.3108911368 4803723.894485701, 631770.9084913947 4803619.929875077 )
1908;2015570263;2015570268;206.6536790868404;5.555555555555555;420.0;1.0;car;286;;residential;190969142;LINESTRING( 631770.9084913947 4803619.929875077, 631592.3108911368 4803723.894485701 )
1909;2015570263;2015570259;133.8905057922981;5.555555555555555;420.0;1.0;car;261;;residential;190969142;LINESTRING( 631770.9084913947 4803619.929875077, 631890.2724310199 4803559.275794765 )
191;6344327388;4800161970;28.93461770257546;5.555555555555555;210.0;1.0;car;19;;living_street;677574699;LINESTRING( 632620.7210444865 4801296.228635447, 632620.1939350651 4801267.298819387 )
1910;2015570259;2015570263;133.8905057922981;5.555555555555555;420.0;1.0;car;255;;residential;190969142;LINESTRING( 631890.2724310199 4803559.275794765, 631770.9084913947 4803619.929875077 )
1911;2015570259;2015570256;103.60927879095122;5.555555555555555;420.0;1.0;car;306;;residential;190969142;LINESTRING( 631890.2724310199 4803559.275794765, 631981.0860776986 4803509.398302562 )
1912;2015570256;2015570259;103.60927879095122;5.555555555555555;420.0;1.0;car;305;;residential;190969142;LINESTRING( 631981.0860776986 4803509.398302562, 631890.2724310199 4803559.275794765 )
1913;7008825430;7008825429;134.75937825283023;5.555555555555555;420.0;1.0;car;184;;residential;749511414;LINESTRING( 632849.31768218 4803187.809227443, 632983.9411204143 4803181.75778918 )
1914;7008825429;7008825430;134.75937825283023;5.555555555555555;420.0;1.0;car;25;;residential;749511414;LINESTRING( 632983.9411204143 4803181.75778918, 632849.31768218 4803187.809227443 )
1915;5203854838;7007963431;243.71559540995636;5.555555555555555;420.0;1.0;car;116;;unclassified;1337933285;LINESTRING( 634653.8334425173 4800750.813127341, 634596.6210784301 4800920.760007386 )
1916;7007963431;5203854838;243.71559540995636;5.555555555555555;420.0;1.0;car;116;;unclassified;1337933285;LINESTRING( 634596.6210784301 4800920.760007386, 634653.8334425173 4800750.813127341 )
1917;7007963431;7007963429;44.37950644519506;5.555555555555555;420.0;1.0;car;12;;unclassified;1337933285;LINESTRING( 634596.6210784301 4800920.760007386, 634594.9267735109 4800964.744843713 )
1918;7007963429;7007963431;44.37950644519506;5.555555555555555;420.0;1.0;car;12;;unclassified;1337933285;LINESTRING( 634594.9267735109 4800964.744843713, 634596.6210784301 4800920.760007386 )
1919;6342426575;6342427431;56.52148556287568;5.555555555555555;420.0;1.0;car;69;;unclassified;677356036;LINESTRING( 630847.872707065 4802249.298471807, 630876.8876804097 4802297.277456428 )
192;6344327388;6344323394;468.8311201928801;5.555555555555555;210.0;1.0;car;40;;living_street;677574699;LINESTRING( 632620.7210444865 4801296.228635447, 632777.0467881365 4801688.871062561 )
1920;6342427431;6342426575;56.52148556287568;5.555555555555555;420.0;1.0;car;36;;unclassified;677356036;LINESTRING( 630876.8876804097 4802297.277456428, 630847.872707065 4802249.298471807 )
1921;6342427431;6342426582;59.75800800437811;5.555555555555555;420.0;1.0;car;73;;unclassified;677356036;LINESTRING( 630876.8876804097 4802297.277456428, 630904.4133799941 4802348.049675921 )
1922;6342426582;6342427431;59.75800800437811;5.555555555555555;420.0;1.0;car;36;;unclassified;677356036;LINESTRING( 630904.4133799941 4802348.049675921, 630876.8876804097 4802297.277456428 )
1923;6342426582;6342426576;74.39072616381014;5.555555555555555;420.0;1.0;car;212;;unclassified;677356036;LINESTRING( 630904.4133799941 4802348.049675921, 630944.729195295 4802410.568594464 )
1924;6342426576;6342426582;74.39072616381014;5.555555555555555;420.0;1.0;car;71;;unclassified;677356036;LINESTRING( 630944.729195295 4802410.568594464, 630904.4133799941 4802348.049675921 )
1925;6344295518;13300096953;208.21323610575106;5.555555555555555;420.0;1.0;car;91;;residential;677572158;LINESTRING( 631012.2108114498 4802602.94544389, 631130.0144553238 4802774.046017385 )
1926;13300096953;6344295518;208.21323610575106;5.555555555555555;420.0;1.0;car;15;;residential;677572158;LINESTRING( 631130.0144553238 4802774.046017385, 631012.2108114498 4802602.94544389 )
1927;13300096953;6344286501;63.73610138052523;5.555555555555555;420.0;1.0;car;100;;residential;677572158;LINESTRING( 631130.0144553238 4802774.046017385, 631175.9916856786 4802810.645689467 )
1928;6344286501;13300096953;63.73610138052523;5.555555555555555;420.0;1.0;car;16;;residential;677572158;LINESTRING( 631175.9916856786 4802810.645689467, 631130.0144553238 4802774.046017385 )
1929;5203854838;7008520852;27.97613096675361;5.555555555555555;420.0;1.0;car;79;;unclassified;1337933283;LINESTRING( 634653.8334425173 4800750.813127341, 634681.4352616487 4800746.252043642 )
193;6344323394;6344327388;468.8311201928801;5.555555555555555;210.0;1.0;car;40;;living_street;677574699;LINESTRING( 632777.0467881365 4801688.871062561, 632620.7210444865 4801296.228635447 )
1930;7008520852;5203854838;27.97613096675361;5.555555555555555;420.0;1.0;car;79;;unclassified;1337933283;LINESTRING( 634681.4352616487 4800746.252043642, 634653.8334425173 4800750.813127341 )
1933;4833973726;7008072479;108.90498075932838;5.555555555555555;420.0;1.0;car;621;;residential;491257638;LINESTRING( 634690.8009577545 4805179.431779626, 634795.3149494287 4805148.8193576615 )
1934;7008072479;4833973726;108.90498075932838;5.555555555555555;420.0;1.0;car;324;;residential;491257638;LINESTRING( 634795.3149494287 4805148.8193576615, 634690.8009577545 4805179.431779626 )
1935;7008072479;5923638538;39.08027346490166;5.555555555555555;420.0;1.0;car;568;;residential;491257638;LINESTRING( 634795.3149494287 4805148.8193576615, 634832.7704254522 4805137.667896325 )
1936;5923638538;7008072479;39.08027346490166;5.555555555555555;420.0;1.0;car;271;;residential;491257638;LINESTRING( 634832.7704254522 4805137.667896325, 634795.3149494287 4805148.8193576615 )
1937;5923638538;4833976453;88.2776287423544;5.555555555555555;420.0;1.0;car;391;;residential;491257638;LINESTRING( 634832.7704254522 4805137.667896325, 634915.3237514381 4805106.396693837 )
1938;4833976453;5923638538;88.2776287423544;5.555555555555555;420.0;1.0;car;161;;residential;491257638;LINESTRING( 634915.3237514381 4805106.396693837, 634832.7704254522 4805137.667896325 )
1939;4833976453;4833973727;94.41417692937453;5.555555555555555;420.0;1.0;car;344;;residential;491257638;LINESTRING( 634915.3237514381 4805106.396693837, 635001.306017204 4805067.395581301 )
194;10593382842;10593381862;445.4218870534081;5.555555555555555;420.0;1.0;car;233;;unclassified;1136369650;LINESTRING( 633257.8891212817 4802870.448625563, 633320.2001000795 4803308.650344896 )
1940;4833973727;4833976453;94.41417692937453;5.555555555555555;420.0;1.0;car;171;;residential;491257638;LINESTRING( 635001.306017204 4805067.395581301, 634915.3237514381 4805106.396693837 )
1941;4833973727;5923638537;89.31297868179958;5.555555555555555;420.0;1.0;car;300;;residential;491257638;LINESTRING( 635001.306017204 4805067.395581301, 635084.1309339489 4805033.976405261 )
1942;5923638537;4833973727;89.31297868179958;5.555555555555555;420.0;1.0;car;159;;residential;491257638;LINESTRING( 635084.1309339489 4805033.976405261, 635001.306017204 4805067.395581301 )
1943;5923638537;5937710508;97.72632352700832;5.555555555555555;420.0;1.0;car;283;;residential;491257638;LINESTRING( 635084.1309339489 4805033.976405261, 635175.9749643265 4805000.583166513 )
1944;5937710508;5923638537;97.72632352700832;5.555555555555555;420.0;1.0;car;111;;residential;491257638;LINESTRING( 635175.9749643265 4805000.583166513, 635084.1309339489 4805033.976405261 )
1945;5937710508;5937710494;94.73154665829074;5.555555555555555;420.0;1.0;car;259;;residential;491257638;LINESTRING( 635175.9749643265 4805000.583166513, 635264.9347839532 4804968.022201781 )
1946;5937710494;5937710508;94.73154665829074;5.555555555555555;420.0;1.0;car;110;;residential;491257638;LINESTRING( 635264.9347839532 4804968.022201781, 635175.9749643265 4805000.583166513 )
1947;5937710494;5937710495;95.0409215651202;5.555555555555555;420.0;1.0;car;222;;residential;491257638;LINESTRING( 635264.9347839532 4804968.022201781, 635356.741894453 4804943.441086395 )
1948;5937710495;5937710494;95.0409215651202;5.555555555555555;420.0;1.0;car;85;;residential;491257638;LINESTRING( 635356.741894453 4804943.441086395, 635264.9347839532 4804968.022201781 )
1949;5937710495;5923638536;91.82818139538095;5.555555555555555;420.0;1.0;car;198;;residential;491257638;LINESTRING( 635356.741894453 4804943.441086395, 635444.2398742579 4804915.575006146 )
195;10593381862;10593382842;445.4218870534081;5.555555555555555;420.0;1.0;car;131;;unclassified;1136369650;LINESTRING( 633320.2001000795 4803308.650344896, 633257.8891212817 4802870.448625563 )
1950;5923638536;5937710495;91.82818139538095;5.555555555555555;420.0;1.0;car;89;;residential;491257638;LINESTRING( 635444.2398742579 4804915.575006146, 635356.741894453 4804943.441086395 )
1951;5923638536;5923638539;93.3124001158;5.555555555555555;420.0;1.0;car;202;;residential;491257638;LINESTRING( 635444.2398742579 4804915.575006146, 635533.8794118369 4804889.652866612 )
1952;5923638539;5923638536;93.3124001158;5.555555555555555;420.0;1.0;car;74;;residential;491257638;LINESTRING( 635533.8794118369 4804889.652866612, 635444.2398742579 4804915.575006146 )
1953;4800161974;6344327695;22.08250488164622;5.555555555555555;420.0;1.0;car;1476;;residential;677575169;LINESTRING( 632785.4936366968 4801387.54289742, 632776.4898932504 4801407.186456309 )
1954;6344327695;4800161974;22.08250488164622;5.555555555555555;420.0;1.0;car;1598;;residential;677575169;LINESTRING( 632776.4898932504 4801407.186456309, 632785.4936366968 4801387.54289742 )
1955;6344327695;6344327694;49.77356856948978;5.555555555555555;420.0;1.0;car;2;;residential;677575169;LINESTRING( 632776.4898932504 4801407.186456309, 632739.3100931912 4801395.624167678 )
1956;6344327694;6344327695;49.77356856948978;5.555555555555555;420.0;1.0;car;2;;residential;677575169;LINESTRING( 632739.3100931912 4801395.624167678, 632776.4898932504 4801407.186456309 )
1957;6344294347;6344294348;38.708506605015664;5.555555555555555;420.0;1.0;car;32;;unclassified;677572102;LINESTRING( 630887.3055127711 4802668.085284516, 630923.0936930989 4802653.335551216 )
1958;6344294348;6344294347;38.708506605015664;5.555555555555555;420.0;1.0;car;87;;unclassified;677572102;LINESTRING( 630923.0936930989 4802653.335551216, 630887.3055127711 4802668.085284516 )
1959;6344294348;6344295518;102.37687092073259;5.555555555555555;420.0;1.0;car;35;;unclassified;677572102;LINESTRING( 630923.0936930989 4802653.335551216, 631012.2108114498 4802602.94544389 )
196;10593381862;10593382839;123.71332579678418;5.555555555555555;420.0;1.0;car;16;;unclassified;1136369650;LINESTRING( 633320.2001000795 4803308.650344896, 633322.2498167234 4803432.346689391 )
1960;6344295518;6344294348;102.37687092073259;5.555555555555555;420.0;1.0;car;90;;unclassified;677572102;LINESTRING( 631012.2108114498 4802602.94544389, 630923.0936930989 4802653.335551216 )
1961;6344295518;10578216750;7.793084236483444;5.555555555555555;420.0;1.0;car;36;;unclassified;677572102;LINESTRING( 631012.2108114498 4802602.94544389, 631018.9887543444 4802599.099452206 )
1962;10578216750;6344295518;7.793084236483444;5.555555555555555;420.0;1.0;car;167;;unclassified;677572102;LINESTRING( 631018.9887543444 4802599.099452206, 631012.2108114498 4802602.94544389 )
1963;10578216750;6344293311;71.36640998240034;5.555555555555555;420.0;1.0;car;133;;unclassified;677572102;LINESTRING( 631018.9887543444 4802599.099452206, 631083.4304755277 4802571.851790311 )
1964;6344293311;10578216750;71.36640998240034;5.555555555555555;420.0;1.0;car;221;;unclassified;677572102;LINESTRING( 631083.4304755277 4802571.851790311, 631018.9887543444 4802599.099452206 )
1965;254030305;10585823278;14.812008913997046;8.333333333333334;750.0;1.0;car;1707;;secondary;657482069;LINESTRING( 633022.421394016 4802677.0159692345, 633019.1460922053 4802691.461314717 )
1966;10585823278;254030305;14.812008913997046;8.333333333333334;750.0;1.0;car;1714;;secondary;657482069;LINESTRING( 633019.1460922053 4802691.461314717, 633022.421394016 4802677.0159692345 )
1967;10585823278;7007779063;88.07121340029983;8.333333333333334;750.0;1.0;car;1723;;secondary;657482069;LINESTRING( 633019.1460922053 4802691.461314717, 632999.9221860989 4802777.408569046 )
1968;7007779063;10585823278;88.07121340029983;8.333333333333334;750.0;1.0;car;1743;;secondary;657482069;LINESTRING( 632999.9221860989 4802777.408569046, 633019.1460922053 4802691.461314717 )
1969;7007779063;7007706958;15.262149229769252;8.333333333333334;750.0;1.0;car;1822;;secondary;657482069;LINESTRING( 632999.9221860989 4802777.408569046, 632997.8818527733 4802792.5337215755 )
197;10593382839;10593381862;123.71332579678418;5.555555555555555;420.0;1.0;car;16;;unclassified;1136369650;LINESTRING( 633322.2498167234 4803432.346689391, 633320.2001000795 4803308.650344896 )
1970;7007706958;7007779063;15.262149229769252;8.333333333333334;750.0;1.0;car;1842;;secondary;657482069;LINESTRING( 632997.8818527733 4802792.5337215755, 632999.9221860989 4802777.408569046 )
1971;7007706958;6344344307;67.02090364989463;8.333333333333334;750.0;1.0;car;2182;;secondary;657482069;LINESTRING( 632997.8818527733 4802792.5337215755, 632984.6180605644 4802858.189022493 )
1972;6344344307;7007706958;67.02090364989463;8.333333333333334;750.0;1.0;car;2306;;secondary;657482069;LINESTRING( 632984.6180605644 4802858.189022493, 632997.8818527733 4802792.5337215755 )
1973;6344344307;5730433323;117.38364984315704;8.333333333333334;750.0;1.0;car;2206;;secondary;657482069;LINESTRING( 632984.6180605644 4802858.189022493, 632975.7634174171 4802974.948732719 )
1974;5730433323;6344344307;117.38364984315704;8.333333333333334;750.0;1.0;car;2330;;secondary;657482069;LINESTRING( 632975.7634174171 4802974.948732719, 632984.6180605644 4802858.189022493 )
1975;5730433323;5244141479;49.41138436949292;8.333333333333334;750.0;1.0;car;864;;secondary;657482069;LINESTRING( 632975.7634174171 4802974.948732719, 632977.4178865736 4803024.33241056 )
1976;5244141479;5730433323;49.41138436949292;8.333333333333334;750.0;1.0;car;980;;secondary;657482069;LINESTRING( 632977.4178865736 4803024.33241056, 632975.7634174171 4802974.948732719 )
1977;5244141479;7008846779;45.61680527897892;8.333333333333334;750.0;1.0;car;809;;secondary;657482069;LINESTRING( 632977.4178865736 4803024.33241056, 632979.3093057382 4803069.909986816 )
1978;7008846779;5244141479;45.61680527897892;8.333333333333334;750.0;1.0;car;941;;secondary;657482069;LINESTRING( 632979.3093057382 4803069.909986816, 632977.4178865736 4803024.33241056 )
1979;7008846779;7008825429;111.94366708618074;8.333333333333334;750.0;1.0;car;806;;secondary;657482069;LINESTRING( 632979.3093057382 4803069.909986816, 632983.9411204143 4803181.75778918 )
198;4800169494;10580859831;185.20662952534707;5.555555555555555;420.0;1.0;car;331;;residential;1135050733;LINESTRING( 632188.9398053276 4801519.362635228, 632187.9933677813 4801666.463194185 )
1980;7008825429;7008846779;111.94366708618074;8.333333333333334;750.0;1.0;car;931;;secondary;657482069;LINESTRING( 632983.9411204143 4803181.75778918, 632979.3093057382 4803069.909986816 )
1981;7008825429;4797750662;48.75479616479711;8.333333333333334;750.0;1.0;car;804;;secondary;657482069;LINESTRING( 632983.9411204143 4803181.75778918, 632985.9571005469 4803230.470887759 )
1982;4797750662;7008825429;48.75479616479711;8.333333333333334;750.0;1.0;car;770;;secondary;657482069;LINESTRING( 632985.9571005469 4803230.470887759, 632983.9411204143 4803181.75778918 )
1983;4797750662;7024766683;87.97270392654426;8.333333333333334;750.0;1.0;car;824;;secondary;657482069;LINESTRING( 632985.9571005469 4803230.470887759, 632989.6009851852 4803318.368091813 )
1984;7024766683;4797750662;87.97270392654426;8.333333333333334;750.0;1.0;car;773;;secondary;657482069;LINESTRING( 632989.6009851852 4803318.368091813, 632985.9571005469 4803230.470887759 )
1985;7024766683;5190916303;129.41598647899426;8.333333333333334;750.0;1.0;car;823;;secondary;657482069;LINESTRING( 632989.6009851852 4803318.368091813, 632994.9584648549 4803447.6731379945 )
1986;5190916303;7024766683;129.41598647899426;8.333333333333334;750.0;1.0;car;697;;secondary;657482069;LINESTRING( 632994.9584648549 4803447.6731379945, 632989.6009851852 4803318.368091813 )
1987;5190916303;4797630255;115.44157926520626;8.333333333333334;750.0;1.0;car;767;;secondary;657482069;LINESTRING( 632994.9584648549 4803447.6731379945, 633002.5141392223 4803562.867191696 )
1988;4797630255;5190916303;115.44157926520626;8.333333333333334;750.0;1.0;car;708;;secondary;657482069;LINESTRING( 633002.5141392223 4803562.867191696, 632994.9584648549 4803447.6731379945 )
1989;4797630255;5190913950;57.56614622655149;8.333333333333334;750.0;1.0;car;1439;;secondary;657482069;LINESTRING( 633002.5141392223 4803562.867191696, 633002.1104960572 4803620.431922769 )
199;10580859831;4800169494;185.20662952534707;5.555555555555555;420.0;1.0;car;7;;residential;1135050733;LINESTRING( 632187.9933677813 4801666.463194185, 632188.9398053276 4801519.362635228 )
1990;5190913950;4797630255;57.56614622655149;8.333333333333334;750.0;1.0;car;856;;secondary;657482069;LINESTRING( 633002.1104960572 4803620.431922769, 633002.5141392223 4803562.867191696 )
1991;5190913950;4797632002;90.2727922081593;8.333333333333334;750.0;1.0;car;1454;;secondary;657482069;LINESTRING( 633002.1104960572 4803620.431922769, 633005.6028594167 4803710.637135541 )
1992;4797632002;5190913950;90.2727922081593;8.333333333333334;750.0;1.0;car;878;;secondary;657482069;LINESTRING( 633005.6028594167 4803710.637135541, 633002.1104960572 4803620.431922769 )
1993;4797632002;4797622983;30.088376535171115;8.333333333333334;750.0;1.0;car;1315;;secondary;657482069;LINESTRING( 633005.6028594167 4803710.637135541, 633007.6864773941 4803740.653280174 )
1994;4797622983;4797632002;30.088376535171115;8.333333333333334;750.0;1.0;car;906;;secondary;657482069;LINESTRING( 633007.6864773941 4803740.653280174, 633005.6028594167 4803710.637135541 )
1995;4797622983;6344347026;104.87988404314768;8.333333333333334;750.0;1.0;car;1823;;secondary;657482069;LINESTRING( 633007.6864773941 4803740.653280174, 633009.7313246983 4803845.5065083355 )
1996;6344347026;4797622983;104.87988404314768;8.333333333333334;750.0;1.0;car;771;;secondary;657482069;LINESTRING( 633009.7313246983 4803845.5065083355, 633007.6864773941 4803740.653280174 )
1997;6344347026;1411867088;35.36780983294337;8.333333333333334;750.0;1.0;car;2243;;secondary;657482069;LINESTRING( 633009.7313246983 4803845.5065083355, 633009.0271089396 4803880.867306165 )
1998;1411867088;6344347026;35.36780983294337;8.333333333333334;750.0;1.0;car;856;;secondary;657482069;LINESTRING( 633009.0271089396 4803880.867306165, 633009.7313246983 4803845.5065083355 )
2;12349948858;10632880857;72.05557741285932;19.444444444444443;2550.0;2.0;car;6177;;primary;1396178743;LINESTRING( 633390.3352258706 4804040.927011766, 633321.0590633099 4804060.746687272 )
20;12759303923;12759303922;257.54218820427593;12.5;2400.0;2.0;car;3094;;trunk_link;1396178747;LINESTRING( 633389.0863827625 4804344.698692193, 633447.6562620604 4804097.109842442 )
200;10580859922;6342372632;408.28039393471704;5.555555555555555;420.0;1.0;car;129;;residential;1135050732;LINESTRING( 632237.3211634336 4801706.801754876, 632404.5123501265 4802074.183618074 )
2001;6344346073;6344344307;156.94935811519218;5.555555555555555;420.0;1.0;car;22;;unclassified;677577226;LINESTRING( 632874.0318031801 4802905.331776446, 632984.6180605644 4802858.189022493 )
2002;6344344307;6344346073;156.94935811519218;5.555555555555555;420.0;1.0;car;22;;unclassified;677577226;LINESTRING( 632984.6180605644 4802858.189022493, 632874.0318031801 4802905.331776446 )
2003;6344344307;6344344306;93.36115206357228;5.555555555555555;420.0;1.0;car;14;;unclassified;677577226;LINESTRING( 632984.6180605644 4802858.189022493, 633051.7966423491 4802908.828975754 )
2004;6344344306;6344344307;93.36115206357228;5.555555555555555;420.0;1.0;car;14;;unclassified;677577226;LINESTRING( 633051.7966423491 4802908.828975754, 632984.6180605644 4802858.189022493 )
201;6342372632;10580859922;408.28039393471704;5.555555555555555;420.0;1.0;car;65;;residential;1135050732;LINESTRING( 632404.5123501265 4802074.183618074, 632237.3211634336 4801706.801754876 )
2011;10211631614;11062914730;2343.766757985717;19.444444444444443;3400.0;2.0;car;3035;;trunk;1067549133;LINESTRING( 633826.3060363813 4801545.783387015, 633489.7785022131 4803755.14891176 )
2014;7007686697;7007681288;157.39883208099263;5.555555555555555;420.0;1.0;car;224;;residential;749362887;LINESTRING( 633795.3452336437 4804790.229986909, 633775.7772883275 4804636.721624725 )
2015;7007681288;7007686697;157.39883208099263;5.555555555555555;420.0;1.0;car;311;;residential;749362887;LINESTRING( 633775.7772883275 4804636.721624725, 633795.3452336437 4804790.229986909 )
2016;7007681288;7007682398;58.756950902321535;5.555555555555555;420.0;1.0;car;250;;residential;749362887;LINESTRING( 633775.7772883275 4804636.721624725, 633749.1621042921 4804584.921025864 )
2017;7007682398;7007681288;58.756950902321535;5.555555555555555;420.0;1.0;car;320;;residential;749362887;LINESTRING( 633749.1621042921 4804584.921025864, 633775.7772883275 4804636.721624725 )
2018;7007682398;7007682401;76.86514953927836;5.555555555555555;420.0;1.0;car;217;;residential;749362887;LINESTRING( 633749.1621042921 4804584.921025864, 633717.7886819479 4804514.750094674 )
2019;7007682401;7007682398;76.86514953927836;5.555555555555555;420.0;1.0;car;344;;residential;749362887;LINESTRING( 633717.7886819479 4804514.750094674, 633749.1621042921 4804584.921025864 )
202;4800190930;6342424201;167.74720443964048;5.555555555555555;420.0;1.0;car;92;;unclassified;677355539;LINESTRING( 630512.6969986954 4801921.664282517, 630665.0617277623 4801852.25946163 )
2020;7007682401;7007677684;213.88359830432063;5.555555555555555;420.0;1.0;car;69;;residential;749362887;LINESTRING( 633717.7886819479 4804514.750094674, 633627.6950559494 4804321.694361013 )
2021;7007677684;7007682401;213.88359830432063;5.555555555555555;420.0;1.0;car;299;;residential;749362887;LINESTRING( 633627.6950559494 4804321.694361013, 633717.7886819479 4804514.750094674 )
2022;7007677684;7007686692;146.57295934396797;5.555555555555555;420.0;1.0;car;55;;residential;749362887;LINESTRING( 633627.6950559494 4804321.694361013, 633670.6149860929 4804184.788283719 )
2023;7007686692;7007677684;146.57295934396797;5.555555555555555;420.0;1.0;car;55;;residential;749362887;LINESTRING( 633670.6149860929 4804184.788283719, 633627.6950559494 4804321.694361013 )
2026;1411867080;13300096953;207.65790249162708;5.555555555555555;420.0;1.0;car;14;;residential;677573138;LINESTRING( 630952.2060058448 4802797.407014903, 631130.0144553238 4802774.046017385 )
2027;13300096953;1411867080;207.65790249162708;5.555555555555555;420.0;1.0;car;6;;residential;677573138;LINESTRING( 631130.0144553238 4802774.046017385, 630952.2060058448 4802797.407014903 )
203;6342424201;4800190930;167.74720443964048;5.555555555555555;420.0;1.0;car;50;;unclassified;677355539;LINESTRING( 630665.0617277623 4801852.25946163, 630512.6969986954 4801921.664282517 )
2038;4797641740;7013102631;132.2670403619958;5.555555555555555;420.0;1.0;car;72;;residential;487257980;LINESTRING( 633135.7807268945 4803835.5012838235, 633133.1347081321 4803703.260713079 )
2039;7013102631;4797641740;132.2670403619958;5.555555555555555;420.0;1.0;car;295;;residential;487257980;LINESTRING( 633133.1347081321 4803703.260713079, 633135.7807268945 4803835.5012838235 )
204;6342424201;6342424212;217.79885119002427;5.555555555555555;420.0;1.0;car;64;;unclassified;677355539;LINESTRING( 630665.0617277623 4801852.25946163, 630871.0132167308 4801781.67302343 )
2040;7013102631;5190913949;94.88237722514066;5.555555555555555;420.0;1.0;car;58;;residential;487257980;LINESTRING( 633133.1347081321 4803703.260713079, 633130.6919074631 4803608.409786711 )
2041;5190913949;7013102631;94.88237722514066;5.555555555555555;420.0;1.0;car;124;;residential;487257980;LINESTRING( 633130.6919074631 4803608.409786711, 633133.1347081321 4803703.260713079 )
2042;5190913949;5190916302;154.61224164611139;5.555555555555555;420.0;1.0;car;75;;residential;487257980;LINESTRING( 633130.6919074631 4803608.409786711, 633122.3618863451 4803454.0592358345 )
2043;5190916302;5190913949;154.61224164611139;5.555555555555555;420.0;1.0;car;134;;residential;487257980;LINESTRING( 633122.3618863451 4803454.0592358345, 633130.6919074631 4803608.409786711 )
2044;5190916302;4797750663;223.4735537434832;5.555555555555555;420.0;1.0;car;57;;residential;487257980;LINESTRING( 633122.3618863451 4803454.0592358345, 633114.4488540802 4803230.77862053 )
2045;4797750663;5190916302;223.4735537434832;5.555555555555555;420.0;1.0;car;49;;residential;487257980;LINESTRING( 633114.4488540802 4803230.77862053, 633122.3618863451 4803454.0592358345 )
2046;4797750663;7008846778;158.17628979951047;5.555555555555555;420.0;1.0;car;40;;residential;487257980;LINESTRING( 633114.4488540802 4803230.77862053, 633101.4967785603 4803073.17080673 )
2047;7008846778;4797750663;158.17628979951047;5.555555555555555;420.0;1.0;car;49;;residential;487257980;LINESTRING( 633101.4967785603 4803073.17080673, 633114.4488540802 4803230.77862053 )
2048;7008846778;5244141477;58.395797260578;5.555555555555555;420.0;1.0;car;30;;residential;487257980;LINESTRING( 633101.4967785603 4803073.17080673, 633095.1893270634 4803015.218398099 )
2049;5244141477;7008846778;58.395797260578;5.555555555555555;420.0;1.0;car;46;;residential;487257980;LINESTRING( 633095.1893270634 4803015.218398099, 633101.4967785603 4803073.17080673 )
205;6342424212;6342424201;217.79885119002427;5.555555555555555;420.0;1.0;car;38;;unclassified;677355539;LINESTRING( 630871.0132167308 4801781.67302343, 630665.0617277623 4801852.25946163 )
2056;6344293311;6344295247;83.60486289238082;5.555555555555555;420.0;1.0;car;136;;residential;677572122;LINESTRING( 631083.4304755277 4802571.851790311, 631129.372223209 4802641.702552076 )
2057;6344295247;6344293311;83.60486289238082;5.555555555555555;420.0;1.0;car;215;;residential;677572122;LINESTRING( 631129.372223209 4802641.702552076, 631083.4304755277 4802571.851790311 )
2058;6344295247;6344286503;171.22987886570334;5.555555555555555;420.0;1.0;car;60;;residential;677572122;LINESTRING( 631129.372223209 4802641.702552076, 631205.9359623996 4802791.295600908 )
2059;6344286503;6344295247;171.22987886570334;5.555555555555555;420.0;1.0;car;61;;residential;677572122;LINESTRING( 631205.9359623996 4802791.295600908, 631129.372223209 4802641.702552076 )
206;6342424212;6344300711;184.27417174545303;5.555555555555555;420.0;1.0;car;31;;unclassified;677355539;LINESTRING( 630871.0132167308 4801781.67302343, 631041.8286039012 4801712.655806709 )
2060;6342426582;10578216759;141.59447286415494;5.555555555555555;420.0;1.0;car;35;;unclassified;677356069;LINESTRING( 630904.4133799941 4802348.049675921, 631022.3106048437 4802269.642119698 )
2061;10578216759;6342426582;141.59447286415494;5.555555555555555;420.0;1.0;car;110;;unclassified;677356069;LINESTRING( 631022.3106048437 4802269.642119698, 630904.4133799941 4802348.049675921 )
2062;10578216759;6342429092;149.54190899831121;5.555555555555555;420.0;1.0;car;68;;unclassified;677356069;LINESTRING( 631022.3106048437 4802269.642119698, 631151.0344392254 4802193.635217135 )
2063;6342429092;10578216759;149.54190899831121;5.555555555555555;420.0;1.0;car;151;;unclassified;677356069;LINESTRING( 631151.0344392254 4802193.635217135, 631022.3106048437 4802269.642119698 )
2064;6342429092;6342429086;18.287636184181952;5.555555555555555;420.0;1.0;car;574;;unclassified;677356069;LINESTRING( 631151.0344392254 4802193.635217135, 631164.9241592878 4802181.739280274 )
2065;6342429086;6342429092;18.287636184181952;5.555555555555555;420.0;1.0;car;258;;unclassified;677356069;LINESTRING( 631164.9241592878 4802181.739280274, 631151.0344392254 4802193.635217135 )
2066;2015570278;2015570269;178.3929051295819;5.555555555555555;420.0;1.0;car;160;;residential;190969117;LINESTRING( 631500.4265096083 4803973.581136482, 631430.8881799104 4803809.299520641 )
2067;2015570269;2015570262;246.79468543050737;5.555555555555555;420.0;1.0;car;230;;residential;190969117;LINESTRING( 631430.8881799104 4803809.299520641, 631327.9963613701 4803584.976337634 )
2068;2015570262;2015570247;190.49586933125667;5.555555555555555;420.0;1.0;car;212;;residential;190969117;LINESTRING( 631327.9963613701 4803584.976337634, 631250.9837514774 4803410.7416276885 )
2069;2015570247;2015570241;118.90665760133415;5.555555555555555;420.0;1.0;car;165;;residential;190969117;LINESTRING( 631250.9837514774 4803410.7416276885, 631197.2583934702 4803304.664395782 )
207;6344300711;6342424212;184.27417174545303;5.555555555555555;420.0;1.0;car;10;;unclassified;677355539;LINESTRING( 631041.8286039012 4801712.655806709, 630871.0132167308 4801781.67302343 )
2070;2015570241;5244146912;78.41402434460275;5.555555555555555;420.0;1.0;car;482;;residential;190969117;LINESTRING( 631197.2583934702 4803304.664395782, 631158.1095388683 4803236.722314586 )
2071;5244146912;2015570234;27.006720319809983;5.555555555555555;420.0;1.0;car;401;;residential;190969117;LINESTRING( 631158.1095388683 4803236.722314586, 631140.9004974659 4803215.957061766 )
2072;2015570234;2015570229;94.70331523993664;5.555555555555555;420.0;1.0;car;425;;residential;190969117;LINESTRING( 631140.9004974659 4803215.957061766, 631076.9122584686 4803146.155900608 )
2073;2015570229;2015570226;97.794811662803;5.555555555555555;420.0;1.0;car;452;;residential;190969117;LINESTRING( 631076.9122584686 4803146.155900608, 631025.83018104 4803062.76257692 )
2074;2015570226;5035114707;111.33065298243494;5.555555555555555;420.0;1.0;car;470;;residential;190969117;LINESTRING( 631025.83018104 4803062.76257692, 630964.1714621135 4802970.065669346 )
2075;5035114707;13300096949;60.075832858955216;5.555555555555555;420.0;1.0;car;506;;residential;190969117;LINESTRING( 630964.1714621135 4802970.065669346, 630930.7973228515 4802920.112966494 )
2076;13300096949;2015570220;43.73867902369688;5.555555555555555;420.0;1.0;car;506;;residential;190969117;LINESTRING( 630930.7973228515 4802920.112966494, 630906.4968994403 4802883.74592833 )
2077;10560829572;6344313141;72.01727749437158;5.555555555555555;420.0;1.0;car;15;;unclassified;1132626430;LINESTRING( 631443.7166309857 4801502.7124820575, 631423.4220275597 4801433.613876214 )
2078;6344313141;10560829572;72.01727749437158;5.555555555555555;420.0;1.0;car;15;;unclassified;1132626430;LINESTRING( 631423.4220275597 4801433.613876214, 631443.7166309857 4801502.7124820575 )
2079;2015570292;6344439406;70.00135802858968;5.555555555555555;420.0;1.0;car;655;;residential;190969116;LINESTRING( 631151.6663468676 4804131.074695757, 631112.6477426549 4804072.956379787 )
2080;6344439406;2015570292;70.00135802858968;5.555555555555555;420.0;1.0;car;105;;residential;190969116;LINESTRING( 631112.6477426549 4804072.956379787, 631151.6663468676 4804131.074695757 )
2081;6344439406;2015570285;65.25951215995241;5.555555555555555;420.0;1.0;car;662;;residential;190969116;LINESTRING( 631112.6477426549 4804072.956379787, 631074.6321400901 4804019.912832687 )
2082;2015570285;6344439406;65.25951215995241;5.555555555555555;420.0;1.0;car;112;;residential;190969116;LINESTRING( 631074.6321400901 4804019.912832687, 631112.6477426549 4804072.956379787 )
2083;2015570285;6493182991;79.92753439248872;5.555555555555555;420.0;1.0;car;637;;residential;190969116;LINESTRING( 631074.6321400901 4804019.912832687, 631033.7587266631 4803951.226772755 )
2084;6493182991;2015570285;79.92753439248872;5.555555555555555;420.0;1.0;car;440;;residential;190969116;LINESTRING( 631033.7587266631 4803951.226772755, 631074.6321400901 4804019.912832687 )
2085;6493182991;2015570276;3.3801671191496645;5.555555555555555;420.0;1.0;car;311;;residential;190969116;LINESTRING( 631033.7587266631 4803951.226772755, 631032.0403893304 4803948.315957309 )
2086;2015570276;6493182991;3.3801671191496645;5.555555555555555;420.0;1.0;car;57;;residential;190969116;LINESTRING( 631032.0403893304 4803948.315957309, 631033.7587266631 4803951.226772755 )
2087;2015570276;2015570265;342.9576033131802;5.555555555555555;420.0;1.0;car;281;;residential;190969116;LINESTRING( 631032.0403893304 4803948.315957309, 630857.00738539 4803653.386533205 )
2088;2015570265;2015570276;342.9576033131802;5.555555555555555;420.0;1.0;car;88;;residential;190969116;LINESTRING( 630857.00738539 4803653.386533205, 631032.0403893304 4803948.315957309 )
2089;2015570265;2015570261;99.76802732989775;5.555555555555555;420.0;1.0;car;372;;residential;190969116;LINESTRING( 630857.00738539 4803653.386533205, 630805.1274674758 4803568.168381415 )
2090;2015570261;2015570265;99.76802732989775;5.555555555555555;420.0;1.0;car;286;;residential;190969116;LINESTRING( 630805.1274674758 4803568.168381415, 630857.00738539 4803653.386533205 )
2091;2015570261;2015570255;104.45959442795804;5.555555555555555;420.0;1.0;car;320;;residential;190969116;LINESTRING( 630805.1274674758 4803568.168381415, 630755.163430257 4803476.432882001 )
2092;2015570255;2015570261;104.45959442795804;5.555555555555555;420.0;1.0;car;306;;residential;190969116;LINESTRING( 630755.163430257 4803476.432882001, 630805.1274674758 4803568.168381415 )
2093;2015570255;2015570249;74.82109765708017;5.555555555555555;420.0;1.0;car;292;;residential;190969116;LINESTRING( 630755.163430257 4803476.432882001, 630716.5282145555 4803412.358575432 )
2094;2015570249;2015570255;74.82109765708017;5.555555555555555;420.0;1.0;car;501;;residential;190969116;LINESTRING( 630716.5282145555 4803412.358575432, 630755.163430257 4803476.432882001 )
2095;2015570249;2015570245;97.04756985189779;5.555555555555555;420.0;1.0;car;145;;residential;190969116;LINESTRING( 630716.5282145555 4803412.358575432, 630661.6510722612 4803332.31652356 )
2096;2015570245;2015570249;97.04756985189779;5.555555555555555;420.0;1.0;car;304;;residential;190969116;LINESTRING( 630661.6510722612 4803332.31652356, 630716.5282145555 4803412.358575432 )
2097;2015570245;2015570240;92.79669647373552;5.555555555555555;420.0;1.0;car;123;;residential;190969116;LINESTRING( 630661.6510722612 4803332.31652356, 630606.3333118762 4803257.810334137 )
2098;2015570240;2015570245;92.79669647373552;5.555555555555555;420.0;1.0;car;240;;residential;190969116;LINESTRING( 630606.3333118762 4803257.810334137, 630661.6510722612 4803332.31652356 )
2099;2015570240;2015570237;17.661139316480117;5.555555555555555;420.0;1.0;car;136;;residential;190969116;LINESTRING( 630606.3333118762 4803257.810334137, 630592.9313194582 4803246.308054311 )
21;12759303922;12759303923;257.54218820427593;12.5;2400.0;2.0;car;59;;trunk_link;1396178747;LINESTRING( 633447.6562620604 4804097.109842442, 633389.0863827625 4804344.698692193 )
2100;2015570237;2015570240;17.661139316480117;5.555555555555555;420.0;1.0;car;249;;residential;190969116;LINESTRING( 630592.9313194582 4803246.308054311, 630606.3333118762 4803257.810334137 )
2101;2015570237;2015570232;77.98915379260366;5.555555555555555;420.0;1.0;car;160;;residential;190969116;LINESTRING( 630592.9313194582 4803246.308054311, 630547.701524096 4803182.774018387 )
2102;2015570232;2015570237;77.98915379260366;5.555555555555555;420.0;1.0;car;228;;residential;190969116;LINESTRING( 630547.701524096 4803182.774018387, 630592.9313194582 4803246.308054311 )
2103;2015570232;2015570228;94.9242363046621;5.555555555555555;420.0;1.0;car;68;;residential;190969116;LINESTRING( 630547.701524096 4803182.774018387, 630488.31182386 4803108.723534635 )
2104;2015570228;2015570232;94.9242363046621;5.555555555555555;420.0;1.0;car;176;;residential;190969116;LINESTRING( 630488.31182386 4803108.723534635, 630547.701524096 4803182.774018387 )
2105;10560829576;10560829573;117.88002865772621;5.555555555555555;420.0;1.0;car;152;;residential;1132626431;LINESTRING( 631296.7266291088 4801843.865864701, 631403.3980631728 4801796.909928341 )
2106;10560829573;10560829576;117.88002865772621;5.555555555555555;420.0;1.0;car;56;;residential;1132626431;LINESTRING( 631403.3980631728 4801796.909928341, 631296.7266291088 4801843.865864701 )
2107;2015570221;2015570219;133.63986684411663;5.555555555555555;420.0;1.0;car;39;;residential;190969119;LINESTRING( 630709.8841411559 4802902.704929807, 630825.3653715019 4802835.446477194 )
2108;2015570219;2015570221;133.63986684411663;5.555555555555555;420.0;1.0;car;26;;residential;190969119;LINESTRING( 630825.3653715019 4802835.446477194, 630709.8841411559 4802902.704929807 )
2109;7007982395;7007972663;920.9207744887282;5.555555555555555;420.0;1.0;car;130;;residential;749394644;LINESTRING( 635342.7870351411 4803360.9438173445, 636227.829990421 4803111.834831878 )
2110;7007972663;7007982395;920.9207744887282;5.555555555555555;420.0;1.0;car;130;;residential;749394644;LINESTRING( 636227.829990421 4803111.834831878, 635342.7870351411 4803360.9438173445 )
2111;2015570240;2015570231;161.4028234151766;5.555555555555555;420.0;1.0;car;30;;residential;190969118;LINESTRING( 630606.3333118762 4803257.810334137, 630739.2653249315 4803166.268260141 )
2112;2015570231;2015570240;161.4028234151766;5.555555555555555;420.0;1.0;car;34;;residential;190969118;LINESTRING( 630739.2653249315 4803166.268260141, 630606.3333118762 4803257.810334137 )
2113;1411867088;4800142922;540.8675102104393;8.333333333333334;750.0;1.0;car;3842;;secondary;127599902;LINESTRING( 633009.0271089396 4803880.867306165, 632480.7224812051 4803996.35404909 )
2114;4800142922;1411867088;540.8675102104393;8.333333333333334;750.0;1.0;car;2555;;secondary;127599902;LINESTRING( 632480.7224812051 4803996.35404909, 633009.0271089396 4803880.867306165 )
2115;4800142922;1411867098;54.36286349263928;8.333333333333334;750.0;1.0;car;3145;;secondary;127599902;LINESTRING( 632480.7224812051 4803996.35404909, 632427.3536807301 4803996.518774744 )
2116;1411867098;4800142922;54.36286349263928;8.333333333333334;750.0;1.0;car;2704;;secondary;127599902;LINESTRING( 632427.3536807301 4803996.518774744, 632480.7224812051 4803996.35404909 )
2117;4800163835;4800165504;92.92285749201895;5.555555555555555;420.0;1.0;car;101;;residential;487562119;LINESTRING( 631505.8149561225 4801531.550485846, 631591.5622980392 4801495.744748893 )
2118;4800165504;4800163835;92.92285749201895;5.555555555555555;420.0;1.0;car;91;;residential;487562119;LINESTRING( 631591.5622980392 4801495.744748893, 631505.8149561225 4801531.550485846 )
2119;4800165504;4800170705;91.33261947918697;5.555555555555555;420.0;1.0;car;125;;residential;487562119;LINESTRING( 631591.5622980392 4801495.744748893, 631678.081874075 4801466.543329495 )
212;10580864822;10580864814;242.65408013707835;5.555555555555555;420.0;1.0;car;16;;unclassified;1135051767;LINESTRING( 630948.037108399 4800970.649651855, 630893.1062938685 4800869.363523107 )
2120;4800170705;4800165504;91.33261947918697;5.555555555555555;420.0;1.0;car;47;;residential;487562119;LINESTRING( 631678.081874075 4801466.543329495, 631591.5622980392 4801495.744748893 )
2121;4800170705;4800165505;90.00142680271715;5.555555555555555;420.0;1.0;car;70;;residential;487562119;LINESTRING( 631678.081874075 4801466.543329495, 631763.3538752397 4801437.751965445 )
2122;4800165505;4800170705;90.00142680271715;5.555555555555555;420.0;1.0;car;52;;residential;487562119;LINESTRING( 631763.3538752397 4801437.751965445, 631678.081874075 4801466.543329495 )
2123;4800165505;7013120719;95.63956836196161;5.555555555555555;420.0;1.0;car;58;;residential;487562119;LINESTRING( 631763.3538752397 4801437.751965445, 631852.9573294151 4801404.313245186 )
2124;7013120719;4800165505;95.63956836196161;5.555555555555555;420.0;1.0;car;34;;residential;487562119;LINESTRING( 631852.9573294151 4801404.313245186, 631763.3538752397 4801437.751965445 )
2125;7013120719;4800167841;91.46478251943002;5.555555555555555;420.0;1.0;car;35;;residential;487562119;LINESTRING( 631852.9573294151 4801404.313245186, 631939.3036699726 4801374.145125384 )
2126;4800167841;7013120719;91.46478251943002;5.555555555555555;420.0;1.0;car;48;;residential;487562119;LINESTRING( 631939.3036699726 4801374.145125384, 631852.9573294151 4801404.313245186 )
2127;4800167841;4800165506;91.21986743994378;5.555555555555555;420.0;1.0;car;63;;residential;487562119;LINESTRING( 631939.3036699726 4801374.145125384, 632026.0182957177 4801345.918410605 )
2128;4800165506;4800167841;91.21986743994378;5.555555555555555;420.0;1.0;car;12;;residential;487562119;LINESTRING( 632026.0182957177 4801345.918410605, 631939.3036699726 4801374.145125384 )
2129;4800178440;6344330286;509.8057216489654;5.555555555555555;420.0;1.0;car;40;;unclassified;677575402;LINESTRING( 633253.6984505565 4801964.991080682, 632808.939056292 4801858.503965985 )
213;10580864814;10580864822;242.65408013707835;5.555555555555555;420.0;1.0;car;0;;unclassified;1135051767;LINESTRING( 630893.1062938685 4800869.363523107, 630948.037108399 4800970.649651855 )
2130;6344330286;4800178440;509.8057216489654;5.555555555555555;420.0;1.0;car;40;;unclassified;677575402;LINESTRING( 632808.939056292 4801858.503965985, 633253.6984505565 4801964.991080682 )
2131;12759303823;10211647322;536.2900930472833;12.5;1200.0;1.0;car;3026;;trunk_link;1116490756;LINESTRING( 633813.9073922237 4801548.793271309, 633458.2999790305 4801404.432776438 )
2133;11704519077;12759303895;228.23493857083088;12.5;2400.0;2.0;car;3135;;trunk_link;1116490758;LINESTRING( 633178.6383238371 4804409.318496476, 633267.5272683977 4804335.800142324 )
2134;10211647351;12759303923;252.27922349043968;12.5;2400.0;2.0;car;3035;;trunk_link;1116490759;LINESTRING( 633293.5125583753 4804281.761920438, 633389.0863827625 4804344.698692193 )
2135;1411867086;1844618174;65.93882467841709;8.333333333333334;750.0;1.0;car;1671;;secondary;542576345;LINESTRING( 631449.0731914641 4803388.572368195, 631420.8605813995 4803328.973901493 )
2136;1844618174;1411867086;65.93882467841709;8.333333333333334;750.0;1.0;car;2163;;secondary;542576345;LINESTRING( 631420.8605813995 4803328.973901493, 631449.0731914641 4803388.572368195 )
2137;1844618174;5244146867;78.82734894722034;8.333333333333334;750.0;1.0;car;1712;;secondary;542576345;LINESTRING( 631420.8605813995 4803328.973901493, 631377.9539841712 4803263.501562852 )
2138;5244146867;1844618174;78.82734894722034;8.333333333333334;750.0;1.0;car;1884;;secondary;542576345;LINESTRING( 631377.9539841712 4803263.501562852, 631420.8605813995 4803328.973901493 )
2139;5244146867;5244146858;223.34008952158726;8.333333333333334;750.0;1.0;car;1656;;secondary;542576345;LINESTRING( 631377.9539841712 4803263.501562852, 631224.8146460358 4803100.986557 )
214;3321563195;10578216754;39.402933049029194;5.555555555555555;420.0;1.0;car;401;;residential;1190100671;LINESTRING( 630826.5885136704 4802634.901992054, 630862.2844906492 4802618.2170179635 )
2140;5244146858;5244146867;223.34008952158726;8.333333333333334;750.0;1.0;car;1828;;secondary;542576345;LINESTRING( 631224.8146460358 4803100.986557, 631377.9539841712 4803263.501562852 )
2141;5244146858;3795376655;114.25661779955217;8.333333333333334;750.0;1.0;car;1650;;secondary;542576345;LINESTRING( 631224.8146460358 4803100.986557, 631144.1340976143 4803020.084001531 )
2142;3795376655;5244146858;114.25661779955217;8.333333333333334;750.0;1.0;car;1822;;secondary;542576345;LINESTRING( 631144.1340976143 4803020.084001531, 631224.8146460358 4803100.986557 )
2143;3795376655;6344286498;152.6362003781286;8.333333333333334;750.0;1.0;car;1517;;secondary;542576345;LINESTRING( 631144.1340976143 4803020.084001531, 631037.4465790733 4802910.925478944 )
2144;6344286498;3795376655;152.6362003781286;8.333333333333334;750.0;1.0;car;1865;;secondary;542576345;LINESTRING( 631037.4465790733 4802910.925478944, 631144.1340976143 4803020.084001531 )
2145;6344286498;2015570218;98.03444474000828;8.333333333333334;750.0;1.0;car;1460;;secondary;542576345;LINESTRING( 631037.4465790733 4802910.925478944, 630972.113005358 4802837.977521157 )
2146;2015570218;6344286498;98.03444474000828;8.333333333333334;750.0;1.0;car;1725;;secondary;542576345;LINESTRING( 630972.113005358 4802837.977521157, 631037.4465790733 4802910.925478944 )
2147;2015570218;1411867080;45.191311193021086;8.333333333333334;750.0;1.0;car;1491;;secondary;542576345;LINESTRING( 630972.113005358 4802837.977521157, 630952.2060058448 4802797.407014903 )
2148;1411867080;2015570218;45.191311193021086;8.333333333333334;750.0;1.0;car;1601;;secondary;542576345;LINESTRING( 630952.2060058448 4802797.407014903, 630972.113005358 4802837.977521157 )
2149;1411867080;6344294347;144.69341372831096;8.333333333333334;750.0;1.0;car;1488;;secondary;542576345;LINESTRING( 630952.2060058448 4802797.407014903, 630887.3055127711 4802668.085284516 )
215;10578216754;3321563195;39.402933049029194;5.555555555555555;420.0;1.0;car;277;;residential;1190100671;LINESTRING( 630862.2844906492 4802618.2170179635, 630826.5885136704 4802634.901992054 )
2150;6344294347;1411867080;144.69341372831096;8.333333333333334;750.0;1.0;car;1606;;secondary;542576345;LINESTRING( 630887.3055127711 4802668.085284516, 630952.2060058448 4802797.407014903 )
2151;6344294347;10578216754;55.79332896497395;8.333333333333334;750.0;1.0;car;1513;;secondary;542576345;LINESTRING( 630887.3055127711 4802668.085284516, 630862.2844906492 4802618.2170179635 )
2152;10578216754;6344294347;55.79332896497395;8.333333333333334;750.0;1.0;car;1576;;secondary;542576345;LINESTRING( 630862.2844906492 4802618.2170179635, 630887.3055127711 4802668.085284516 )
2153;10578216754;5244141503;213.80449119907885;8.333333333333334;750.0;1.0;car;1410;;secondary;542576345;LINESTRING( 630862.2844906492 4802618.2170179635, 630766.3872670041 4802427.125199949 )
2154;5244141503;10578216754;213.80449119907885;8.333333333333334;750.0;1.0;car;1431;;secondary;542576345;LINESTRING( 630766.3872670041 4802427.125199949, 630862.2844906492 4802618.2170179635 )
2155;5244141503;6342425292;121.48474569984666;8.333333333333334;750.0;1.0;car;1424;;secondary;542576345;LINESTRING( 630766.3872670041 4802427.125199949, 630711.8916309517 4802318.549101823 )
2156;6342425292;5244141503;121.48474569984666;8.333333333333334;750.0;1.0;car;1441;;secondary;542576345;LINESTRING( 630711.8916309517 4802318.549101823, 630766.3872670041 4802427.125199949 )
2157;6342425292;6342423950;69.13787642654906;8.333333333333334;750.0;1.0;car;1433;;secondary;542576345;LINESTRING( 630711.8916309517 4802318.549101823, 630680.8810948341 4802256.755958138 )
2158;6342423950;6342425292;69.13787642654906;8.333333333333334;750.0;1.0;car;1659;;secondary;542576345;LINESTRING( 630680.8810948341 4802256.755958138, 630711.8916309517 4802318.549101823 )
2159;6342423950;6342424654;67.58318710635966;8.333333333333334;750.0;1.0;car;1475;;secondary;542576345;LINESTRING( 630680.8810948341 4802256.755958138, 630650.5645254672 4802196.354031006 )
216;12488193531;12488193539;30.9138906876425;5.555555555555555;420.0;1.0;car;1;;unclassified;1349961764;LINESTRING( 634391.3847907619 4800890.969492251, 634408.0929491626 4800912.710837388 )
2160;6342424654;6342423950;67.58318710635966;8.333333333333334;750.0;1.0;car;1626;;secondary;542576345;LINESTRING( 630650.5645254672 4802196.354031006, 630680.8810948341 4802256.755958138 )
2161;6342424654;6342424651;70.29157192260996;8.333333333333334;750.0;1.0;car;1111;;secondary;542576345;LINESTRING( 630650.5645254672 4802196.354031006, 630619.0377449362 4802133.5291379085 )
2162;6342424651;6342424654;70.29157192260996;8.333333333333334;750.0;1.0;car;1110;;secondary;542576345;LINESTRING( 630619.0377449362 4802133.5291379085, 630650.5645254672 4802196.354031006 )
2163;6342424651;6342431663;64.19337028434575;8.333333333333334;750.0;1.0;car;1107;;secondary;542576345;LINESTRING( 630619.0377449362 4802133.5291379085, 630590.2422271144 4802076.156610146 )
2164;6342431663;6342424651;64.19337028434575;8.333333333333334;750.0;1.0;car;1093;;secondary;542576345;LINESTRING( 630590.2422271144 4802076.156610146, 630619.0377449362 4802133.5291379085 )
2165;6342431663;5244141501;56.49950493402104;8.333333333333334;750.0;1.0;car;1351;;secondary;542576345;LINESTRING( 630590.2422271144 4802076.156610146, 630564.8963829259 4802025.661241644 )
2166;5244141501;6342431663;56.49950493402104;8.333333333333334;750.0;1.0;car;1083;;secondary;542576345;LINESTRING( 630564.8963829259 4802025.661241644, 630590.2422271144 4802076.156610146 )
2167;5244141501;6342423939;42.89245234521064;8.333333333333334;750.0;1.0;car;1121;;secondary;542576345;LINESTRING( 630564.8963829259 4802025.661241644, 630545.6545104991 4801987.327016548 )
2168;6342423939;5244141501;42.89245234521064;8.333333333333334;750.0;1.0;car;1082;;secondary;542576345;LINESTRING( 630545.6545104991 4801987.327016548, 630564.8963829259 4802025.661241644 )
2169;6342423939;4800190930;73.46966874028325;8.333333333333334;750.0;1.0;car;1078;;secondary;542576345;LINESTRING( 630545.6545104991 4801987.327016548, 630512.6969986954 4801921.664282517 )
217;12488193539;12488193531;30.9138906876425;5.555555555555555;420.0;1.0;car;1;;unclassified;1349961764;LINESTRING( 634408.0929491626 4800912.710837388, 634391.3847907619 4800890.969492251 )
2170;4800190930;6342423939;73.46966874028325;8.333333333333334;750.0;1.0;car;1123;;secondary;542576345;LINESTRING( 630512.6969986954 4801921.664282517, 630545.6545104991 4801987.327016548 )
2171;4800190930;3321563191;135.42707132007794;8.333333333333334;750.0;1.0;car;1030;;secondary;542576345;LINESTRING( 630512.6969986954 4801921.664282517, 630451.9480363157 4801800.626870052 )
2172;3321563191;4800190930;135.42707132007794;8.333333333333334;750.0;1.0;car;1117;;secondary;542576345;LINESTRING( 630451.9480363157 4801800.626870052, 630512.6969986954 4801921.664282517 )
2173;3321563191;5244141510;44.613097269930535;8.333333333333334;750.0;1.0;car;592;;secondary;542576345;LINESTRING( 630451.9480363157 4801800.626870052, 630431.9319139723 4801760.756037425 )
2174;5244141510;3321563191;44.613097269930535;8.333333333333334;750.0;1.0;car;753;;secondary;542576345;LINESTRING( 630431.9319139723 4801760.756037425, 630451.9480363157 4801800.626870052 )
2175;5244141510;3321563183;131.64983559774112;8.333333333333334;750.0;1.0;car;517;;secondary;542576345;LINESTRING( 630431.9319139723 4801760.756037425, 630372.8739781713 4801643.096191123 )
2176;3321563183;5244141510;131.64983559774112;8.333333333333334;750.0;1.0;car;604;;secondary;542576345;LINESTRING( 630372.8739781713 4801643.096191123, 630431.9319139723 4801760.756037425 )
2177;3321563183;3321563179;116.00890529769781;8.333333333333334;750.0;1.0;car;523;;secondary;542576345;LINESTRING( 630372.8739781713 4801643.096191123, 630320.832585528 4801539.415143867 )
2178;3321563179;3321563183;116.00890529769781;8.333333333333334;750.0;1.0;car;488;;secondary;542576345;LINESTRING( 630320.832585528 4801539.415143867, 630372.8739781713 4801643.096191123 )
2179;3321563179;5244146825;81.52527352870199;8.333333333333334;750.0;1.0;car;433;;secondary;542576345;LINESTRING( 630320.832585528 4801539.415143867, 630284.2638419998 4801466.551591794 )
218;10580859958;10580859956;101.75500453351998;5.555555555555555;420.0;1.0;car;64;;unclassified;1135050740;LINESTRING( 632285.439826434 4801489.441875756, 632324.5845280567 4801581.221286342 )
2180;5244146825;3321563179;81.52527352870199;8.333333333333334;750.0;1.0;car;401;;secondary;542576345;LINESTRING( 630284.2638419998 4801466.551591794, 630320.832585528 4801539.415143867 )
2181;5244146825;3321563170;294.5581915457907;8.333333333333334;750.0;1.0;car;361;;secondary;542576345;LINESTRING( 630284.2638419998 4801466.551591794, 630152.1120435031 4801203.301842982 )
2182;3321563170;5244146825;294.5581915457907;8.333333333333334;750.0;1.0;car;383;;secondary;542576345;LINESTRING( 630152.1120435031 4801203.301842982, 630284.2638419998 4801466.551591794 )
2183;3321563170;5244146834;15.263589158002763;8.333333333333334;750.0;1.0;car;299;;secondary;542576345;LINESTRING( 630152.1120435031 4801203.301842982, 630145.2644950042 4801189.66042687 )
2184;5244146834;3321563170;15.263589158002763;8.333333333333334;750.0;1.0;car;280;;secondary;542576345;LINESTRING( 630145.2644950042 4801189.66042687, 630152.1120435031 4801203.301842982 )
2185;5244146834;5244146833;237.02670661140723;8.333333333333334;750.0;1.0;car;205;;secondary;542576345;LINESTRING( 630145.2644950042 4801189.66042687, 630038.924596331 4800977.826799707 )
2186;5244146833;5244146834;237.02670661140723;8.333333333333334;750.0;1.0;car;216;;secondary;542576345;LINESTRING( 630038.924596331 4800977.826799707, 630145.2644950042 4801189.66042687 )
2187;10211631600;11449797976;513.51667878521;12.5;2400.0;2.0;car;2915;;trunk_link;1116490754;LINESTRING( 633740.4243729254 4801001.131910562, 633691.7991140201 4801046.388577276 )
2188;11915846570;10211631614;664.4019685135913;19.444444444444443;1700.0;1.0;car;120;;trunk;1116490755;LINESTRING( 633835.0738796955 4800897.524783777, 633826.3060363813 4801545.783387015 )
2189;10580861400;10580861421;100.91236805206884;5.555555555555555;420.0;1.0;car;43;;residential;1135051062;LINESTRING( 631651.1396026489 4800811.18487359, 631555.0063577902 4800834.022783614 )
219;10580859956;10580859958;101.75500453351998;5.555555555555555;420.0;1.0;car;64;;unclassified;1135050740;LINESTRING( 632324.5845280567 4801581.221286342, 632285.439826434 4801489.441875756 )
2190;10580861421;10580861400;100.91236805206884;5.555555555555555;420.0;1.0;car;17;;residential;1135051062;LINESTRING( 631555.0063577902 4800834.022783614, 631651.1396026489 4800811.18487359 )
2191;4833979256;7007707119;7.136912248623552;5.555555555555555;420.0;1.0;car;1;;residential;491257813;LINESTRING( 634345.2151727565 4804197.0695760185, 634351.8480218693 4804194.435030689 )
2192;7007707119;4833979256;7.136912248623552;5.555555555555555;420.0;1.0;car;1;;residential;491257813;LINESTRING( 634351.8480218693 4804194.435030689, 634345.2151727565 4804197.0695760185 )
2193;7007707119;4833974707;89.94798015145156;5.555555555555555;420.0;1.0;car;57;;residential;491257813;LINESTRING( 634351.8480218693 4804194.435030689, 634435.8846246802 4804162.36497423 )
2194;4833974707;7007707119;89.94798015145156;5.555555555555555;420.0;1.0;car;57;;residential;491257813;LINESTRING( 634435.8846246802 4804162.36497423, 634351.8480218693 4804194.435030689 )
2195;4833974707;4833976449;106.860436531134;5.555555555555555;420.0;1.0;car;35;;residential;491257813;LINESTRING( 634435.8846246802 4804162.36497423, 634534.4033300118 4804120.97394144 )
2196;4833976449;4833974707;106.860436531134;5.555555555555555;420.0;1.0;car;65;;residential;491257813;LINESTRING( 634534.4033300118 4804120.97394144, 634435.8846246802 4804162.36497423 )
2197;4833976449;4833978172;102.27601318044206;5.555555555555555;420.0;1.0;car;48;;residential;491257813;LINESTRING( 634534.4033300118 4804120.97394144, 634629.6789314537 4804083.78600466 )
2198;4833978172;4833976449;102.27601318044206;5.555555555555555;420.0;1.0;car;92;;residential;491257813;LINESTRING( 634629.6789314537 4804083.78600466, 634534.4033300118 4804120.97394144 )
2199;4833978172;4833981447;99.32368386702657;5.555555555555555;420.0;1.0;car;154;;residential;491257813;LINESTRING( 634629.6789314537 4804083.78600466, 634720.3854109992 4804043.3196143415 )
22;11704496368;10632880857;58.7346269617735;19.444444444444443;2550.0;2.0;car;3148;;primary;1396178744;LINESTRING( 633263.5687218044 4804072.65577758, 633321.0590633099 4804060.746687272 )
220;12488176663;12488193530;34.23547035693858;5.555555555555555;420.0;1.0;car;3;;unclassified;1349961762;LINESTRING( 634420.6213618387 4800848.176427335, 634401.6355672637 4800876.574436817 )
2200;4833981447;4833978172;99.32368386702657;5.555555555555555;420.0;1.0;car;97;;residential;491257813;LINESTRING( 634720.3854109992 4804043.3196143415, 634629.6789314537 4804083.78600466 )
2201;4833981447;7008034384;2.3183308828195353;5.555555555555555;420.0;1.0;car;217;;residential;491257813;LINESTRING( 634720.3854109992 4804043.3196143415, 634722.3861941476 4804042.148493137 )
2202;7008034384;4833981447;2.3183308828195353;5.555555555555555;420.0;1.0;car;125;;residential;491257813;LINESTRING( 634722.3861941476 4804042.148493137, 634720.3854109992 4804043.3196143415 )
2203;7008034384;4833981557;67.74920939084869;5.555555555555555;420.0;1.0;car;78;;residential;491257813;LINESTRING( 634722.3861941476 4804042.148493137, 634785.1980034534 4804016.758889264 )
2204;4833981557;7008034384;67.74920939084869;5.555555555555555;420.0;1.0;car;175;;residential;491257813;LINESTRING( 634785.1980034534 4804016.758889264, 634722.3861941476 4804042.148493137 )
2205;4833981557;7008032225;83.3237728655754;5.555555555555555;420.0;1.0;car;128;;residential;491257813;LINESTRING( 634785.1980034534 4804016.758889264, 634862.300431415 4803985.166695721 )
2206;7008032225;4833981557;83.3237728655754;5.555555555555555;420.0;1.0;car;113;;residential;491257813;LINESTRING( 634862.300431415 4803985.166695721, 634785.1980034534 4804016.758889264 )
2207;7008032225;4833955458;82.54621708728817;5.555555555555555;420.0;1.0;car;120;;residential;491257813;LINESTRING( 634862.300431415 4803985.166695721, 634938.68449898 4803953.87209271 )
2208;4833955458;7008032225;82.54621708728817;5.555555555555555;420.0;1.0;car;106;;residential;491257813;LINESTRING( 634938.68449898 4803953.87209271, 634862.300431415 4803985.166695721 )
2209;4833955458;4833980390;80.5794614971256;5.555555555555555;420.0;1.0;car;103;;residential;491257813;LINESTRING( 634938.68449898 4803953.87209271, 635013.2472086524 4803923.319646957 )
221;12488193530;12488176663;34.23547035693858;5.555555555555555;420.0;1.0;car;29;;unclassified;1349961762;LINESTRING( 634401.6355672637 4800876.574436817, 634420.6213618387 4800848.176427335 )
2210;4833980390;4833955458;80.5794614971256;5.555555555555555;420.0;1.0;car;77;;residential;491257813;LINESTRING( 635013.2472086524 4803923.319646957, 634938.68449898 4803953.87209271 )
2211;4833980390;4833980808;79.6566761016531;5.555555555555555;420.0;1.0;car;257;;residential;491257813;LINESTRING( 635013.2472086524 4803923.319646957, 635086.9837380104 4803893.184778685 )
2212;4833980808;4833980390;79.6566761016531;5.555555555555555;420.0;1.0;car;59;;residential;491257813;LINESTRING( 635086.9837380104 4803893.184778685, 635013.2472086524 4803923.319646957 )
2213;4833980808;4833978118;81.86481781457934;5.555555555555555;420.0;1.0;car;233;;residential;491257813;LINESTRING( 635086.9837380104 4803893.184778685, 635162.2533436959 4803860.992623495 )
2214;4833978118;4833980808;81.86481781457934;5.555555555555555;420.0;1.0;car;63;;residential;491257813;LINESTRING( 635162.2533436959 4803860.992623495, 635086.9837380104 4803893.184778685 )
2215;4833978118;4833979257;82.45714287547666;5.555555555555555;420.0;1.0;car;155;;residential;491257813;LINESTRING( 635162.2533436959 4803860.992623495, 635240.2130418839 4803834.132506786 )
2216;4833979257;4833978118;82.45714287547666;5.555555555555555;420.0;1.0;car;93;;residential;491257813;LINESTRING( 635240.2130418839 4803834.132506786, 635162.2533436959 4803860.992623495 )
2217;4833979257;10600535062;303.7998987668046;5.555555555555555;420.0;1.0;car;138;;residential;491257813;LINESTRING( 635240.2130418839 4803834.132506786, 635130.6334508219 4803550.783443415 )
2218;10600535062;4833979257;303.7998987668046;5.555555555555555;420.0;1.0;car;76;;residential;491257813;LINESTRING( 635130.6334508219 4803550.783443415, 635240.2130418839 4803834.132506786 )
2219;2679393202;7007698596;144.30937377899792;5.555555555555555;420.0;1.0;car;50;;residential;749364793;LINESTRING( 634172.7801288706 4804098.628205855, 634257.3231509947 4804183.001114804 )
222;12488193530;12488193531;17.671899723316315;5.555555555555555;420.0;1.0;car;3;;unclassified;1349961763;LINESTRING( 634401.6355672637 4800876.574436817, 634391.3847907619 4800890.969492251 )
2220;7007698596;2679393202;144.30937377899792;5.555555555555555;420.0;1.0;car;50;;residential;749364793;LINESTRING( 634257.3231509947 4804183.001114804, 634172.7801288706 4804098.628205855 )
2221;7007698596;7007698602;25.760647629731665;5.555555555555555;420.0;1.0;car;12;;residential;749364793;LINESTRING( 634257.3231509947 4804183.001114804, 634268.1180793007 4804206.224922727 )
2222;7007698602;7007698596;25.760647629731665;5.555555555555555;420.0;1.0;car;10;;residential;749364793;LINESTRING( 634268.1180793007 4804206.224922727, 634257.3231509947 4804183.001114804 )
2223;7007698602;7007698598;17.824706915441762;5.555555555555555;420.0;1.0;car;2;;residential;749364793;LINESTRING( 634268.1180793007 4804206.224922727, 634280.8218073897 4804201.500031794 )
2224;7007698598;7007698602;17.824706915441762;5.555555555555555;420.0;1.0;car;0;;residential;749364793;LINESTRING( 634280.8218073897 4804201.500031794, 634268.1180793007 4804206.224922727 )
2225;7007698598;7007698596;30.86390563676796;5.555555555555555;420.0;1.0;car;12;;residential;749364793;LINESTRING( 634280.8218073897 4804201.500031794, 634257.3231509947 4804183.001114804 )
2226;7007698596;7007698598;30.86390563676796;5.555555555555555;420.0;1.0;car;10;;residential;749364793;LINESTRING( 634257.3231509947 4804183.001114804, 634280.8218073897 4804201.500031794 )
2227;10578216747;10578216746;57.8802122506222;5.555555555555555;420.0;1.0;car;10;;unclassified;1134700854;LINESTRING( 631175.3000714809 4802582.744239932, 631136.8263195528 4802539.502022334 )
2228;10578216746;10578216747;57.8802122506222;5.555555555555555;420.0;1.0;car;10;;unclassified;1134700854;LINESTRING( 631136.8263195528 4802539.502022334, 631175.3000714809 4802582.744239932 )
2229;10578216749;10578216748;77.52625828319441;5.555555555555555;420.0;1.0;car;5;;residential;1134700855;LINESTRING( 630933.7998616393 4802603.19256156, 631002.1820379721 4802566.665877022 )
223;12488193531;12488193530;17.671899723316315;5.555555555555555;420.0;1.0;car;29;;unclassified;1349961763;LINESTRING( 634391.3847907619 4800890.969492251, 634401.6355672637 4800876.574436817 )
2230;10578216748;10578216749;77.52625828319441;5.555555555555555;420.0;1.0;car;5;;residential;1134700855;LINESTRING( 631002.1820379721 4802566.665877022, 630933.7998616393 4802603.19256156 )
2231;10578216754;10578216755;147.92595564715978;5.555555555555555;420.0;1.0;car;344;;residential;1134700858;LINESTRING( 630862.2844906492 4802618.2170179635, 630993.524533706 4802549.966454211 )
2232;10578216755;10578216754;147.92595564715978;5.555555555555555;420.0;1.0;car;262;;residential;1134700858;LINESTRING( 630993.524533706 4802549.966454211, 630862.2844906492 4802618.2170179635 )
2233;10578216755;6344293145;63.730735019587705;5.555555555555555;420.0;1.0;car;41;;residential;1134700858;LINESTRING( 630993.524533706 4802549.966454211, 631041.1348381384 4802511.2266895985 )
2234;6344293145;10578216755;63.730735019587705;5.555555555555555;420.0;1.0;car;19;;residential;1134700858;LINESTRING( 631041.1348381384 4802511.2266895985, 630993.524533706 4802549.966454211 )
2235;6342426584;10578216755;143.01348248010183;5.555555555555555;420.0;1.0;car;248;;residential;1134700859;LINESTRING( 630929.2893124705 4802422.190507633, 630993.524533706 4802549.966454211 )
2236;10578216755;6342426584;143.01348248010183;5.555555555555555;420.0;1.0;car;265;;residential;1134700859;LINESTRING( 630993.524533706 4802549.966454211, 630929.2893124705 4802422.190507633 )
2237;10578216750;10578216748;36.529474598455664;5.555555555555555;420.0;1.0;car;159;;residential;1134700856;LINESTRING( 631018.9887543444 4802599.099452206, 631002.1820379721 4802566.665877022 )
2238;10578216748;10578216750;36.529474598455664;5.555555555555555;420.0;1.0;car;202;;residential;1134700856;LINESTRING( 631002.1820379721 4802566.665877022, 631018.9887543444 4802599.099452206 )
2239;10578216748;10578216755;18.81018613262101;5.555555555555555;420.0;1.0;car;159;;residential;1134700856;LINESTRING( 631002.1820379721 4802566.665877022, 630993.524533706 4802549.966454211 )
2240;10578216755;10578216748;18.81018613262101;5.555555555555555;420.0;1.0;car;202;;residential;1134700856;LINESTRING( 630993.524533706 4802549.966454211, 631002.1820379721 4802566.665877022 )
2241;10845288296;10845288290;131.39035246905812;5.555555555555555;420.0;1.0;car;1383;;residential;1166031642;LINESTRING( 632740.5559062518 4804236.044164904, 632696.3434144396 4804112.986537154 )
2242;10845288290;10845288296;131.39035246905812;5.555555555555555;420.0;1.0;car;1350;;residential;1166031642;LINESTRING( 632696.3434144396 4804112.986537154, 632740.5559062518 4804236.044164904 )
2243;10724766237;4800157429;41.62311166684225;5.555555555555555;420.0;1.0;car;1251;;residential;1134700862;LINESTRING( 631167.2432385084 4802175.018302296, 631199.1682837039 4802150.229304654 )
2244;4800157429;10724766237;41.62311166684225;5.555555555555555;420.0;1.0;car;1082;;residential;1134700862;LINESTRING( 631199.1682837039 4802150.229304654, 631167.2432385084 4802175.018302296 )
2245;6344305632;10578216760;82.8883305498233;5.555555555555555;420.0;1.0;car;184;;unclassified;1134700863;LINESTRING( 631083.825396277 4801915.660122679, 631116.0451780511 4801991.499396032 )
2246;10578216760;6344305632;82.8883305498233;5.555555555555555;420.0;1.0;car;69;;unclassified;1134700863;LINESTRING( 631116.0451780511 4801991.499396032, 631083.825396277 4801915.660122679 )
2247;10578216760;10578216769;45.70421693104341;5.555555555555555;420.0;1.0;car;204;;unclassified;1134700863;LINESTRING( 631116.0451780511 4801991.499396032, 631132.5436931207 4802034.026170857 )
2248;10578216769;10578216760;45.70421693104341;5.555555555555555;420.0;1.0;car;104;;unclassified;1134700863;LINESTRING( 631132.5436931207 4802034.026170857, 631116.0451780511 4801991.499396032 )
2249;10578216769;10578216772;110.75380185214308;5.555555555555555;420.0;1.0;car;311;;unclassified;1134700863;LINESTRING( 631132.5436931207 4802034.026170857, 631159.0729982515 4802141.552075863 )
2250;10578216772;10578216769;110.75380185214308;5.555555555555555;420.0;1.0;car;141;;unclassified;1134700863;LINESTRING( 631159.0729982515 4802141.552075863, 631132.5436931207 4802034.026170857 )
2251;10578216772;10724766237;34.4491093868332;5.555555555555555;420.0;1.0;car;776;;unclassified;1134700863;LINESTRING( 631159.0729982515 4802141.552075863, 631167.2432385084 4802175.018302296 )
2252;10724766237;10578216772;34.4491093868332;5.555555555555555;420.0;1.0;car;923;;unclassified;1134700863;LINESTRING( 631167.2432385084 4802175.018302296, 631159.0729982515 4802141.552075863 )
2253;10724766237;6342429086;7.109829351666767;5.555555555555555;420.0;1.0;car;257;;unclassified;1134700863;LINESTRING( 631167.2432385084 4802175.018302296, 631164.9241592878 4802181.739280274 )
2254;6342429086;10724766237;7.109829351666767;5.555555555555555;420.0;1.0;car;573;;unclassified;1134700863;LINESTRING( 631164.9241592878 4802181.739280274, 631167.2432385084 4802175.018302296 )
2255;10580861409;10580861421;254.49271005973935;5.555555555555555;420.0;1.0;car;15;;residential;1135051066;LINESTRING( 631500.7242806092 4800994.561665362, 631555.0063577902 4800834.022783614 )
2256;10580861421;10580861409;254.49271005973935;5.555555555555555;420.0;1.0;car;21;;residential;1135051066;LINESTRING( 631555.0063577902 4800834.022783614, 631500.7242806092 4800994.561665362 )
2257;10580861421;10580861420;60.10794376196195;5.555555555555555;420.0;1.0;car;36;;residential;1135051066;LINESTRING( 631555.0063577902 4800834.022783614, 631536.660837459 4800776.782878066 )
2258;10580861420;10580861421;60.10794376196195;5.555555555555555;420.0;1.0;car;16;;residential;1135051066;LINESTRING( 631536.660837459 4800776.782878066, 631555.0063577902 4800834.022783614 )
2259;10580861420;10580861416;92.24685874124614;5.555555555555555;420.0;1.0;car;20;;residential;1135051066;LINESTRING( 631536.660837459 4800776.782878066, 631508.7639872921 4800689.093751069 )
2260;10580861416;10580861420;92.24685874124614;5.555555555555555;420.0;1.0;car;22;;residential;1135051066;LINESTRING( 631508.7639872921 4800689.093751069, 631536.660837459 4800776.782878066 )
2261;10578216759;10578216756;90.7697583552543;5.555555555555555;420.0;1.0;car;38;;residential;1134700860;LINESTRING( 631022.3106048437 4802269.642119698, 630964.2304853121 4802206.467503958 )
2262;10578216756;10578216759;90.7697583552543;5.555555555555555;420.0;1.0;car;30;;residential;1134700860;LINESTRING( 630964.2304853121 4802206.467503958, 631022.3106048437 4802269.642119698 )
2263;10580861420;13572851141;136.92964814551922;5.555555555555555;420.0;1.0;car;28;;residential;1135051065;LINESTRING( 631536.660837459 4800776.782878066, 631405.7193918698 4800806.356351801 )
2264;13572851141;10580861420;136.92964814551922;5.555555555555555;420.0;1.0;car;6;;residential;1135051065;LINESTRING( 631405.7193918698 4800806.356351801, 631536.660837459 4800776.782878066 )
2265;10578216771;10578216760;26.389316710124422;5.555555555555555;420.0;1.0;car;15;;unclassified;1134700861;LINESTRING( 631094.4770356263 4801976.293763234, 631116.0451780511 4801991.499396032 )
2266;10578216760;10578216771;26.389316710124422;5.555555555555555;420.0;1.0;car;30;;unclassified;1134700861;LINESTRING( 631116.0451780511 4801991.499396032, 631094.4770356263 4801976.293763234 )
2267;13572851147;10580861410;80.46206839676898;5.555555555555555;420.0;1.0;car;24;;residential;1135051064;LINESTRING( 631402.7750820814 4800710.853439684, 631402.2699464882 4800791.102007506 )
2268;10580861410;13572851147;80.46206839676898;5.555555555555555;420.0;1.0;car;10;;residential;1135051064;LINESTRING( 631402.2699464882 4800791.102007506, 631402.7750820814 4800710.853439684 )
2269;1411867098;10585811652;286.36829077136224;8.333333333333334;750.0;1.0;car;3173;;secondary;487255977;LINESTRING( 632427.3536807301 4803996.518774744, 632181.2570822153 4803873.043977804 )
2270;10585811652;1411867098;286.36829077136224;8.333333333333334;750.0;1.0;car;2732;;secondary;487255977;LINESTRING( 632181.2570822153 4803873.043977804, 632427.3536807301 4803996.518774744 )
2271;10585811652;3795446060;127.03966621845946;8.333333333333334;750.0;1.0;car;2861;;secondary;487255977;LINESTRING( 632181.2570822153 4803873.043977804, 632054.9684979311 4803885.084260666 )
2272;3795446060;10585811652;127.03966621845946;8.333333333333334;750.0;1.0;car;2349;;secondary;487255977;LINESTRING( 632054.9684979311 4803885.084260666, 632181.2570822153 4803873.043977804 )
2273;3795446060;2015570271;53.723615221094356;8.333333333333334;750.0;1.0;car;2242;;secondary;487255977;LINESTRING( 632054.9684979311 4803885.084260666, 632001.5340257799 4803890.650589649 )
2274;2015570271;3795446060;53.723615221094356;8.333333333333334;750.0;1.0;car;2091;;secondary;487255977;LINESTRING( 632001.5340257799 4803890.650589649, 632054.9684979311 4803885.084260666 )
2275;2015570271;2015570274;140.6657768680197;8.333333333333334;750.0;1.0;car;1834;;secondary;487255977;LINESTRING( 632001.5340257799 4803890.650589649, 631861.677546157 4803905.717967967 )
2276;2015570274;2015570271;140.6657768680197;8.333333333333334;750.0;1.0;car;1505;;secondary;487255977;LINESTRING( 631861.677546157 4803905.717967967, 632001.5340257799 4803890.650589649 )
2277;2015570274;1411867092;210.62712616833286;8.333333333333334;750.0;1.0;car;1771;;secondary;487255977;LINESTRING( 631861.677546157 4803905.717967967, 631661.6495594382 4803885.385351484 )
2278;1411867092;2015570274;210.62712616833286;8.333333333333334;750.0;1.0;car;1454;;secondary;487255977;LINESTRING( 631661.6495594382 4803885.385351484, 631861.677546157 4803905.717967967 )
228;11915846583;12383753453;56.780090332087084;5.555555555555555;420.0;1.0;car;3;;unclassified;1349961772;LINESTRING( 634364.0636867918 4801029.170433305, 634314.7813230085 4801004.426787026 )
2281;5244146897;6344449683;107.71497868958846;5.555555555555555;420.0;1.0;car;44;;unclassified;677587655;LINESTRING( 630162.7325733562 4802595.299324691, 630126.657772374 4802496.182010903 )
2282;6344449683;5244146897;107.71497868958846;5.555555555555555;420.0;1.0;car;96;;unclassified;677587655;LINESTRING( 630126.657772374 4802496.182010903, 630162.7325733562 4802595.299324691 )
2283;6344449683;10593377327;65.5679616623104;5.555555555555555;420.0;1.0;car;36;;unclassified;677587655;LINESTRING( 630126.657772374 4802496.182010903, 630091.143410723 4802441.170958567 )
2284;10593377327;6344449683;65.5679616623104;5.555555555555555;420.0;1.0;car;83;;unclassified;677587655;LINESTRING( 630091.143410723 4802441.170958567, 630126.657772374 4802496.182010903 )
2285;10593377327;10578179028;379.7973242241906;5.555555555555555;420.0;1.0;car;62;;unclassified;677587655;LINESTRING( 630091.143410723 4802441.170958567, 629980.1680149724 4802085.730240309 )
2286;10578179028;10593377327;379.7973242241906;5.555555555555555;420.0;1.0;car;94;;unclassified;677587655;LINESTRING( 629980.1680149724 4802085.730240309, 630091.143410723 4802441.170958567 )
2287;10578179028;10578179026;57.70424121236449;5.555555555555555;420.0;1.0;car;26;;unclassified;677587655;LINESTRING( 629980.1680149724 4802085.730240309, 629952.7271053108 4802035.197066918 )
2288;10578179026;10578179028;57.70424121236449;5.555555555555555;420.0;1.0;car;58;;unclassified;677587655;LINESTRING( 629952.7271053108 4802035.197066918, 629980.1680149724 4802085.730240309 )
2289;10578179026;6344452472;25.445007254606622;5.555555555555555;420.0;1.0;car;28;;unclassified;677587655;LINESTRING( 629952.7271053108 4802035.197066918, 629944.1082476939 4802011.256229682 )
229;12383753453;11915846583;56.780090332087084;5.555555555555555;420.0;1.0;car;3;;unclassified;1349961772;LINESTRING( 634314.7813230085 4801004.426787026, 634364.0636867918 4801029.170433305 )
2290;6344452472;10578179026;25.445007254606622;5.555555555555555;420.0;1.0;car;54;;unclassified;677587655;LINESTRING( 629944.1082476939 4802011.256229682, 629952.7271053108 4802035.197066918 )
2291;6344452472;6344452449;295.70151806420876;5.555555555555555;420.0;1.0;car;13;;unclassified;677587655;LINESTRING( 629944.1082476939 4802011.256229682, 630058.8862250979 4801809.374589136 )
2292;6344452449;6344452472;295.70151806420876;5.555555555555555;420.0;1.0;car;41;;unclassified;677587655;LINESTRING( 630058.8862250979 4801809.374589136, 629944.1082476939 4802011.256229682 )
2293;6344452449;6344452464;30.534943206855363;5.555555555555555;420.0;1.0;car;56;;unclassified;677587655;LINESTRING( 630058.8862250979 4801809.374589136, 630055.6869811416 4801779.727399564 )
2294;6344452464;6344452449;30.534943206855363;5.555555555555555;420.0;1.0;car;88;;unclassified;677587655;LINESTRING( 630055.6869811416 4801779.727399564, 630058.8862250979 4801809.374589136 )
2297;4833980391;4833980390;440.1755798113994;5.555555555555555;420.0;1.0;car;62;;residential;749403677;LINESTRING( 635175.5438432285 4804331.701343907, 635013.2472086524 4803923.319646957 )
2298;4833980390;4833980391;440.1755798113994;5.555555555555555;420.0;1.0;car;22;;residential;749403677;LINESTRING( 635013.2472086524 4803923.319646957, 635175.5438432285 4804331.701343907 )
2299;4833980390;7008060129;328.96250597715016;5.555555555555555;420.0;1.0;car;79;;residential;749403677;LINESTRING( 635013.2472086524 4803923.319646957, 634894.4820006114 4803617.004036462 )
23;10632880857;11704496368;58.7346269617735;19.444444444444443;2550.0;2.0;car;2771;;primary;1396178744;LINESTRING( 633321.0590633099 4804060.746687272, 633263.5687218044 4804072.65577758 )
230;7007706971;7007731966;58.996954485609635;5.555555555555555;420.0;1.0;car;0;;residential;749367542;LINESTRING( 633686.0715390097 4802203.240499231, 633639.4007699296 4802210.339234041 )
2300;7008060129;4833980390;328.96250597715016;5.555555555555555;420.0;1.0;car;211;;residential;749403677;LINESTRING( 634894.4820006114 4803617.004036462, 635013.2472086524 4803923.319646957 )
2301;5190913948;5190913949;63.96976218142318;5.555555555555555;420.0;1.0;car;18;;residential;535594325;LINESTRING( 633193.4842402084 4803596.192854938, 633130.6919074631 4803608.409786711 )
2302;5190913949;5190913948;63.96976218142318;5.555555555555555;420.0;1.0;car;18;;residential;535594325;LINESTRING( 633130.6919074631 4803608.409786711, 633193.4842402084 4803596.192854938 )
2303;5190913949;5190913950;129.1422127521907;5.555555555555555;420.0;1.0;car;81;;residential;535594325;LINESTRING( 633130.6919074631 4803608.409786711, 633002.1104960572 4803620.431922769 )
2304;5190913950;5190913949;129.1422127521907;5.555555555555555;420.0;1.0;car;88;;residential;535594325;LINESTRING( 633002.1104960572 4803620.431922769, 633130.6919074631 4803608.409786711 )
2305;7007703791;7007707119;166.99746123329993;5.555555555555555;420.0;1.0;car;33;;residential;749365779;LINESTRING( 634339.0010423365 4804338.401470606, 634351.8480218693 4804194.435030689 )
2306;7007707119;7007703791;166.99746123329993;5.555555555555555;420.0;1.0;car;33;;residential;749365779;LINESTRING( 634351.8480218693 4804194.435030689, 634339.0010423365 4804338.401470606 )
2307;7007707119;10600533331;106.92564499457882;5.555555555555555;420.0;1.0;car;14;;residential;749365779;LINESTRING( 634351.8480218693 4804194.435030689, 634334.3107890873 4804093.772042574 )
2308;10600533331;7007707119;106.92564499457882;5.555555555555555;420.0;1.0;car;14;;residential;749365779;LINESTRING( 634334.3107890873 4804093.772042574, 634351.8480218693 4804194.435030689 )
2309;13572851130;10580861290;89.74715087951478;5.555555555555555;420.0;1.0;car;7;;residential;1135051036;LINESTRING( 631617.555631822 4801017.0435445495, 631675.0599921048 4801057.170142459 )
231;7007731966;7007706971;58.996954485609635;5.555555555555555;420.0;1.0;car;0;;residential;749367542;LINESTRING( 633639.4007699296 4802210.339234041, 633686.0715390097 4802203.240499231 )
2310;10580861290;13572851130;89.74715087951478;5.555555555555555;420.0;1.0;car;7;;residential;1135051036;LINESTRING( 631675.0599921048 4801057.170142459, 631617.555631822 4801017.0435445495 )
2311;10580861290;10580861283;84.664056441156;5.555555555555555;420.0;1.0;car;13;;residential;1135051035;LINESTRING( 631675.0599921048 4801057.170142459, 631689.0718897562 4801138.6681261435 )
2312;10580861283;10580861290;84.664056441156;5.555555555555555;420.0;1.0;car;13;;residential;1135051035;LINESTRING( 631689.0718897562 4801138.6681261435, 631675.0599921048 4801057.170142459 )
2313;5923638538;10600531585;653.6232835065258;5.555555555555555;420.0;1.0;car;186;;unclassified;1137158521;LINESTRING( 634832.7704254522 4805137.667896325, 634703.8852988565 4804555.006814681 )
2314;10600531585;5923638538;653.6232835065258;5.555555555555555;420.0;1.0;car;119;;unclassified;1137158521;LINESTRING( 634703.8852988565 4804555.006814681, 634832.7704254522 4805137.667896325 )
2315;10600531585;10724730995;102.60862362084642;5.555555555555555;420.0;1.0;car;46;;unclassified;1137158521;LINESTRING( 634703.8852988565 4804555.006814681, 634802.6094181093 4804534.000160868 )
2316;10724730995;10600531585;102.60862362084642;5.555555555555555;420.0;1.0;car;18;;unclassified;1137158521;LINESTRING( 634802.6094181093 4804534.000160868, 634703.8852988565 4804555.006814681 )
2317;10724730995;10724730997;96.86030413313803;5.555555555555555;420.0;1.0;car;122;;unclassified;1137158521;LINESTRING( 634802.6094181093 4804534.000160868, 634895.7712930249 4804511.56172485 )
2318;10724730997;10724730995;96.86030413313803;5.555555555555555;420.0;1.0;car;29;;unclassified;1137158521;LINESTRING( 634895.7712930249 4804511.56172485, 634802.6094181093 4804534.000160868 )
2319;2397236916;2397236982;145.6010956297371;5.555555555555555;420.0;1.0;car;49;;residential;487263156;LINESTRING( 632370.5476509606 4804522.824061008, 632465.9158142739 4804632.828209456 )
232;12488193576;12488193580;34.95266380096922;5.555555555555555;420.0;1.0;car;0;;unclassified;1349961770;LINESTRING( 634371.0965334921 4800918.008476349, 634389.1197383181 4800947.830779304 )
2320;2397236982;2397236916;145.6010956297371;5.555555555555555;420.0;1.0;car;60;;residential;487263156;LINESTRING( 632465.9158142739 4804632.828209456, 632370.5476509606 4804522.824061008 )
2321;9958346383;2679393188;26.781291420067337;19.444444444444443;1275.0;1.0;car;5015;;primary;1086849544;LINESTRING( 633652.7284220457 4803965.674956882, 633678.5361160794 4803958.519504501 )
2322;2679393188;9958346383;26.781291420067337;19.444444444444443;1275.0;1.0;car;5015;;primary;1086849544;LINESTRING( 633678.5361160794 4803958.519504501, 633652.7284220457 4803965.674956882 )
2323;2679393188;1844618313;116.09168295261036;19.444444444444443;1275.0;1.0;car;3199;;primary;1086849544;LINESTRING( 633678.5361160794 4803958.519504501, 633790.178475473 4803926.687721016 )
2324;1844618313;2679393188;116.09168295261036;19.444444444444443;1275.0;1.0;car;4160;;primary;1086849544;LINESTRING( 633790.178475473 4803926.687721016, 633678.5361160794 4803958.519504501 )
2325;1844618313;1844618173;130.78959917725183;19.444444444444443;1275.0;1.0;car;3131;;primary;1086849544;LINESTRING( 633790.178475473 4803926.687721016, 633916.0760222916 4803891.251697052 )
2326;1844618173;1844618313;130.78959917725183;19.444444444444443;1275.0;1.0;car;3805;;primary;1086849544;LINESTRING( 633916.0760222916 4803891.251697052, 633790.178475473 4803926.687721016 )
2327;1844618173;9958346385;154.10198826372948;19.444444444444443;1275.0;1.0;car;3141;;primary;1086849544;LINESTRING( 633916.0760222916 4803891.251697052, 634064.4573244981 4803849.653477569 )
2328;9958346385;1844618173;154.10198826372948;19.444444444444443;1275.0;1.0;car;3438;;primary;1086849544;LINESTRING( 634064.4573244981 4803849.653477569, 633916.0760222916 4803891.251697052 )
2329;9958346385;4833982921;60.34793168672592;19.444444444444443;1275.0;1.0;car;3107;;primary;1086849545;LINESTRING( 634064.4573244981 4803849.653477569, 634122.5651138894 4803833.363674902 )
233;12488193580;12488193576;34.95266380096922;5.555555555555555;420.0;1.0;car;0;;unclassified;1349961770;LINESTRING( 634389.1197383181 4800947.830779304, 634371.0965334921 4800918.008476349 )
2330;4833982921;9958346385;60.34793168672592;19.444444444444443;1275.0;1.0;car;3404;;primary;1086849545;LINESTRING( 634122.5651138894 4803833.363674902, 634064.4573244981 4803849.653477569 )
2331;7007706956;7007710765;27.91771586318927;5.555555555555555;420.0;1.0;car;506;;unclassified;749372009;LINESTRING( 633708.8585465734 4802570.426183898, 633686.0772771619 4802586.185291514 )
2332;7007710765;7007706956;27.91771586318927;5.555555555555555;420.0;1.0;car;506;;unclassified;749372009;LINESTRING( 633686.0772771619 4802586.185291514, 633708.8585465734 4802570.426183898 )
2333;7007710765;7007706953;122.54368432913783;5.555555555555555;420.0;1.0;car;506;;unclassified;749372009;LINESTRING( 633686.0772771619 4802586.185291514, 633578.8320086058 4802645.4708155785 )
2334;7007706953;7007710765;122.54368432913783;5.555555555555555;420.0;1.0;car;506;;unclassified;749372009;LINESTRING( 633578.8320086058 4802645.4708155785, 633686.0772771619 4802586.185291514 )
2335;7007706953;10593382841;365.8503496120646;5.555555555555555;420.0;1.0;car;621;;unclassified;749372009;LINESTRING( 633578.8320086058 4802645.4708155785, 633233.707524789 4802754.226579999 )
2336;10593382841;7007706953;365.8503496120646;5.555555555555555;420.0;1.0;car;621;;unclassified;749372009;LINESTRING( 633233.707524789 4802754.226579999, 633578.8320086058 4802645.4708155785 )
2337;10593382841;10585823269;36.51300121243598;5.555555555555555;420.0;1.0;car;557;;unclassified;749372009;LINESTRING( 633233.707524789 4802754.226579999, 633198.0053417736 4802761.877716126 )
2338;10585823269;10593382841;36.51300121243598;5.555555555555555;420.0;1.0;car;558;;unclassified;749372009;LINESTRING( 633198.0053417736 4802761.877716126, 633233.707524789 4802754.226579999 )
2339;10585823269;10593382845;32.326587372087666;5.555555555555555;420.0;1.0;car;541;;unclassified;749372009;LINESTRING( 633198.0053417736 4802761.877716126, 633166.3827236933 4802768.587282198 )
234;12488193596;11915846584;64.35931951768937;5.555555555555555;420.0;1.0;car;16;;unclassified;1349961771;LINESTRING( 634260.5371336342 4800970.263579112, 634212.3126844694 4800928.943139604 )
2340;10593382845;10585823269;32.326587372087666;5.555555555555555;420.0;1.0;car;554;;unclassified;749372009;LINESTRING( 633166.3827236933 4802768.587282198, 633198.0053417736 4802761.877716126 )
2341;10593382845;10585823072;98.55161521644112;5.555555555555555;420.0;1.0;car;621;;unclassified;749372009;LINESTRING( 633166.3827236933 4802768.587282198, 633069.7640308301 4802787.915782741 )
2342;10585823072;10593382845;98.55161521644112;5.555555555555555;420.0;1.0;car;735;;unclassified;749372009;LINESTRING( 633069.7640308301 4802787.915782741, 633166.3827236933 4802768.587282198 )
2343;10585823072;7007706958;72.26485951383673;5.555555555555555;420.0;1.0;car;637;;unclassified;749372009;LINESTRING( 633069.7640308301 4802787.915782741, 632997.8818527733 4802792.5337215755 )
2344;7007706958;10585823072;72.26485951383673;5.555555555555555;420.0;1.0;car;741;;unclassified;749372009;LINESTRING( 632997.8818527733 4802792.5337215755, 633069.7640308301 4802787.915782741 )
2345;5190917058;5190916843;136.2246099370546;5.555555555555555;420.0;1.0;car;27;;residential;535595307;LINESTRING( 632561.973448988 4803297.833841235, 632696.2602388245 4803274.9383738255 )
2346;5190916843;5190917058;136.2246099370546;5.555555555555555;420.0;1.0;car;27;;residential;535595307;LINESTRING( 632696.2602388245 4803274.9383738255, 632561.973448988 4803297.833841235 )
2347;6344310681;6344310679;117.28919321132223;5.555555555555555;420.0;1.0;car;175;;residential;677573290;LINESTRING( 631001.9039587964 4801308.813070132, 631101.2506850117 4801246.467397993 )
2348;6344310679;6344310681;117.28919321132223;5.555555555555555;420.0;1.0;car;417;;residential;677573290;LINESTRING( 631101.2506850117 4801246.467397993, 631001.9039587964 4801308.813070132 )
2349;6344310679;6344310682;109.95930491823248;5.555555555555555;420.0;1.0;car;138;;residential;677573290;LINESTRING( 631101.2506850117 4801246.467397993, 631195.5653062843 4801189.935982371 )
235;11915846584;12488193596;64.35931951768937;5.555555555555555;420.0;1.0;car;30;;unclassified;1349961771;LINESTRING( 634212.3126844694 4800928.943139604, 634260.5371336342 4800970.263579112 )
2350;6344310682;6344310679;109.95930491823248;5.555555555555555;420.0;1.0;car;425;;residential;677573290;LINESTRING( 631195.5653062843 4801189.935982371, 631101.2506850117 4801246.467397993 )
2351;6344310682;6344310683;112.88009628060925;5.555555555555555;420.0;1.0;car;94;;residential;677573290;LINESTRING( 631195.5653062843 4801189.935982371, 631295.5010798468 4801137.525654984 )
2352;6344310683;6344310682;112.88009628060925;5.555555555555555;420.0;1.0;car;65;;residential;677573290;LINESTRING( 631295.5010798468 4801137.525654984, 631195.5653062843 4801189.935982371 )
2353;12349948858;6344352897;50.29791054785006;19.444444444444443;2550.0;2.0;car;3142;;primary;1086849538;LINESTRING( 633390.3352258706 4804040.927011766, 633438.6904439286 4804027.083143425 )
2354;6344352897;12349948858;50.29791054785006;19.444444444444443;2550.0;2.0;car;4614;;primary;1086849538;LINESTRING( 633438.6904439286 4804027.083143425, 633390.3352258706 4804040.927011766 )
2355;6344352897;12349948857;51.717128792920434;19.444444444444443;2550.0;2.0;car;5032;;primary;1086849538;LINESTRING( 633438.6904439286 4804027.083143425, 633488.4375078642 4804012.944917617 )
2356;12349948857;6344352897;51.717128792920434;19.444444444444443;2550.0;2.0;car;4620;;primary;1086849538;LINESTRING( 633488.4375078642 4804012.944917617, 633438.6904439286 4804027.083143425 )
2357;9958346384;9958346383;49.47900572655191;19.444444444444443;1275.0;1.0;car;5017;;primary;1086849539;LINESTRING( 633605.139918198 4803979.221406942, 633652.7284220457 4803965.674956882 )
2358;9958346383;9958346384;49.47900572655191;19.444444444444443;1275.0;1.0;car;5017;;primary;1086849539;LINESTRING( 633652.7284220457 4803965.674956882, 633605.139918198 4803979.221406942 )
2359;7008846779;7008846778;122.92329358325699;5.555555555555555;420.0;1.0;car;19;;unclassified;749511267;LINESTRING( 632979.3093057382 4803069.909986816, 633101.4967785603 4803073.17080673 )
236;6344303617;6344303620;112.92830957605243;5.555555555555555;420.0;1.0;car;22;;residential;677572668;LINESTRING( 631013.0519559742 4801572.8015122395, 630975.4711925461 4801467.606567932 )
2360;7008846778;7008846779;122.92329358325699;5.555555555555555;420.0;1.0;car;26;;unclassified;749511267;LINESTRING( 633101.4967785603 4803073.17080673, 632979.3093057382 4803069.909986816 )
2361;7869503685;10585825712;125.41765064265843;5.555555555555555;420.0;1.0;car;9;;residential;1135604064;LINESTRING( 632328.9075494476 4802773.359133744, 632310.6348268391 4802649.2797450395 )
2362;10585825712;7869503685;125.41765064265843;5.555555555555555;420.0;1.0;car;9;;residential;1135604064;LINESTRING( 632310.6348268391 4802649.2797450395, 632328.9075494476 4802773.359133744 )
2363;5190918565;5190916844;133.00157054017026;5.555555555555555;420.0;1.0;car;52;;residential;535595324;LINESTRING( 632562.3128004132 4803236.323927244, 632693.8829918571 4803216.863647453 )
2364;5190916844;5190918565;133.00157054017026;5.555555555555555;420.0;1.0;car;52;;residential;535595324;LINESTRING( 632693.8829918571 4803216.863647453, 632562.3128004132 4803236.323927244 )
2365;4800150585;10585819568;19.749102092299427;5.555555555555555;420.0;1.0;car;6;;residential;487560155;LINESTRING( 632159.5423390407 4803269.886854243, 632151.0075762066 4803252.077169889 )
2366;10585819568;4800150585;19.749102092299427;5.555555555555555;420.0;1.0;car;6;;residential;487560155;LINESTRING( 632151.0075762066 4803252.077169889, 632159.5423390407 4803269.886854243 )
2367;10585819568;4800150586;208.3910014550442;5.555555555555555;420.0;1.0;car;99;;residential;487560155;LINESTRING( 632151.0075762066 4803252.077169889, 632086.254737149 4803054.796508829 )
2368;4800150586;10585819568;208.3910014550442;5.555555555555555;420.0;1.0;car;140;;residential;487560155;LINESTRING( 632086.254737149 4803054.796508829, 632151.0075762066 4803252.077169889 )
2369;4800150586;7869354183;318.04348684068316;5.555555555555555;420.0;1.0;car;481;;residential;487560155;LINESTRING( 632086.254737149 4803054.796508829, 631938.9008537652 4802773.356103419 )
237;6344303620;6344303617;112.92830957605243;5.555555555555555;420.0;1.0;car;22;;residential;677572668;LINESTRING( 630975.4711925461 4801467.606567932, 631013.0519559742 4801572.8015122395 )
2370;7869354183;4800150586;318.04348684068316;5.555555555555555;420.0;1.0;car;288;;residential;487560155;LINESTRING( 631938.9008537652 4802773.356103419, 632086.254737149 4803054.796508829 )
2371;7869354183;4800150589;311.4157258362214;5.555555555555555;420.0;1.0;car;360;;residential;487560155;LINESTRING( 631938.9008537652 4802773.356103419, 631788.2236112787 4802500.8205406545 )
2372;4800150589;7869354183;311.4157258362214;5.555555555555555;420.0;1.0;car;262;;residential;487560155;LINESTRING( 631788.2236112787 4802500.8205406545, 631938.9008537652 4802773.356103419 )
2373;4800150589;4800157425;575.7560023455537;5.555555555555555;420.0;1.0;car;286;;residential;487560155;LINESTRING( 631788.2236112787 4802500.8205406545, 631523.0903442714 4801990.818030609 )
2374;4800157425;4800150589;575.7560023455537;5.555555555555555;420.0;1.0;car;238;;residential;487560155;LINESTRING( 631523.0903442714 4801990.818030609, 631788.2236112787 4802500.8205406545 )
2375;4800157425;10560829573;228.16481189654473;5.555555555555555;420.0;1.0;car;96;;residential;487560155;LINESTRING( 631523.0903442714 4801990.818030609, 631403.3980631728 4801796.909928341 )
2376;10560829573;4800157425;228.16481189654473;5.555555555555555;420.0;1.0;car;180;;residential;487560155;LINESTRING( 631403.3980631728 4801796.909928341, 631523.0903442714 4801990.818030609 )
2377;10560829573;10560829582;126.11560437988315;5.555555555555555;420.0;1.0;car;188;;residential;487560155;LINESTRING( 631403.3980631728 4801796.909928341, 631339.9240183684 4801687.931988811 )
2378;10560829582;10560829573;126.11560437988315;5.555555555555555;420.0;1.0;car;176;;residential;487560155;LINESTRING( 631339.9240183684 4801687.931988811, 631403.3980631728 4801796.909928341 )
2379;10560829582;10560829577;14.071903795245388;5.555555555555555;420.0;1.0;car;198;;residential;487560155;LINESTRING( 631339.9240183684 4801687.931988811, 631332.8397592376 4801675.773380791 )
238;6344315022;6344315017;147.7763566883087;5.555555555555555;420.0;1.0;car;12;;residential;677573692;LINESTRING( 632358.8764055559 4801452.871550182, 632296.7779481458 4801318.91354539 )
2380;10560829577;10560829582;14.071903795245388;5.555555555555555;420.0;1.0;car;563;;residential;487560155;LINESTRING( 631332.8397592376 4801675.773380791, 631339.9240183684 4801687.931988811 )
2381;10560829577;10580864647;244.49390785716147;5.555555555555555;420.0;1.0;car;146;;residential;487560155;LINESTRING( 631332.8397592376 4801675.773380791, 631207.9391144624 4801465.592021253 )
2382;10580864647;10560829577;244.49390785716147;5.555555555555555;420.0;1.0;car;461;;residential;487560155;LINESTRING( 631207.9391144624 4801465.592021253, 631332.8397592376 4801675.773380791 )
2383;10580864647;6344310679;243.7877885034843;5.555555555555555;420.0;1.0;car;85;;residential;487560155;LINESTRING( 631207.9391144624 4801465.592021253, 631101.2506850117 4801246.467397993 )
2384;6344310679;10580864647;243.7877885034843;5.555555555555555;420.0;1.0;car;159;;residential;487560155;LINESTRING( 631101.2506850117 4801246.467397993, 631207.9391144624 4801465.592021253 )
2385;6344310679;10580864822;315.5701325425099;5.555555555555555;420.0;1.0;car;114;;residential;487560155;LINESTRING( 631101.2506850117 4801246.467397993, 630948.037108399 4800970.649651855 )
2386;10580864822;6344310679;315.5701325425099;5.555555555555555;420.0;1.0;car;143;;residential;487560155;LINESTRING( 630948.037108399 4800970.649651855, 631101.2506850117 4801246.467397993 )
2387;10580864822;10580864814;115.22492397617164;5.555555555555555;420.0;1.0;car;56;;residential;487560155;LINESTRING( 630948.037108399 4800970.649651855, 630893.1062938685 4800869.363523107 )
2388;10580864814;10580864822;115.22492397617164;5.555555555555555;420.0;1.0;car;101;;residential;487560155;LINESTRING( 630893.1062938685 4800869.363523107, 630948.037108399 4800970.649651855 )
2389;10580864814;4800150601;43.26907846006335;5.555555555555555;420.0;1.0;car;60;;residential;487560155;LINESTRING( 630893.1062938685 4800869.363523107, 630872.5849536743 4800831.270377432 )
239;6344315017;6344315022;147.7763566883087;5.555555555555555;420.0;1.0;car;12;;residential;677573692;LINESTRING( 632296.7779481458 4801318.91354539, 632358.8764055559 4801452.871550182 )
2390;4800150601;10580864814;43.26907846006335;5.555555555555555;420.0;1.0;car;89;;residential;487560155;LINESTRING( 630872.5849536743 4800831.270377432, 630893.1062938685 4800869.363523107 )
2391;10632880857;12922934530;114.6115704955525;12.5;1200.0;1.0;car;3412;;trunk_link;1141396189;LINESTRING( 633321.0590633099 4804060.746687272, 633263.2904702995 4804150.854665212 )
2392;6342422905;6342424655;72.85707856547634;5.555555555555555;420.0;1.0;car;109;;unclassified;1134700867;LINESTRING( 630944.2229548974 4801976.370415921, 630964.8492930959 4802043.974096526 )
2393;6342424655;6342422905;72.85707856547634;5.555555555555555;420.0;1.0;car;121;;unclassified;1134700867;LINESTRING( 630964.8492930959 4802043.974096526, 630944.2229548974 4801976.370415921 )
2394;4797630252;4797651865;90.68520917649417;5.555555555555555;420.0;1.0;car;120;;residential;487257064;LINESTRING( 632385.8019214941 4803585.886632318, 632474.7890165127 4803569.010141599 )
2395;4797651865;4797630252;90.68520917649417;5.555555555555555;420.0;1.0;car;194;;residential;487257064;LINESTRING( 632474.7890165127 4803569.010141599, 632385.8019214941 4803585.886632318 )
2396;4797651865;4797644965;284.3375920000459;5.555555555555555;420.0;1.0;car;740;;residential;487257064;LINESTRING( 632474.7890165127 4803569.010141599, 632756.5865613617 4803531.089040066 )
2397;4797644965;4797651865;284.3375920000459;5.555555555555555;420.0;1.0;car;349;;residential;487257064;LINESTRING( 632756.5865613617 4803531.089040066, 632474.7890165127 4803569.010141599 )
2398;4797644965;4797630254;112.37009161053317;5.555555555555555;420.0;1.0;car;704;;residential;487257064;LINESTRING( 632756.5865613617 4803531.089040066, 632867.4535116896 4803535.479011978 )
2399;4797630254;4797644965;112.37009161053317;5.555555555555555;420.0;1.0;car;205;;residential;487257064;LINESTRING( 632867.4535116896 4803535.479011978, 632756.5865613617 4803531.089040066 )
24;5190916842;5190916843;70.00155042016968;5.555555555555555;420.0;1.0;car;94;;residential;535595004;LINESTRING( 632699.5394069066 4803344.863077028, 632696.2602388245 4803274.9383738255 )
240;12488205430;12488205431;9.84785097407956;5.555555555555555;420.0;1.0;car;0;;unclassified;1349962792;LINESTRING( 633945.3651942095 4801849.137236921, 633935.7267357227 4801851.157208903 )
2400;4797630254;4797630255;137.8501995151877;5.555555555555555;420.0;1.0;car;788;;residential;487257064;LINESTRING( 632867.4535116896 4803535.479011978, 633002.5141392223 4803562.867191696 )
2401;4797630255;4797630254;137.8501995151877;5.555555555555555;420.0;1.0;car;264;;residential;487257064;LINESTRING( 633002.5141392223 4803562.867191696, 632867.4535116896 4803535.479011978 )
2402;10578216785;11237649756;21.42569858301635;5.555555555555555;420.0;1.0;car;12;;unclassified;1134700864;LINESTRING( 631002.9892681345 4802099.62960964, 631021.6826052801 4802089.159666654 )
2403;11237649756;10578216785;21.42569858301635;5.555555555555555;420.0;1.0;car;13;;unclassified;1134700864;LINESTRING( 631021.6826052801 4802089.159666654, 631002.9892681345 4802099.62960964 )
2404;11237649756;10578216770;100.1302111942154;5.555555555555555;420.0;1.0;car;97;;unclassified;1134700864;LINESTRING( 631021.6826052801 4802089.159666654, 631110.023168976 4802042.021841682 )
2405;10578216770;11237649756;100.1302111942154;5.555555555555555;420.0;1.0;car;36;;unclassified;1134700864;LINESTRING( 631110.023168976 4802042.021841682, 631021.6826052801 4802089.159666654 )
2406;10578216770;10578216769;23.897798218355398;5.555555555555555;420.0;1.0;car;96;;unclassified;1134700864;LINESTRING( 631110.023168976 4802042.021841682, 631132.5436931207 4802034.026170857 )
2407;10578216769;10578216770;23.897798218355398;5.555555555555555;420.0;1.0;car;26;;unclassified;1134700864;LINESTRING( 631132.5436931207 4802034.026170857, 631110.023168976 4802042.021841682 )
2408;6344305634;10578216771;32.90108752195313;5.555555555555555;420.0;1.0;car;5;;unclassified;1134700865;LINESTRING( 631082.8492989384 4801945.515892943, 631094.4770356263 4801976.293763234 )
2409;10578216771;6344305634;32.90108752195313;5.555555555555555;420.0;1.0;car;2;;unclassified;1134700865;LINESTRING( 631094.4770356263 4801976.293763234, 631082.8492989384 4801945.515892943 )
241;12488205431;12488205430;9.84785097407956;5.555555555555555;420.0;1.0;car;0;;unclassified;1349962792;LINESTRING( 633935.7267357227 4801851.157208903, 633945.3651942095 4801849.137236921 )
2410;6342426584;10583215543;12.925047462201489;5.555555555555555;420.0;1.0;car;259;;unclassified;1134700871;LINESTRING( 630929.2893124705 4802422.190507633, 630939.6128459123 4802414.413521766 )
2411;10583215543;6342426584;12.925047462201489;5.555555555555555;420.0;1.0;car;242;;unclassified;1134700871;LINESTRING( 630939.6128459123 4802414.413521766, 630929.2893124705 4802422.190507633 )
2412;10583215543;6342426576;6.400038824915369;5.555555555555555;420.0;1.0;car;176;;unclassified;1134700871;LINESTRING( 630939.6128459123 4802414.413521766, 630944.729195295 4802410.568594464 )
2413;6342426576;10583215543;6.400038824915369;5.555555555555555;420.0;1.0;car;232;;unclassified;1134700871;LINESTRING( 630944.729195295 4802410.568594464, 630939.6128459123 4802414.413521766 )
2414;5244146833;10569487968;118.78375131688917;8.333333333333334;750.0;1.0;car;126;;secondary;1153836579;LINESTRING( 630038.924596331 4800977.826799707, 629985.6309936694 4800871.669503715 )
2415;10569487968;5244146833;118.78375131688917;8.333333333333334;750.0;1.0;car;93;;secondary;1153836579;LINESTRING( 629985.6309936694 4800871.669503715, 630038.924596331 4800977.826799707 )
2416;10569487968;10569489333;7.7819123481351635;8.333333333333334;750.0;1.0;car;72;;secondary;1153836579;LINESTRING( 629985.6309936694 4800871.669503715, 629982.1405424243 4800864.71429632 )
2417;10569489333;10569487968;7.7819123481351635;8.333333333333334;750.0;1.0;car;75;;secondary;1153836579;LINESTRING( 629982.1405424243 4800864.71429632, 629985.6309936694 4800871.669503715 )
2418;10569489333;10569487953;42.45169796218308;8.333333333333334;750.0;1.0;car;33;;secondary;1153836579;LINESTRING( 629982.1405424243 4800864.71429632, 629963.0949925683 4800826.77469049 )
2419;10569487953;10569489333;42.45169796218308;8.333333333333334;750.0;1.0;car;69;;secondary;1153836579;LINESTRING( 629963.0949925683 4800826.77469049, 629982.1405424243 4800864.71429632 )
242;3795446059;5244147124;60.740630014790554;5.555555555555555;420.0;1.0;car;226;;residential;535590798;LINESTRING( 632080.7552478886 4803700.639013018, 632114.8497348243 4803750.423176935 )
2420;10569487953;10569480692;120.4721513779684;8.333333333333334;750.0;1.0;car;33;;secondary;1153836579;LINESTRING( 629963.0949925683 4800826.77469049, 629917.1009664326 4800715.714453912 )
2421;10569480692;10569487953;120.4721513779684;8.333333333333334;750.0;1.0;car;49;;secondary;1153836579;LINESTRING( 629917.1009664326 4800715.714453912, 629963.0949925683 4800826.77469049 )
2422;10569480692;10569489923;27.672134857412313;8.333333333333334;750.0;1.0;car;57;;secondary;1153836579;LINESTRING( 629917.1009664326 4800715.714453912, 629908.0767042702 4800689.555139319 )
2423;10569489923;10569480692;27.672134857412313;8.333333333333334;750.0;1.0;car;47;;secondary;1153836579;LINESTRING( 629908.0767042702 4800689.555139319, 629917.1009664326 4800715.714453912 )
2424;4800168071;7013120719;190.48119702068186;5.555555555555555;420.0;1.0;car;88;;residential;487562217;LINESTRING( 631914.174030982 4801584.689523747, 631852.9573294151 4801404.313245186 )
2425;7013120719;4800168071;190.48119702068186;5.555555555555555;420.0;1.0;car;90;;residential;487562217;LINESTRING( 631852.9573294151 4801404.313245186, 631914.174030982 4801584.689523747 )
2426;7013120719;10580860928;290.70990285431606;5.555555555555555;420.0;1.0;car;114;;residential;487562217;LINESTRING( 631852.9573294151 4801404.313245186, 631755.1121387528 4801133.010764641 )
2427;10580860928;7013120719;290.70990285431606;5.555555555555555;420.0;1.0;car;79;;residential;487562217;LINESTRING( 631755.1121387528 4801133.010764641, 631852.9573294151 4801404.313245186 )
2428;10580860928;10580861400;341.2692856074997;5.555555555555555;420.0;1.0;car;66;;residential;487562217;LINESTRING( 631755.1121387528 4801133.010764641, 631651.1396026489 4800811.18487359 )
2429;10580861400;10580860928;341.2692856074997;5.555555555555555;420.0;1.0;car;40;;residential;487562217;LINESTRING( 631651.1396026489 4800811.18487359, 631755.1121387528 4801133.010764641 )
243;5244147124;3795446059;60.740630014790554;5.555555555555555;420.0;1.0;car;160;;residential;535590798;LINESTRING( 632114.8497348243 4803750.423176935, 632080.7552478886 4803700.639013018 )
2430;6342426582;6342424899;120.81508245616837;5.555555555555555;420.0;1.0;car;15;;unclassified;1134700868;LINESTRING( 630904.4133799941 4802348.049675921, 630953.217756603 4802238.506379454 )
2431;6342424899;6342426582;120.81508245616837;5.555555555555555;420.0;1.0;car;44;;unclassified;1134700868;LINESTRING( 630953.217756603 4802238.506379454, 630904.4133799941 4802348.049675921 )
2434;6344448360;6344448355;77.77838361087409;5.555555555555555;420.0;1.0;car;17;;unclassified;677587595;LINESTRING( 630226.5065347516 4802484.706391658, 630176.5937219751 4802426.495575765 )
2435;6344448355;6344448360;77.77838361087409;5.555555555555555;420.0;1.0;car;3;;unclassified;677587595;LINESTRING( 630176.5937219751 4802426.495575765, 630226.5065347516 4802484.706391658 )
2436;6344448355;10593377320;34.68943601622699;5.555555555555555;420.0;1.0;car;17;;unclassified;677587595;LINESTRING( 630176.5937219751 4802426.495575765, 630198.8467379708 4802400.693654844 )
2437;10593377320;6344448355;34.68943601622699;5.555555555555555;420.0;1.0;car;8;;unclassified;677587595;LINESTRING( 630198.8467379708 4802400.693654844, 630176.5937219751 4802426.495575765 )
2438;10593377320;6344448351;82.03655925692141;5.555555555555555;420.0;1.0;car;9;;unclassified;677587595;LINESTRING( 630198.8467379708 4802400.693654844, 630267.1027096168 4802355.447026046 )
2439;6344448351;10593377320;82.03655925692141;5.555555555555555;420.0;1.0;car;7;;unclassified;677587595;LINESTRING( 630267.1027096168 4802355.447026046, 630198.8467379708 4802400.693654844 )
244;5244147124;6344335310;75.51413405611206;5.555555555555555;420.0;1.0;car;368;;residential;535590798;LINESTRING( 632114.8497348243 4803750.423176935, 632166.301424857 4803798.225031403 )
2440;6344448351;6344445999;112.45737044613598;5.555555555555555;420.0;1.0;car;17;;unclassified;677587595;LINESTRING( 630267.1027096168 4802355.447026046, 630370.4957994552 4802315.411467643 )
2441;6344445999;6344448351;112.45737044613598;5.555555555555555;420.0;1.0;car;8;;unclassified;677587595;LINESTRING( 630370.4957994552 4802315.411467643, 630267.1027096168 4802355.447026046 )
2442;10600534783;5937710498;15.674680233621947;5.555555555555555;420.0;1.0;car;56;;residential;491257770;LINESTRING( 635247.660044098 4804307.035538605, 635234.0282907824 4804314.773167568 )
2443;5937710498;10600534783;15.674680233621947;5.555555555555555;420.0;1.0;car;23;;residential;491257770;LINESTRING( 635234.0282907824 4804314.773167568, 635247.660044098 4804307.035538605 )
2444;5937710498;4833980391;60.88508651417342;5.555555555555555;420.0;1.0;car;59;;residential;491257770;LINESTRING( 635234.0282907824 4804314.773167568, 635175.5438432285 4804331.701343907 )
2445;4833980391;5937710498;60.88508651417342;5.555555555555555;420.0;1.0;car;25;;residential;491257770;LINESTRING( 635175.5438432285 4804331.701343907, 635234.0282907824 4804314.773167568 )
2446;4833980391;5937710500;49.13562197111556;5.555555555555555;420.0;1.0;car;50;;residential;491257770;LINESTRING( 635175.5438432285 4804331.701343907, 635141.2650732372 4804361.235516807 )
2447;5937710500;4833980391;49.13562197111556;5.555555555555555;420.0;1.0;car;56;;residential;491257770;LINESTRING( 635141.2650732372 4804361.235516807, 635175.5438432285 4804331.701343907 )
2448;5937710500;4833955459;37.16634018052885;5.555555555555555;420.0;1.0;car;88;;residential;491257770;LINESTRING( 635141.2650732372 4804361.235516807, 635106.5962554046 4804374.629915357 )
2449;4833955459;5937710500;37.16634018052885;5.555555555555555;420.0;1.0;car;90;;residential;491257770;LINESTRING( 635106.5962554046 4804374.629915357, 635141.2650732372 4804361.235516807 )
245;6344335310;5244147124;75.51413405611206;5.555555555555555;420.0;1.0;car;297;;residential;535590798;LINESTRING( 632166.301424857 4803798.225031403, 632114.8497348243 4803750.423176935 )
2450;4833955459;4833979494;84.64930029117006;5.555555555555555;420.0;1.0;car;58;;residential;491257770;LINESTRING( 635106.5962554046 4804374.629915357, 635027.3457001476 4804404.376403069 )
2451;4833979494;4833955459;84.64930029117006;5.555555555555555;420.0;1.0;car;124;;residential;491257770;LINESTRING( 635027.3457001476 4804404.376403069, 635106.5962554046 4804374.629915357 )
2452;4833979494;4833981556;80.17862605658812;5.555555555555555;420.0;1.0;car;56;;residential;491257770;LINESTRING( 635027.3457001476 4804404.376403069, 634951.4936360864 4804430.358636498 )
2453;4833981556;4833979494;80.17862605658812;5.555555555555555;420.0;1.0;car;107;;residential;491257770;LINESTRING( 634951.4936360864 4804430.358636498, 635027.3457001476 4804404.376403069 )
2454;4833981556;4833981448;70.04743783128855;5.555555555555555;420.0;1.0;car;43;;residential;491257770;LINESTRING( 634951.4936360864 4804430.358636498, 634885.2907274943 4804453.2457167115 )
2455;4833981448;4833981556;70.04743783128855;5.555555555555555;420.0;1.0;car;111;;residential;491257770;LINESTRING( 634885.2907274943 4804453.2457167115, 634951.4936360864 4804430.358636498 )
2456;4833981448;5937710509;10.975013425036066;5.555555555555555;420.0;1.0;car;60;;residential;491257770;LINESTRING( 634885.2907274943 4804453.2457167115, 634877.8683563757 4804461.33022824 )
2457;5937710509;4833981448;10.975013425036066;5.555555555555555;420.0;1.0;car;163;;residential;491257770;LINESTRING( 634877.8683563757 4804461.33022824, 634885.2907274943 4804453.2457167115 )
2458;7007682397;7007682398;181.58705829484626;5.555555555555555;420.0;1.0;car;31;;residential;749362759;LINESTRING( 633920.6747250468 4804525.557575601, 633749.1621042921 4804584.921025864 )
2459;7007682398;7007682397;181.58705829484626;5.555555555555555;420.0;1.0;car;88;;residential;749362759;LINESTRING( 633749.1621042921 4804584.921025864, 633920.6747250468 4804525.557575601 )
246;6344301308;6344301305;122.06531302348313;5.555555555555555;420.0;1.0;car;13;;unclassified;677572614;LINESTRING( 630943.589827532 4801296.195898332, 630987.3071949907 4801406.520036721 )
2460;4797731548;6344453724;108.56817018841913;5.555555555555555;420.0;1.0;car;204;;residential;487565311;LINESTRING( 630560.4199030206 4802345.996415498, 630506.7813568043 4802251.603863155 )
2461;6344453724;4797731548;108.56817018841913;5.555555555555555;420.0;1.0;car;246;;residential;487565311;LINESTRING( 630506.7813568043 4802251.603863155, 630560.4199030206 4802345.996415498 )
2462;6344453724;3321563192;175.27505957342663;5.555555555555555;420.0;1.0;car;366;;residential;487565311;LINESTRING( 630506.7813568043 4802251.603863155, 630421.6342150182 4802099.143323489 )
2463;3321563192;6344453724;175.27505957342663;5.555555555555555;420.0;1.0;car;478;;residential;487565311;LINESTRING( 630421.6342150182 4802099.143323489, 630506.7813568043 4802251.603863155 )
2464;6344448355;6344449683;85.73096467899197;5.555555555555555;420.0;1.0;car;11;;unclassified;677587607;LINESTRING( 630176.5937219751 4802426.495575765, 630126.657772374 4802496.182010903 )
2465;6344449683;6344448355;85.73096467899197;5.555555555555555;420.0;1.0;car;6;;unclassified;677587607;LINESTRING( 630126.657772374 4802496.182010903, 630176.5937219751 4802426.495575765 )
2466;4800168100;4800165505;188.07157579408113;5.555555555555555;420.0;1.0;car;111;;residential;487562226;LINESTRING( 631830.1581346773 4801613.558986188, 631763.3538752397 4801437.751965445 )
2467;4800165505;4800168100;188.07157579408113;5.555555555555555;420.0;1.0;car;98;;residential;487562226;LINESTRING( 631763.3538752397 4801437.751965445, 631830.1581346773 4801613.558986188 )
2468;4800165505;6344313698;216.00177768199842;5.555555555555555;420.0;1.0;car;79;;residential;487562226;LINESTRING( 631763.3538752397 4801437.751965445, 631692.8241016126 4801233.664970309 )
2469;6344313698;4800165505;216.00177768199842;5.555555555555555;420.0;1.0;car;72;;residential;487562226;LINESTRING( 631692.8241016126 4801233.664970309, 631763.3538752397 4801437.751965445 )
247;6344301305;6344301308;122.06531302348313;5.555555555555555;420.0;1.0;car;13;;unclassified;677572614;LINESTRING( 630987.3071949907 4801406.520036721, 630943.589827532 4801296.195898332 )
2470;4833976453;10600531585;590.5493002449729;5.555555555555555;420.0;1.0;car;65;;residential;749396906;LINESTRING( 634915.3237514381 4805106.396693837, 634703.8852988565 4804555.006814681 )
2471;10600531585;4833976453;590.5493002449729;5.555555555555555;420.0;1.0;car;8;;residential;749396906;LINESTRING( 634703.8852988565 4804555.006814681, 634915.3237514381 4805106.396693837 )
2472;10600531585;4833976449;465.9615586229432;5.555555555555555;420.0;1.0;car;307;;residential;749396906;LINESTRING( 634703.8852988565 4804555.006814681, 634534.4033300118 4804120.97394144 )
2473;4833976449;10600531585;465.9615586229432;5.555555555555555;420.0;1.0;car;211;;residential;749396906;LINESTRING( 634534.4033300118 4804120.97394144, 634703.8852988565 4804555.006814681 )
2474;4833976449;10211164472;216.21712662212528;5.555555555555555;420.0;1.0;car;263;;residential;749396906;LINESTRING( 634534.4033300118 4804120.97394144, 634454.0422006395 4803920.24543778 )
2475;10211164472;4833976449;216.21712662212528;5.555555555555555;420.0;1.0;car;153;;residential;749396906;LINESTRING( 634454.0422006395 4803920.24543778, 634534.4033300118 4804120.97394144 )
2476;10211164472;4833976447;174.87711372534773;5.555555555555555;420.0;1.0;car;269;;residential;749396906;LINESTRING( 634454.0422006395 4803920.24543778, 634384.5104060497 4803759.930320934 )
2477;4833976447;10211164472;174.87711372534773;5.555555555555555;420.0;1.0;car;167;;residential;749396906;LINESTRING( 634384.5104060497 4803759.930320934, 634454.0422006395 4803920.24543778 )
2478;5730439377;10580860901;110.35472692900329;5.555555555555555;420.0;1.0;car;64;;residential;603733245;LINESTRING( 631551.9229486493 4801160.074019939, 631661.2451856227 4801145.425551101 )
2479;10580860901;5730439377;110.35472692900329;5.555555555555555;420.0;1.0;car;80;;residential;603733245;LINESTRING( 631661.2451856227 4801145.425551101, 631551.9229486493 4801160.074019939 )
248;7869354183;6342366178;114.48397599948586;5.555555555555555;420.0;1.0;car;156;;residential;843626029;LINESTRING( 631938.9008537652 4802773.356103419, 632039.1352444787 4802718.10788936 )
2480;10580860901;10580861283;28.635437048984894;5.555555555555555;420.0;1.0;car;54;;residential;603733245;LINESTRING( 631661.2451856227 4801145.425551101, 631689.0718897562 4801138.6681261435 )
2481;10580861283;10580860901;28.635437048984894;5.555555555555555;420.0;1.0;car;63;;residential;603733245;LINESTRING( 631689.0718897562 4801138.6681261435, 631661.2451856227 4801145.425551101 )
2482;10580861283;5730439371;24.759170698974653;5.555555555555555;420.0;1.0;car;44;;residential;603733245;LINESTRING( 631689.0718897562 4801138.6681261435, 631713.7430363641 4801136.58220698 )
2483;5730439371;10580861283;24.759170698974653;5.555555555555555;420.0;1.0;car;53;;residential;603733245;LINESTRING( 631713.7430363641 4801136.58220698, 631689.0718897562 4801138.6681261435 )
2484;6342414155;6342415515;43.785546015909176;5.555555555555555;420.0;1.0;car;33;;residential;677354333;LINESTRING( 630582.6283945835 4801153.641306575, 630572.8235986336 4801110.967661122 )
2485;6342415515;6342414155;43.785546015909176;5.555555555555555;420.0;1.0;car;19;;residential;677354333;LINESTRING( 630572.8235986336 4801110.967661122, 630582.6283945835 4801153.641306575 )
2486;4800165296;10580849831;68.97364887845646;5.555555555555555;420.0;1.0;car;99;;residential;603733247;LINESTRING( 631520.6509107321 4801103.882505572, 631466.7506234354 4801146.91880733 )
2487;10580849831;4800165296;68.97364887845646;5.555555555555555;420.0;1.0;car;58;;residential;603733247;LINESTRING( 631466.7506234354 4801146.91880733, 631520.6509107321 4801103.882505572 )
2488;10580849831;10580849825;155.12770205875157;5.555555555555555;420.0;1.0;car;114;;residential;603733247;LINESTRING( 631466.7506234354 4801146.91880733, 631347.2312402067 4801241.219674282 )
2489;10580849825;10580849831;155.12770205875157;5.555555555555555;420.0;1.0;car;145;;residential;603733247;LINESTRING( 631347.2312402067 4801241.219674282, 631466.7506234354 4801146.91880733 )
249;6342366178;7869354183;114.48397599948586;5.555555555555555;420.0;1.0;car;61;;residential;843626029;LINESTRING( 632039.1352444787 4802718.10788936, 631938.9008537652 4802773.356103419 )
2492;6342369769;4800156844;152.82945289010252;5.555555555555555;420.0;1.0;car;164;;residential;677350233;LINESTRING( 632182.7797786104 4802885.71102506, 632183.3846874693 4802745.780588441 )
2493;4800156844;6342369769;152.82945289010252;5.555555555555555;420.0;1.0;car;220;;residential;677350233;LINESTRING( 632183.3846874693 4802745.780588441, 632182.7797786104 4802885.71102506 )
2494;4800156844;7869354180;94.90862076289415;5.555555555555555;420.0;1.0;car;58;;residential;677350233;LINESTRING( 632183.3846874693 4802745.780588441, 632129.9066540035 4802668.108918651 )
2495;7869354180;4800156844;94.90862076289415;5.555555555555555;420.0;1.0;car;100;;residential;677350233;LINESTRING( 632129.9066540035 4802668.108918651, 632183.3846874693 4802745.780588441 )
2496;7869354180;4800156847;314.82566587346105;5.555555555555555;420.0;1.0;car;100;;residential;677350233;LINESTRING( 632129.9066540035 4802668.108918651, 631980.6709128836 4802390.908640737 )
2497;4800156847;7869354180;314.82566587346105;5.555555555555555;420.0;1.0;car;99;;residential;677350233;LINESTRING( 631980.6709128836 4802390.908640737, 632129.9066540035 4802668.108918651 )
2498;4800156847;4800156848;249.80305507689124;5.555555555555555;420.0;1.0;car;136;;residential;677350233;LINESTRING( 631980.6709128836 4802390.908640737, 631860.3683587731 4802171.982027918 )
2499;4800156848;4800156847;249.80305507689124;5.555555555555555;420.0;1.0;car;90;;residential;677350233;LINESTRING( 631860.3683587731 4802171.982027918, 631980.6709128836 4802390.908640737 )
25;5190916843;5190916842;70.00155042016968;5.555555555555555;420.0;1.0;car;82;;residential;535595004;LINESTRING( 632696.2602388245 4803274.9383738255, 632699.5394069066 4803344.863077028 )
250;6342366178;7869354180;103.63546298566085;5.555555555555555;420.0;1.0;car;68;;residential;843626029;LINESTRING( 632039.1352444787 4802718.10788936, 632129.9066540035 4802668.108918651 )
2500;4800156848;4800156849;320.7006874220114;5.555555555555555;420.0;1.0;car;115;;residential;677350233;LINESTRING( 631860.3683587731 4802171.982027918, 631720.7539615612 4801883.266335577 )
2501;4800156849;4800156848;320.7006874220114;5.555555555555555;420.0;1.0;car;72;;residential;677350233;LINESTRING( 631720.7539615612 4801883.266335577, 631860.3683587731 4802171.982027918 )
2502;10580863125;10580863124;367.276372548493;5.555555555555555;420.0;1.0;car;59;;residential;1479643959;LINESTRING( 631446.5416213686 4801077.5330129685, 631324.6774673825 4800731.400910663 )
2503;10580863124;10580863125;367.276372548493;5.555555555555555;420.0;1.0;car;40;;residential;1479643959;LINESTRING( 631324.6774673825 4800731.400910663, 631446.5416213686 4801077.5330129685 )
2504;12383753453;11915846576;64.06854358421853;5.555555555555555;420.0;1.0;car;17;;unclassified;1284386694;LINESTRING( 634314.7813230085 4801004.426787026, 634263.1253768184 4800966.9041438615 )
2505;11915846576;12383753453;64.06854358421853;5.555555555555555;420.0;1.0;car;1;;unclassified;1284386694;LINESTRING( 634263.1253768184 4800966.9041438615, 634314.7813230085 4801004.426787026 )
2506;6344453358;6344453356;160.8960019606535;5.555555555555555;420.0;1.0;car;36;;unclassified;677587817;LINESTRING( 630385.6332860584 4802041.621630954, 630259.509508386 4802139.957204734 )
2507;6344453356;6344453358;160.8960019606535;5.555555555555555;420.0;1.0;car;36;;unclassified;677587817;LINESTRING( 630259.509508386 4802139.957204734, 630385.6332860584 4802041.621630954 )
2508;12383753455;12488176408;181.29153389144415;5.555555555555555;420.0;1.0;car;9;;unclassified;1284386692;LINESTRING( 634009.1620738384 4801425.560116413, 634111.8366320746 4801276.175397223 )
2509;12488176408;12383753455;181.29153389144415;5.555555555555555;420.0;1.0;car;65;;unclassified;1284386692;LINESTRING( 634111.8366320746 4801276.175397223, 634009.1620738384 4801425.560116413 )
251;7869354180;6342366178;103.63546298566085;5.555555555555555;420.0;1.0;car;25;;residential;843626029;LINESTRING( 632129.9066540035 4802668.108918651, 632039.1352444787 4802718.10788936 )
2510;12488176408;11915846568;177.18881897424225;5.555555555555555;420.0;1.0;car;6;;unclassified;1284386692;LINESTRING( 634111.8366320746 4801276.175397223, 634212.9947363448 4801130.706093811 )
2511;11915846568;12488176408;177.18881897424225;5.555555555555555;420.0;1.0;car;38;;unclassified;1284386692;LINESTRING( 634212.9947363448 4801130.706093811, 634111.8366320746 4801276.175397223 )
2512;11915846583;11915846582;45.37002795097869;5.555555555555555;420.0;1.0;car;0;;unclassified;1284386693;LINESTRING( 634364.0636867918 4801029.170433305, 634390.1304225362 4800992.036019025 )
2513;11915846582;11915846583;45.37002795097869;5.555555555555555;420.0;1.0;car;0;;unclassified;1284386693;LINESTRING( 634390.1304225362 4800992.036019025, 634364.0636867918 4801029.170433305 )
2514;11915846571;12488176401;158.18425816365774;5.555555555555555;420.0;1.0;car;9;;unclassified;1284386690;LINESTRING( 633926.061521528 4801345.776009539, 634013.6372831527 4801214.067056618 )
2515;12488176401;11915846571;158.18425816365774;5.555555555555555;420.0;1.0;car;9;;unclassified;1284386690;LINESTRING( 634013.6372831527 4801214.067056618, 633926.061521528 4801345.776009539 )
2516;12488176401;11915846584;347.52551972467876;5.555555555555555;420.0;1.0;car;30;;unclassified;1284386690;LINESTRING( 634013.6372831527 4801214.067056618, 634212.3126844694 4800928.943139604 )
2517;11915846584;12488176401;347.52551972467876;5.555555555555555;420.0;1.0;car;31;;unclassified;1284386690;LINESTRING( 634212.3126844694 4800928.943139604, 634013.6372831527 4801214.067056618 )
2518;11915846584;12383753480;182.53063326129308;5.555555555555555;420.0;1.0;car;15;;unclassified;1284386690;LINESTRING( 634212.3126844694 4800928.943139604, 634314.7882014937 4800777.91286616 )
2519;12383753480;11915846584;182.53063326129308;5.555555555555555;420.0;1.0;car;30;;unclassified;1284386690;LINESTRING( 634314.7882014937 4800777.91286616, 634212.3126844694 4800928.943139604 )
252;10569489337;10569489333;239.79791798032278;5.555555555555555;420.0;1.0;car;6;;unclassified;1133637620;LINESTRING( 629875.0149317265 4800696.619305842, 629982.1405424243 4800864.71429632 )
2520;12383753480;11915846594;299.55874724986893;5.555555555555555;420.0;1.0;car;17;;unclassified;1284386690;LINESTRING( 634314.7882014937 4800777.91286616, 634483.300736836 4800530.30501598 )
2521;11915846594;12383753480;299.55874724986893;5.555555555555555;420.0;1.0;car;17;;unclassified;1284386690;LINESTRING( 634483.300736836 4800530.30501598, 634314.7882014937 4800777.91286616 )
2522;12383753445;12488193596;159.13671847978176;5.555555555555555;420.0;1.0;car;5;;unclassified;1284386691;LINESTRING( 634170.8429240601 4801101.694272436, 634260.5371336342 4800970.263579112 )
2523;12488193596;12383753445;159.13671847978176;5.555555555555555;420.0;1.0;car;46;;unclassified;1284386691;LINESTRING( 634260.5371336342 4800970.263579112, 634170.8429240601 4801101.694272436 )
2524;12488193596;11915846576;4.240849912407089;5.555555555555555;420.0;1.0;car;0;;unclassified;1284386691;LINESTRING( 634260.5371336342 4800970.263579112, 634263.1253768184 4800966.9041438615 )
2525;11915846576;12488193596;4.240849912407089;5.555555555555555;420.0;1.0;car;27;;unclassified;1284386691;LINESTRING( 634263.1253768184 4800966.9041438615, 634260.5371336342 4800970.263579112 )
2526;11915846576;12488176657;185.25566497112646;5.555555555555555;420.0;1.0;car;3;;unclassified;1284386691;LINESTRING( 634263.1253768184 4800966.9041438615, 634367.9541703025 4800814.177064232 )
2527;12488176657;11915846576;185.25566497112646;5.555555555555555;420.0;1.0;car;14;;unclassified;1284386691;LINESTRING( 634367.9541703025 4800814.177064232, 634263.1253768184 4800966.9041438615 )
2528;12488176657;12383753481;3.295405931329047;5.555555555555555;420.0;1.0;car;18;;unclassified;1284386691;LINESTRING( 634367.9541703025 4800814.177064232, 634369.8002874708 4800811.447311193 )
2529;12383753481;12488176657;3.295405931329047;5.555555555555555;420.0;1.0;car;3;;unclassified;1284386691;LINESTRING( 634369.8002874708 4800811.447311193, 634367.9541703025 4800814.177064232 )
253;10569489333;10569489337;239.79791798032278;5.555555555555555;420.0;1.0;car;39;;unclassified;1133637620;LINESTRING( 629982.1405424243 4800864.71429632, 629875.0149317265 4800696.619305842 )
2530;12383753481;11915846591;243.83253195057858;5.555555555555555;420.0;1.0;car;2;;unclassified;1284386691;LINESTRING( 634369.8002874708 4800811.447311193, 634506.4642630595 4800609.514525822 )
2531;11915846591;12383753481;243.83253195057858;5.555555555555555;420.0;1.0;car;2;;unclassified;1284386691;LINESTRING( 634506.4642630595 4800609.514525822, 634369.8002874708 4800811.447311193 )
2532;4800161970;6344332009;723.6832620355452;5.555555555555555;420.0;1.0;car;61;;unclassified;677575532;LINESTRING( 632620.1939350651 4801267.298819387, 632103.0315180846 4800789.233024159 )
2533;6344332009;4800161970;723.6832620355452;5.555555555555555;420.0;1.0;car;61;;unclassified;677575532;LINESTRING( 632103.0315180846 4800789.233024159, 632620.1939350651 4801267.298819387 )
2534;10569489923;2376183228;2237.2316539205135;8.333333333333334;750.0;1.0;car;34;;secondary;487271966;LINESTRING( 629908.0767042702 4800689.555139319, 628942.3400797116 4798770.868590624 )
2535;2376183228;10569489923;2237.2316539205135;8.333333333333334;750.0;1.0;car;34;;secondary;487271966;LINESTRING( 628942.3400797116 4798770.868590624, 629908.0767042702 4800689.555139319 )
2536;6342424201;10578178584;234.12595671927258;5.555555555555555;420.0;1.0;car;35;;unclassified;677572478;LINESTRING( 630665.0617277623 4801852.25946163, 630854.0823174178 4801735.816754655 )
2537;10578178584;6342424201;234.12595671927258;5.555555555555555;420.0;1.0;car;19;;unclassified;677572478;LINESTRING( 630854.0823174178 4801735.816754655, 630665.0617277623 4801852.25946163 )
2538;10578178584;6344300415;184.5915916399173;5.555555555555555;420.0;1.0;car;33;;unclassified;677572478;LINESTRING( 630854.0823174178 4801735.816754655, 631024.9068961362 4801665.9548971215 )
2539;6344300415;10578178584;184.5915916399173;5.555555555555555;420.0;1.0;car;11;;unclassified;677572478;LINESTRING( 631024.9068961362 4801665.9548971215, 630854.0823174178 4801735.816754655 )
254;7869367190;7869367187;89.60905444085117;5.555555555555555;420.0;1.0;car;305;;residential;843626030;LINESTRING( 632265.1781974327 4803307.372461137, 632354.0868652076 4803298.8030538 )
2540;3795376656;6344293647;238.7677465303846;5.555555555555555;420.0;1.0;car;639;;unclassified;677571452;LINESTRING( 631399.2159285997 4802787.284537431, 631335.9011020085 4802566.764817463 )
2541;6344293647;3795376656;238.7677465303846;5.555555555555555;420.0;1.0;car;333;;unclassified;677571452;LINESTRING( 631335.9011020085 4802566.764817463, 631399.2159285997 4802787.284537431 )
2542;6344293647;6344293222;87.62164447474919;5.555555555555555;420.0;1.0;car;389;;unclassified;677571452;LINESTRING( 631335.9011020085 4802566.764817463, 631325.0043201271 4802480.539534931 )
2543;6344293222;6344293647;87.62164447474919;5.555555555555555;420.0;1.0;car;161;;unclassified;677571452;LINESTRING( 631325.0043201271 4802480.539534931, 631335.9011020085 4802566.764817463 )
2544;6344293222;6344293310;51.13148220655767;5.555555555555555;420.0;1.0;car;383;;unclassified;677571452;LINESTRING( 631325.0043201271 4802480.539534931, 631304.7556491881 4802433.8175102025 )
2545;6344293310;6344293222;51.13148220655767;5.555555555555555;420.0;1.0;car;155;;unclassified;677571452;LINESTRING( 631304.7556491881 4802433.8175102025, 631325.0043201271 4802480.539534931 )
2546;6344293310;6344293144;73.66056925319869;5.555555555555555;420.0;1.0;car;382;;unclassified;677571452;LINESTRING( 631304.7556491881 4802433.8175102025, 631265.2218737394 4802371.689227818 )
2547;6344293144;6344293310;73.66056925319869;5.555555555555555;420.0;1.0;car;163;;unclassified;677571452;LINESTRING( 631265.2218737394 4802371.689227818, 631304.7556491881 4802433.8175102025 )
2548;6344293144;6344292385;76.19457632486329;5.555555555555555;420.0;1.0;car;384;;unclassified;677571452;LINESTRING( 631265.2218737394 4802371.689227818, 631222.0357915119 4802308.923704054 )
2549;6344292385;6344293144;76.19457632486329;5.555555555555555;420.0;1.0;car;143;;unclassified;677571452;LINESTRING( 631222.0357915119 4802308.923704054, 631265.2218737394 4802371.689227818 )
255;7869367187;7869367190;89.60905444085117;5.555555555555555;420.0;1.0;car;160;;residential;843626030;LINESTRING( 632354.0868652076 4803298.8030538, 632265.1781974327 4803307.372461137 )
2550;6344292385;6342428586;59.311918271196994;5.555555555555555;420.0;1.0;car;464;;unclassified;677571452;LINESTRING( 631222.0357915119 4802308.923704054, 631188.5514145244 4802259.967599769 )
2551;6342428586;6344292385;59.311918271196994;5.555555555555555;420.0;1.0;car;150;;unclassified;677571452;LINESTRING( 631188.5514145244 4802259.967599769, 631222.0357915119 4802308.923704054 )
2552;6342428586;6342429092;76.35314621202716;5.555555555555555;420.0;1.0;car;570;;unclassified;677571452;LINESTRING( 631188.5514145244 4802259.967599769, 631151.0344392254 4802193.635217135 )
2553;6342429092;6342428586;76.35314621202716;5.555555555555555;420.0;1.0;car;171;;unclassified;677571452;LINESTRING( 631151.0344392254 4802193.635217135, 631188.5514145244 4802259.967599769 )
2554;3697037584;5203854838;842.2314789425793;5.555555555555555;420.0;1.0;car;26;;unclassified;365703918;LINESTRING( 634575.4506083615 4799915.378955197, 634653.8334425173 4800750.813127341 )
2555;5203854838;3697037584;842.2314789425793;5.555555555555555;420.0;1.0;car;26;;unclassified;365703918;LINESTRING( 634653.8334425173 4800750.813127341, 634575.4506083615 4799915.378955197 )
2556;10593377832;10593377830;130.76238835498648;5.555555555555555;420.0;1.0;car;29;;unclassified;1136368799;LINESTRING( 631930.4852597496 4804137.128357014, 631924.8174260934 4804027.727992914 )
2557;10593377830;10593377832;130.76238835498648;5.555555555555555;420.0;1.0;car;94;;unclassified;1136368799;LINESTRING( 631924.8174260934 4804027.727992914, 631930.4852597496 4804137.128357014 )
2558;4800133582;10580864647;112.78235389299914;5.555555555555555;420.0;1.0;car;294;;residential;1388776937;LINESTRING( 631103.1341021146 4801507.254579221, 631207.9391144624 4801465.592021253 )
2559;10580864647;4800133582;112.78235389299914;5.555555555555555;420.0;1.0;car;53;;residential;1388776937;LINESTRING( 631207.9391144624 4801465.592021253, 631103.1341021146 4801507.254579221 )
256;6342422905;6342424650;322.0787203015354;5.555555555555555;420.0;1.0;car;52;;residential;677355573;LINESTRING( 630944.2229548974 4801976.370415921, 630654.7075087611 4802117.464645906 )
2560;6344427130;6344431034;14.928980943168305;5.555555555555555;420.0;1.0;car;583;;tertiary_link;677585744;LINESTRING( 630412.1810809885 4804699.5775025645, 630399.631487015 4804691.49158265 )
2561;6344431034;6344427130;14.928980943168305;5.555555555555555;420.0;1.0;car;583;;tertiary_link;677585744;LINESTRING( 630399.631487015 4804691.49158265, 630412.1810809885 4804699.5775025645 )
2562;6344347026;4797641740;126.91450707707382;5.555555555555555;420.0;1.0;car;182;;unclassified;677577559;LINESTRING( 633009.7313246983 4803845.5065083355, 633135.7807268945 4803835.5012838235 )
2563;4797641740;6344347026;126.91450707707382;5.555555555555555;420.0;1.0;car;517;;unclassified;677577559;LINESTRING( 633135.7807268945 4803835.5012838235, 633009.7313246983 4803845.5065083355 )
2564;4797641740;6344348253;132.77745901271237;5.555555555555555;420.0;1.0;car;122;;unclassified;677577559;LINESTRING( 633135.7807268945 4803835.5012838235, 633264.6469439098 4803803.511414583 )
2565;6344348253;4797641740;132.77745901271237;5.555555555555555;420.0;1.0;car;234;;unclassified;677577559;LINESTRING( 633264.6469439098 4803803.511414583, 633135.7807268945 4803835.5012838235 )
2566;6344348253;6344347029;68.37658215373503;5.555555555555555;420.0;1.0;car;106;;unclassified;677577559;LINESTRING( 633264.6469439098 4803803.511414583, 633332.5721488408 4803796.007787917 )
2567;6344347029;6344348253;68.37658215373503;5.555555555555555;420.0;1.0;car;208;;unclassified;677577559;LINESTRING( 633332.5721488408 4803796.007787917, 633264.6469439098 4803803.511414583 )
2568;6342415515;6342415631;181.574370410557;5.555555555555555;420.0;1.0;car;28;;unclassified;677354344;LINESTRING( 630572.8235986336 4801110.967661122, 630485.2361174485 4801006.077085816 )
2569;6342415631;6342415515;181.574370410557;5.555555555555555;420.0;1.0;car;14;;unclassified;677354344;LINESTRING( 630485.2361174485 4801006.077085816, 630572.8235986336 4801110.967661122 )
257;6342424650;6342422905;322.0787203015354;5.555555555555555;420.0;1.0;car;14;;residential;677355573;LINESTRING( 630654.7075087611 4802117.464645906, 630944.2229548974 4801976.370415921 )
2572;10585818750;4800133568;107.61719334197534;5.555555555555555;420.0;1.0;car;36;;residential;487564851;LINESTRING( 632108.4698529919 4803493.0892902315, 632034.6394875987 4803424.063797402 )
2573;4800133568;10585818750;107.61719334197534;5.555555555555555;420.0;1.0;car;36;;residential;487564851;LINESTRING( 632034.6394875987 4803424.063797402, 632108.4698529919 4803493.0892902315 )
2574;4800133568;4800186933;382.8244326574081;5.555555555555555;420.0;1.0;car;461;;residential;487564851;LINESTRING( 632034.6394875987 4803424.063797402, 631897.0076667318 4803122.004724184 )
2575;4800186933;4800133568;382.8244326574081;5.555555555555555;420.0;1.0;car;414;;residential;487564851;LINESTRING( 631897.0076667318 4803122.004724184, 632034.6394875987 4803424.063797402 )
258;6342424650;6342424651;39.12032661687279;5.555555555555555;420.0;1.0;car;18;;residential;677355573;LINESTRING( 630654.7075087611 4802117.464645906, 630619.0377449362 4802133.5291379085 )
2580;4800161973;6344331052;863.6519036577486;5.555555555555555;420.0;1.0;car;24;;unclassified;677575457;LINESTRING( 632783.4290535625 4801315.564655453, 632655.0920121899 4800523.909832548 )
2581;6344331052;4800161973;863.6519036577486;5.555555555555555;420.0;1.0;car;24;;unclassified;677575457;LINESTRING( 632655.0920121899 4800523.909832548, 632783.4290535625 4801315.564655453 )
2582;11536388622;10593375592;531.6243851104679;5.555555555555555;420.0;1.0;car;30;;tertiary;325508130;LINESTRING( 629657.3412192366 4801949.478806864, 629190.415396757 4802198.499427498 )
2583;10593375592;11536388622;531.6243851104679;5.555555555555555;420.0;1.0;car;44;;tertiary;325508130;LINESTRING( 629190.415396757 4802198.499427498, 629657.3412192366 4801949.478806864 )
2584;10593375592;9957425470;1506.6666862548539;5.555555555555555;420.0;1.0;car;1;;tertiary;325508130;LINESTRING( 629190.415396757 4802198.499427498, 627986.065400438 4803100.156910156 )
2585;9957425470;10593375592;1506.6666862548539;5.555555555555555;420.0;1.0;car;1;;tertiary;325508130;LINESTRING( 627986.065400438 4803100.156910156, 629190.415396757 4802198.499427498 )
2586;3321563169;3321563166;128.553454436077;5.555555555555555;420.0;1.0;car;164;;residential;325508128;LINESTRING( 630415.5753890915 4801205.37820824, 630539.3378165923 4801170.714666267 )
2587;3321563166;3321563169;128.553454436077;5.555555555555555;420.0;1.0;car;109;;residential;325508128;LINESTRING( 630539.3378165923 4801170.714666267, 630415.5753890915 4801205.37820824 )
2588;3321563166;6342414155;46.54160472056334;5.555555555555555;420.0;1.0;car;157;;residential;325508128;LINESTRING( 630539.3378165923 4801170.714666267, 630582.6283945835 4801153.641306575 )
2589;6342414155;3321563166;46.54160472056334;5.555555555555555;420.0;1.0;car;88;;residential;325508128;LINESTRING( 630582.6283945835 4801153.641306575, 630539.3378165923 4801170.714666267 )
259;6342424651;6342424650;39.12032661687279;5.555555555555555;420.0;1.0;car;5;;residential;677355573;LINESTRING( 630619.0377449362 4802133.5291379085, 630654.7075087611 4802117.464645906 )
2590;6342414155;3321563165;20.434331361686112;5.555555555555555;420.0;1.0;car;166;;residential;325508128;LINESTRING( 630582.6283945835 4801153.641306575, 630603.0436225604 4801152.757923959 )
2591;3321563165;6342414155;20.434331361686112;5.555555555555555;420.0;1.0;car;111;;residential;325508128;LINESTRING( 630603.0436225604 4801152.757923959, 630582.6283945835 4801153.641306575 )
2592;3321563165;6344304368;88.4266687940593;5.555555555555555;420.0;1.0;car;186;;residential;325508128;LINESTRING( 630603.0436225604 4801152.757923959, 630690.9610485274 4801143.479880402 )
2593;6344304368;3321563165;88.4266687940593;5.555555555555555;420.0;1.0;car;99;;residential;325508128;LINESTRING( 630690.9610485274 4801143.479880402, 630603.0436225604 4801152.757923959 )
2594;6344304368;3321563162;62.62867860208809;5.555555555555555;420.0;1.0;car;194;;residential;325508128;LINESTRING( 630690.9610485274 4801143.479880402, 630753.1353061838 4801136.004917147 )
2595;3321563162;6344304368;62.62867860208809;5.555555555555555;420.0;1.0;car;107;;residential;325508128;LINESTRING( 630753.1353061838 4801136.004917147, 630690.9610485274 4801143.479880402 )
2596;3321563181;4800133585;287.17334667485835;5.555555555555555;420.0;1.0;car;166;;residential;325508129;LINESTRING( 630916.5675452121 4801613.628186287, 630823.0391225651 4801342.512957794 )
2597;4800133585;3321563181;287.17334667485835;5.555555555555555;420.0;1.0;car;204;;residential;325508129;LINESTRING( 630823.0391225651 4801342.512957794, 630916.5675452121 4801613.628186287 )
2598;4800133585;5244141518;90.31923835509262;5.555555555555555;420.0;1.0;car;453;;residential;325508129;LINESTRING( 630823.0391225651 4801342.512957794, 630794.0812239886 4801256.96177471 )
2599;5244141518;4800133585;90.31923835509262;5.555555555555555;420.0;1.0;car;567;;residential;325508129;LINESTRING( 630794.0812239886 4801256.96177471, 630823.0391225651 4801342.512957794 )
26;5190916843;5190916844;58.12336145163895;5.555555555555555;420.0;1.0;car;77;;residential;535595004;LINESTRING( 632696.2602388245 4803274.9383738255, 632693.8829918571 4803216.863647453 )
260;10585822708;10585822707;85.64183675103487;5.555555555555555;420.0;1.0;car;26;;unclassified;1135603653;LINESTRING( 631465.1987355344 4802727.062645638, 631510.0210298714 4802800.038574084 )
2600;5244141518;3321563162;127.6993718715419;5.555555555555555;420.0;1.0;car;248;;residential;325508129;LINESTRING( 630794.0812239886 4801256.96177471, 630753.1353061838 4801136.004917147 )
2601;3321563162;5244141518;127.6993718715419;5.555555555555555;420.0;1.0;car;322;;residential;325508129;LINESTRING( 630753.1353061838 4801136.004917147, 630794.0812239886 4801256.96177471 )
2602;3321563162;3321560656;190.0015344547478;5.555555555555555;420.0;1.0;car;158;;residential;325508129;LINESTRING( 630753.1353061838 4801136.004917147, 630712.2934631049 4800950.857272917 )
2603;3321560656;3321563162;190.0015344547478;5.555555555555555;420.0;1.0;car;145;;residential;325508129;LINESTRING( 630712.2934631049 4800950.857272917, 630753.1353061838 4801136.004917147 )
2604;4800163839;10580862444;100.77129519977028;5.555555555555555;420.0;1.0;car;57;;residential;677573418;LINESTRING( 631398.9601893406 4801345.725176948, 631354.2602891617 4801255.410322908 )
2605;10580862444;4800163839;100.77129519977028;5.555555555555555;420.0;1.0;car;63;;residential;677573418;LINESTRING( 631354.2602891617 4801255.410322908, 631398.9601893406 4801345.725176948 )
2606;10580862444;10580849825;15.836099193075219;5.555555555555555;420.0;1.0;car;137;;residential;677573418;LINESTRING( 631354.2602891617 4801255.410322908, 631347.2312402067 4801241.219674282 )
2607;10580849825;10580862444;15.836099193075219;5.555555555555555;420.0;1.0;car;142;;residential;677573418;LINESTRING( 631347.2312402067 4801241.219674282, 631354.2602891617 4801255.410322908 )
2608;10580849825;6344310683;115.88122854482862;5.555555555555555;420.0;1.0;car;107;;residential;677573418;LINESTRING( 631347.2312402067 4801241.219674282, 631295.5010798468 4801137.525654984 )
2609;6344310683;10580849825;115.88122854482862;5.555555555555555;420.0;1.0;car;143;;residential;677573418;LINESTRING( 631295.5010798468 4801137.525654984, 631347.2312402067 4801241.219674282 )
261;10585822707;10585822708;85.64183675103487;5.555555555555555;420.0;1.0;car;26;;unclassified;1135603653;LINESTRING( 631510.0210298714 4802800.038574084, 631465.1987355344 4802727.062645638 )
2610;6344310683;10580862873;70.79833919920564;5.555555555555555;420.0;1.0;car;72;;residential;677573418;LINESTRING( 631295.5010798468 4801137.525654984, 631259.4052177757 4801076.62004297 )
2611;10580862873;6344310683;70.79833919920564;5.555555555555555;420.0;1.0;car;79;;residential;677573418;LINESTRING( 631259.4052177757 4801076.62004297, 631295.5010798468 4801137.525654984 )
2612;10580862873;4800163842;334.7818108565299;5.555555555555555;420.0;1.0;car;40;;residential;677573418;LINESTRING( 631259.4052177757 4801076.62004297, 631099.3549829733 4800782.5902805105 )
2613;4800163842;10580862873;334.7818108565299;5.555555555555555;420.0;1.0;car;25;;residential;677573418;LINESTRING( 631099.3549829733 4800782.5902805105, 631259.4052177757 4801076.62004297 )
2614;4800163842;4800147021;116.90871154931193;5.555555555555555;420.0;1.0;car;184;;residential;677573418;LINESTRING( 631099.3549829733 4800782.5902805105, 630984.5424928133 4800804.629766425 )
2615;4800147021;4800163842;116.90871154931193;5.555555555555555;420.0;1.0;car;50;;residential;677573418;LINESTRING( 630984.5424928133 4800804.629766425, 631099.3549829733 4800782.5902805105 )
2616;12759303858;7007706971;451.0080620533807;5.555555555555555;420.0;1.0;car;500;;residential;1125224540;LINESTRING( 633894.2163647506 4801899.641864547, 633686.0715390097 4802203.240499231 )
2617;7007706971;12759303858;451.0080620533807;5.555555555555555;420.0;1.0;car;500;;residential;1125224540;LINESTRING( 633686.0715390097 4802203.240499231, 633894.2163647506 4801899.641864547 )
2618;7007706971;7007761836;169.12471823127743;5.555555555555555;420.0;1.0;car;502;;residential;1125224540;LINESTRING( 633686.0715390097 4802203.240499231, 633652.3978007196 4802367.649214909 )
2619;7007761836;7007706971;169.12471823127743;5.555555555555555;420.0;1.0;car;502;;residential;1125224540;LINESTRING( 633652.3978007196 4802367.649214909, 633686.0715390097 4802203.240499231 )
262;1411867092;2015570268;175.75784181672026;8.333333333333334;750.0;1.0;car;1463;;secondary;487259494;LINESTRING( 631661.6495594382 4803885.385351484, 631592.3108911368 4803723.894485701 )
2620;7007761836;7007731755;25.546744896093387;5.555555555555555;420.0;1.0;car;503;;residential;1125224540;LINESTRING( 633652.3978007196 4802367.649214909, 633655.0163501921 4802393.0543475915 )
2621;7007731755;7007761836;25.546744896093387;5.555555555555555;420.0;1.0;car;503;;residential;1125224540;LINESTRING( 633655.0163501921 4802393.0543475915, 633652.3978007196 4802367.649214909 )
2622;7007731755;7007706956;189.11859903780635;5.555555555555555;420.0;1.0;car;507;;residential;1125224540;LINESTRING( 633655.0163501921 4802393.0543475915, 633708.8585465734 4802570.426183898 )
2623;7007706956;7007731755;189.11859903780635;5.555555555555555;420.0;1.0;car;507;;residential;1125224540;LINESTRING( 633708.8585465734 4802570.426183898, 633655.0163501921 4802393.0543475915 )
2624;4797645843;6344343788;291.10910951068706;5.555555555555555;420.0;1.0;car;100;;residential;487258718;LINESTRING( 632757.4655425756 4803341.545664244, 632748.3002753172 4803050.580920477 )
2625;6344343788;4797645843;291.10910951068706;5.555555555555555;420.0;1.0;car;186;;residential;487258718;LINESTRING( 632748.3002753172 4803050.580920477, 632757.4655425756 4803341.545664244 )
2626;6344343788;4797645845;60.60458650558748;5.555555555555555;420.0;1.0;car;153;;residential;487258718;LINESTRING( 632748.3002753172 4803050.580920477, 632747.2047662365 4802989.987145809 )
2627;4797645845;6344343788;60.60458650558748;5.555555555555555;420.0;1.0;car;187;;residential;487258718;LINESTRING( 632747.2047662365 4802989.987145809, 632748.3002753172 4803050.580920477 )
2628;4800156841;6342369769;32.26070095463691;5.555555555555555;420.0;1.0;car;251;;residential;677350150;LINESTRING( 632185.4580076374 4802917.860362773, 632182.7797786104 4802885.71102506 )
2629;6342369769;4800156841;32.26070095463691;5.555555555555555;420.0;1.0;car;273;;residential;677350150;LINESTRING( 632182.7797786104 4802885.71102506, 632185.4580076374 4802917.860362773 )
263;2015570268;1411867092;175.75784181672026;8.333333333333334;750.0;1.0;car;1351;;secondary;487259494;LINESTRING( 631592.3108911368 4803723.894485701, 631661.6495594382 4803885.385351484 )
2630;6342369769;6342369765;30.388267303776352;5.555555555555555;420.0;1.0;car;195;;residential;677350150;LINESTRING( 632182.7797786104 4802885.71102506, 632153.4581744748 4802893.39239824 )
2631;6342369765;6342369769;30.388267303776352;5.555555555555555;420.0;1.0;car;161;;residential;677350150;LINESTRING( 632153.4581744748 4802893.39239824, 632182.7797786104 4802885.71102506 )
2632;6342369765;6342366178;211.83082368305074;5.555555555555555;420.0;1.0;car;275;;residential;677350150;LINESTRING( 632153.4581744748 4802893.39239824, 632039.1352444787 4802718.10788936 )
2633;6342366178;6342369765;211.83082368305074;5.555555555555555;420.0;1.0;car;346;;residential;677350150;LINESTRING( 632039.1352444787 4802718.10788936, 632153.4581744748 4802893.39239824 )
2634;6342366178;4800144414;313.83457557235886;5.555555555555555;420.0;1.0;car;331;;residential;677350150;LINESTRING( 632039.1352444787 4802718.10788936, 631881.4659178718 4802446.777895927 )
2635;4800144414;6342366178;313.83457557235886;5.555555555555555;420.0;1.0;car;350;;residential;677350150;LINESTRING( 631881.4659178718 4802446.777895927, 632039.1352444787 4802718.10788936 )
2636;4800144414;4800144415;572.1183581897808;5.555555555555555;420.0;1.0;car;360;;residential;677350150;LINESTRING( 631881.4659178718 4802446.777895927, 631619.2219688614 4801938.494327517 )
2637;4800144415;4800144414;572.1183581897808;5.555555555555555;420.0;1.0;car;439;;residential;677350150;LINESTRING( 631619.2219688614 4801938.494327517, 631881.4659178718 4802446.777895927 )
2638;4800144415;4800144416;237.1115703714803;5.555555555555555;420.0;1.0;car;618;;residential;677350150;LINESTRING( 631619.2219688614 4801938.494327517, 631497.9473788465 4801734.743571394 )
2639;4800144416;4800144415;237.1115703714803;5.555555555555555;420.0;1.0;car;762;;residential;677350150;LINESTRING( 631497.9473788465 4801734.743571394, 631619.2219688614 4801938.494327517 )
264;2015570268;5244146919;92.43147745146248;8.333333333333334;750.0;1.0;car;1355;;secondary;487259494;LINESTRING( 631592.3108911368 4803723.894485701, 631553.323430628 4803640.087827571 )
2640;4800144416;10560829579;114.07229184594436;5.555555555555555;420.0;1.0;car;652;;residential;677350150;LINESTRING( 631497.9473788465 4801734.743571394, 631436.854988674 4801638.409737099 )
2641;10560829579;4800144416;114.07229184594436;5.555555555555555;420.0;1.0;car;753;;residential;677350150;LINESTRING( 631436.854988674 4801638.409737099, 631497.9473788465 4801734.743571394 )
2642;10560829579;4800144418;304.28803589468663;5.555555555555555;420.0;1.0;car;663;;residential;677350150;LINESTRING( 631436.854988674 4801638.409737099, 631288.3986296579 4801373.052360916 )
2643;4800144418;10560829579;304.28803589468663;5.555555555555555;420.0;1.0;car;387;;residential;677350150;LINESTRING( 631288.3986296579 4801373.052360916, 631436.854988674 4801638.409737099 )
2644;4800144418;6344310682;205.3052738343296;5.555555555555555;420.0;1.0;car;491;;residential;677350150;LINESTRING( 631288.3986296579 4801373.052360916, 631195.5653062843 4801189.935982371 )
2645;6344310682;4800144418;205.3052738343296;5.555555555555555;420.0;1.0;car;216;;residential;677350150;LINESTRING( 631195.5653062843 4801189.935982371, 631288.3986296579 4801373.052360916 )
2646;6344310682;4800147021;439.30833542481776;5.555555555555555;420.0;1.0;car;149;;residential;677350150;LINESTRING( 631195.5653062843 4801189.935982371, 630984.5424928133 4800804.629766425 )
2647;4800147021;6344310682;439.30833542481776;5.555555555555555;420.0;1.0;car;190;;residential;677350150;LINESTRING( 630984.5424928133 4800804.629766425, 631195.5653062843 4801189.935982371 )
2648;4800147021;10569487449;107.48972532744155;5.555555555555555;420.0;1.0;car;272;;residential;677350150;LINESTRING( 630984.5424928133 4800804.629766425, 630879.9727144784 4800829.513546483 )
2649;10569487449;4800147021;107.48972532744155;5.555555555555555;420.0;1.0;car;179;;residential;677350150;LINESTRING( 630879.9727144784 4800829.513546483, 630984.5424928133 4800804.629766425 )
265;5244146919;2015570268;92.43147745146248;8.333333333333334;750.0;1.0;car;1192;;secondary;487259494;LINESTRING( 631553.323430628 4803640.087827571, 631592.3108911368 4803723.894485701 )
2650;10569487449;4800150601;7.593778024289248;5.555555555555555;420.0;1.0;car;259;;residential;677350150;LINESTRING( 630879.9727144784 4800829.513546483, 630872.5849536743 4800831.270377432 )
2651;4800150601;10569487449;7.593778024289248;5.555555555555555;420.0;1.0;car;166;;residential;677350150;LINESTRING( 630872.5849536743 4800831.270377432, 630879.9727144784 4800829.513546483 )
2652;4800150601;10569487198;69.72319219119764;5.555555555555555;420.0;1.0;car;271;;residential;677350150;LINESTRING( 630872.5849536743 4800831.270377432, 630808.2854007836 4800857.0901799295 )
2653;10569487198;4800150601;69.72319219119764;5.555555555555555;420.0;1.0;car;207;;residential;677350150;LINESTRING( 630808.2854007836 4800857.0901799295, 630872.5849536743 4800831.270377432 )
2654;10569487198;6344452562;29.32338325084323;5.555555555555555;420.0;1.0;car;266;;residential;677350150;LINESTRING( 630808.2854007836 4800857.0901799295, 630783.7018032914 4800873.068527257 )
2655;6344452562;10569487198;29.32338325084323;5.555555555555555;420.0;1.0;car;202;;residential;677350150;LINESTRING( 630783.7018032914 4800873.068527257, 630808.2854007836 4800857.0901799295 )
2656;6344452562;10569487450;38.42377087302236;5.555555555555555;420.0;1.0;car;178;;residential;677350150;LINESTRING( 630783.7018032914 4800873.068527257, 630757.3075089413 4800900.932898105 )
2657;10569487450;6344452562;38.42377087302236;5.555555555555555;420.0;1.0;car;178;;residential;677350150;LINESTRING( 630757.3075089413 4800900.932898105, 630783.7018032914 4800873.068527257 )
2658;10569487450;3321560656;76.78275834077076;5.555555555555555;420.0;1.0;car;74;;residential;677350150;LINESTRING( 630757.3075089413 4800900.932898105, 630712.2934631049 4800950.857272917 )
2659;3321560656;10569487450;76.78275834077076;5.555555555555555;420.0;1.0;car;71;;residential;677350150;LINESTRING( 630712.2934631049 4800950.857272917, 630757.3075089413 4800900.932898105 )
266;5244146919;5244147123;80.91424319786938;8.333333333333334;750.0;1.0;car;1312;;secondary;487259494;LINESTRING( 631553.323430628 4803640.087827571, 631522.6383489502 4803565.219959238 )
2660;6344439406;6344439407;183.16868380563002;5.555555555555555;420.0;1.0;car;38;;unclassified;677586746;LINESTRING( 631112.6477426549 4804072.956379787, 631269.1832543175 4803978.272305552 )
2661;6344439407;6344439406;183.16868380563002;5.555555555555555;420.0;1.0;car;38;;unclassified;677586746;LINESTRING( 631269.1832543175 4803978.272305552, 631112.6477426549 4804072.956379787 )
2662;4797632002;7013102631;127.77235236254751;5.555555555555555;420.0;1.0;car;238;;residential;487257684;LINESTRING( 633005.6028594167 4803710.637135541, 633133.1347081321 4803703.260713079 )
2663;7013102631;4797632002;127.77235236254751;5.555555555555555;420.0;1.0;car;71;;residential;487257684;LINESTRING( 633133.1347081321 4803703.260713079, 633005.6028594167 4803710.637135541 )
2664;7013102631;6344346987;119.85863899633185;5.555555555555555;420.0;1.0;car;63;;residential;487257684;LINESTRING( 633133.1347081321 4803703.260713079, 633247.7817087814 4803668.301622469 )
2665;6344346987;7013102631;119.85863899633185;5.555555555555555;420.0;1.0;car;53;;residential;487257684;LINESTRING( 633247.7817087814 4803668.301622469, 633133.1347081321 4803703.260713079 )
2666;6344313698;10580860901;93.71991803902955;5.555555555555555;420.0;1.0;car;55;;residential;1135050948;LINESTRING( 631692.8241016126 4801233.664970309, 631661.2451856227 4801145.425551101 )
2667;10580860901;6344313698;93.71991803902955;5.555555555555555;420.0;1.0;car;48;;residential;1135050948;LINESTRING( 631661.2451856227 4801145.425551101, 631692.8241016126 4801233.664970309 )
2668;5730439371;10580860928;41.5229795755875;5.555555555555555;420.0;1.0;car;43;;residential;1135050955;LINESTRING( 631713.7430363641 4801136.58220698, 631755.1121387528 4801133.010764641 )
2669;10580860928;5730439371;41.5229795755875;5.555555555555555;420.0;1.0;car;52;;residential;1135050955;LINESTRING( 631755.1121387528 4801133.010764641, 631713.7430363641 4801136.58220698 )
267;5244147123;5244146919;80.91424319786938;8.333333333333334;750.0;1.0;car;1071;;secondary;487259494;LINESTRING( 631522.6383489502 4803565.219959238, 631553.323430628 4803640.087827571 )
2670;10580860928;10580860926;282.3316489932023;5.555555555555555;420.0;1.0;car;33;;residential;1135050955;LINESTRING( 631755.1121387528 4801133.010764641, 631941.9602192508 4800952.938766249 )
2671;10580860926;10580860928;282.3316489932023;5.555555555555555;420.0;1.0;car;33;;residential;1135050955;LINESTRING( 631941.9602192508 4800952.938766249, 631755.1121387528 4801133.010764641 )
2672;10578176744;5244141499;267.325647182;5.555555555555555;420.0;1.0;car;233;;residential;325508126;LINESTRING( 630432.8916356885 4802093.372265967, 630349.9793768123 4801840.355655318 )
2673;5244141499;10578176744;267.325647182;5.555555555555555;420.0;1.0;car;134;;residential;325508126;LINESTRING( 630349.9793768123 4801840.355655318, 630432.8916356885 4802093.372265967 )
2674;5244141499;3321563186;180.38685962458104;5.555555555555555;420.0;1.0;car;297;;residential;325508126;LINESTRING( 630349.9793768123 4801840.355655318, 630260.3832575792 4801691.544762559 )
2675;3321563186;5244141499;180.38685962458104;5.555555555555555;420.0;1.0;car;202;;residential;325508126;LINESTRING( 630260.3832575792 4801691.544762559, 630349.9793768123 4801840.355655318 )
2676;3321563186;5244146824;187.03652786031273;5.555555555555555;420.0;1.0;car;187;;residential;325508126;LINESTRING( 630260.3832575792 4801691.544762559, 630169.338206758 4801529.775440169 )
2677;5244146824;3321563186;187.03652786031273;5.555555555555555;420.0;1.0;car;176;;residential;325508126;LINESTRING( 630169.338206758 4801529.775440169, 630260.3832575792 4801691.544762559 )
2678;5244146824;10569488064;128.68068281079792;5.555555555555555;420.0;1.0;car;102;;residential;325508126;LINESTRING( 630169.338206758 4801529.775440169, 630109.4307872532 4801415.890326054 )
2679;10569488064;5244146824;128.68068281079792;5.555555555555555;420.0;1.0;car;88;;residential;325508126;LINESTRING( 630109.4307872532 4801415.890326054, 630169.338206758 4801529.775440169 )
268;5244147123;2015570254;77.74529764715672;8.333333333333334;750.0;1.0;car;1593;;secondary;487259494;LINESTRING( 631522.6383489502 4803565.219959238, 631492.1793668992 4803493.689673913 )
2680;10569488064;3321563171;143.963947662071;5.555555555555555;420.0;1.0;car;97;;residential;325508126;LINESTRING( 630109.4307872532 4801415.890326054, 630042.4038312988 4801288.481513949 )
2681;3321563171;10569488064;143.963947662071;5.555555555555555;420.0;1.0;car;75;;residential;325508126;LINESTRING( 630042.4038312988 4801288.481513949, 630109.4307872532 4801415.890326054 )
2682;3321563171;5244146826;332.8716893441574;5.555555555555555;420.0;1.0;car;100;;residential;325508126;LINESTRING( 630042.4038312988 4801288.481513949, 629898.1819396649 4800988.575974007 )
2683;5244146826;3321563171;332.8716893441574;5.555555555555555;420.0;1.0;car;66;;residential;325508126;LINESTRING( 629898.1819396649 4800988.575974007, 630042.4038312988 4801288.481513949 )
2684;5244141499;3321563191;109.92896978719145;5.555555555555555;420.0;1.0;car;124;;residential;325508127;LINESTRING( 630349.9793768123 4801840.355655318, 630451.9480363157 4801800.626870052 )
2685;3321563191;5244141499;109.92896978719145;5.555555555555555;420.0;1.0;car;120;;residential;325508127;LINESTRING( 630451.9480363157 4801800.626870052, 630349.9793768123 4801840.355655318 )
2686;3321563191;6342423622;138.81411304424404;5.555555555555555;420.0;1.0;car;373;;residential;325508127;LINESTRING( 630451.9480363157 4801800.626870052, 630582.0532769093 4801752.232817211 )
2687;6342423622;3321563191;138.81411304424404;5.555555555555555;420.0;1.0;car;295;;residential;325508127;LINESTRING( 630582.0532769093 4801752.232817211, 630451.9480363157 4801800.626870052 )
2688;6342423622;3321563185;143.3174864496433;5.555555555555555;420.0;1.0;car;355;;residential;325508127;LINESTRING( 630582.0532769093 4801752.232817211, 630713.0746568742 4801694.293250338 )
2689;3321563185;6342423622;143.3174864496433;5.555555555555555;420.0;1.0;car;277;;residential;325508127;LINESTRING( 630713.0746568742 4801694.293250338, 630582.0532769093 4801752.232817211 )
269;2015570254;5244147123;77.74529764715672;8.333333333333334;750.0;1.0;car;1379;;secondary;487259494;LINESTRING( 631492.1793668992 4803493.689673913, 631522.6383489502 4803565.219959238 )
2690;3321563185;3321563184;113.05600021640143;5.555555555555555;420.0;1.0;car;289;;residential;325508127;LINESTRING( 630713.0746568742 4801694.293250338, 630818.1740324816 4801652.630552012 )
2691;3321563184;3321563185;113.05600021640143;5.555555555555555;420.0;1.0;car;234;;residential;325508127;LINESTRING( 630818.1740324816 4801652.630552012, 630713.0746568742 4801694.293250338 )
2692;3321563184;3321563181;105.84171143517767;5.555555555555555;420.0;1.0;car;146;;residential;325508127;LINESTRING( 630818.1740324816 4801652.630552012, 630916.5675452121 4801613.628186287 )
2693;3321563181;3321563184;105.84171143517767;5.555555555555555;420.0;1.0;car;184;;residential;325508127;LINESTRING( 630916.5675452121 4801613.628186287, 630818.1740324816 4801652.630552012 )
2694;3321563181;6344303617;104.76668761546964;5.555555555555555;420.0;1.0;car;38;;residential;325508127;LINESTRING( 630916.5675452121 4801613.628186287, 631013.0519559742 4801572.8015122395 )
2695;6344303617;3321563181;104.76668761546964;5.555555555555555;420.0;1.0;car;38;;residential;325508127;LINESTRING( 631013.0519559742 4801572.8015122395, 630916.5675452121 4801613.628186287 )
2696;3321563179;5244141516;192.36905047449466;5.555555555555555;420.0;1.0;car;179;;residential;325508124;LINESTRING( 630320.832585528 4801539.415143867, 630499.6378368548 4801468.46069607 )
2697;5244141516;3321563179;192.36905047449466;5.555555555555555;420.0;1.0;car;176;;residential;325508124;LINESTRING( 630499.6378368548 4801468.46069607, 630320.832585528 4801539.415143867 )
2698;5244141516;3321563176;23.670552607079717;5.555555555555555;420.0;1.0;car;200;;residential;325508124;LINESTRING( 630499.6378368548 4801468.46069607, 630521.2276345552 4801458.756279757 )
2699;3321563176;5244141516;23.670552607079717;5.555555555555555;420.0;1.0;car;271;;residential;325508124;LINESTRING( 630521.2276345552 4801458.756279757, 630499.6378368548 4801468.46069607 )
27;5190916844;5190916843;58.12336145163895;5.555555555555555;420.0;1.0;car;65;;residential;535595004;LINESTRING( 632693.8829918571 4803216.863647453, 632696.2602388245 4803274.9383738255 )
270;2015570254;5244146915;45.56388220559168;8.333333333333334;750.0;1.0;car;1368;;secondary;487259494;LINESTRING( 631492.1793668992 4803493.689673913, 631475.8739633546 4803451.143214872 )
2700;3321563176;3321563185;383.4742239202385;5.555555555555555;420.0;1.0;car;71;;residential;325508124;LINESTRING( 630521.2276345552 4801458.756279757, 630713.0746568742 4801694.293250338 )
2701;3321563185;3321563176;383.4742239202385;5.555555555555555;420.0;1.0;car;94;;residential;325508124;LINESTRING( 630713.0746568742 4801694.293250338, 630521.2276345552 4801458.756279757 )
2702;3321563170;3321563171;138.89372977615912;5.555555555555555;420.0;1.0;car;105;;residential;325508125;LINESTRING( 630152.1120435031 4801203.301842982, 630042.4038312988 4801288.481513949 )
2703;3321563171;3321563170;138.89372977615912;5.555555555555555;420.0;1.0;car;146;;residential;325508125;LINESTRING( 630042.4038312988 4801288.481513949, 630152.1120435031 4801203.301842982 )
2704;3321563171;3321563172;118.17016039346429;5.555555555555555;420.0;1.0;car;38;;residential;325508125;LINESTRING( 630042.4038312988 4801288.481513949, 629946.9734080547 4801351.384182874 )
2705;3321563172;3321563171;118.17016039346429;5.555555555555555;420.0;1.0;car;91;;residential;325508125;LINESTRING( 629946.9734080547 4801351.384182874, 630042.4038312988 4801288.481513949 )
2706;3321563172;10569488518;81.99652998641334;5.555555555555555;420.0;1.0;car;96;;residential;325508125;LINESTRING( 629946.9734080547 4801351.384182874, 629910.1560356703 4801278.118146947 )
2707;10569488518;3321563172;81.99652998641334;5.555555555555555;420.0;1.0;car;106;;residential;325508125;LINESTRING( 629910.1560356703 4801278.118146947, 629946.9734080547 4801351.384182874 )
2708;10569488518;3321563168;97.98894752479221;5.555555555555555;420.0;1.0;car;23;;residential;325508125;LINESTRING( 629910.1560356703 4801278.118146947, 629866.1617197702 4801190.560543019 )
2709;3321563168;10569488518;97.98894752479221;5.555555555555555;420.0;1.0;car;42;;residential;325508125;LINESTRING( 629866.1617197702 4801190.560543019, 629910.1560356703 4801278.118146947 )
271;5244146915;2015570254;45.56388220559168;8.333333333333334;750.0;1.0;car;1378;;secondary;487259494;LINESTRING( 631475.8739633546 4803451.143214872, 631492.1793668992 4803493.689673913 )
2710;3321563176;5244141520;82.55410830407484;5.555555555555555;420.0;1.0;car;258;;residential;325508122;LINESTRING( 630521.2276345552 4801458.756279757, 630486.5485361579 4801383.839386254 )
2711;5244141520;3321563176;82.55410830407484;5.555555555555555;420.0;1.0;car;306;;residential;325508122;LINESTRING( 630486.5485361579 4801383.839386254, 630521.2276345552 4801458.756279757 )
2712;5244141520;3321563169;192.174033702027;5.555555555555555;420.0;1.0;car;130;;residential;325508122;LINESTRING( 630486.5485361579 4801383.839386254, 630415.5753890915 4801205.37820824 )
2713;3321563169;5244141520;192.174033702027;5.555555555555555;420.0;1.0;car;157;;residential;325508122;LINESTRING( 630415.5753890915 4801205.37820824, 630486.5485361579 4801383.839386254 )
2714;3321563169;5244146836;157.9282622975035;5.555555555555555;420.0;1.0;car;98;;residential;325508122;LINESTRING( 630415.5753890915 4801205.37820824, 630326.971476687 4801075.350630955 )
2715;5244146836;3321563169;157.9282622975035;5.555555555555555;420.0;1.0;car;180;;residential;325508122;LINESTRING( 630326.971476687 4801075.350630955, 630415.5753890915 4801205.37820824 )
2716;5244146836;5244146832;153.52529966199768;5.555555555555555;420.0;1.0;car;73;;residential;325508122;LINESTRING( 630326.971476687 4801075.350630955, 630290.0392312022 4800928.210560541 )
2717;5244146832;5244146836;153.52529966199768;5.555555555555555;420.0;1.0;car;74;;residential;325508122;LINESTRING( 630290.0392312022 4800928.210560541, 630326.971476687 4801075.350630955 )
2718;3321563199;5244146884;115.7641877397035;5.555555555555555;420.0;1.0;car;24;;residential;325508123;LINESTRING( 630091.9434871362 4803061.597284365, 630186.9368417913 4802995.433776792 )
2719;5244146884;3321563199;115.7641877397035;5.555555555555555;420.0;1.0;car;39;;residential;325508123;LINESTRING( 630186.9368417913 4802995.433776792, 630091.9434871362 4803061.597284365 )
272;5244146915;5244146899;28.210794977859805;8.333333333333334;750.0;1.0;car;1682;;secondary;487259494;LINESTRING( 631475.8739633546 4803451.143214872, 631463.693259921 4803425.697598017 )
2720;5244146884;5244146886;74.11851069288139;5.555555555555555;420.0;1.0;car;62;;residential;325508123;LINESTRING( 630186.9368417913 4802995.433776792, 630251.8044580749 4802959.576476489 )
2721;5244146886;5244146884;74.11851069288139;5.555555555555555;420.0;1.0;car;50;;residential;325508123;LINESTRING( 630251.8044580749 4802959.576476489, 630186.9368417913 4802995.433776792 )
2722;5244146886;5244146888;74.33682896507162;5.555555555555555;420.0;1.0;car;70;;residential;325508123;LINESTRING( 630251.8044580749 4802959.576476489, 630314.7264147431 4802919.9937591795 )
2723;5244146888;5244146886;74.33682896507162;5.555555555555555;420.0;1.0;car;60;;residential;325508123;LINESTRING( 630314.7264147431 4802919.9937591795, 630251.8044580749 4802959.576476489 )
2724;5244146888;6344443283;29.11763735774998;5.555555555555555;420.0;1.0;car;81;;residential;325508123;LINESTRING( 630314.7264147431 4802919.9937591795, 630340.6982378261 4802906.8293673955 )
2725;6344443283;5244146888;29.11763735774998;5.555555555555555;420.0;1.0;car;74;;residential;325508123;LINESTRING( 630340.6982378261 4802906.8293673955, 630314.7264147431 4802919.9937591795 )
2726;6344443283;5244146892;48.99902255153283;5.555555555555555;420.0;1.0;car;81;;residential;325508123;LINESTRING( 630340.6982378261 4802906.8293673955, 630382.6609237227 4802881.530410829 )
2727;5244146892;6344443283;48.99902255153283;5.555555555555555;420.0;1.0;car;200;;residential;325508123;LINESTRING( 630382.6609237227 4802881.530410829, 630340.6982378261 4802906.8293673955 )
2728;5244146892;5244146890;75.22081706479644;5.555555555555555;420.0;1.0;car;124;;residential;325508123;LINESTRING( 630382.6609237227 4802881.530410829, 630447.4859547206 4802843.374327749 )
2729;5244146890;5244146892;75.22081706479644;5.555555555555555;420.0;1.0;car;96;;residential;325508123;LINESTRING( 630447.4859547206 4802843.374327749, 630382.6609237227 4802881.530410829 )
273;5244146899;5244146915;28.210794977859805;8.333333333333334;750.0;1.0;car;2174;;secondary;487259494;LINESTRING( 631463.693259921 4803425.697598017, 631475.8739633546 4803451.143214872 )
2730;5244146890;4962330112;76.67968208702143;5.555555555555555;420.0;1.0;car;142;;residential;325508123;LINESTRING( 630447.4859547206 4802843.374327749, 630513.0637222456 4802803.633542007 )
2731;4962330112;5244146890;76.67968208702143;5.555555555555555;420.0;1.0;car;164;;residential;325508123;LINESTRING( 630513.0637222456 4802803.633542007, 630447.4859547206 4802843.374327749 )
2732;4962330112;4962330111;72.71943571559915;5.555555555555555;420.0;1.0;car;174;;residential;325508123;LINESTRING( 630513.0637222456 4802803.633542007, 630576.1968140221 4802767.545745544 )
2733;4962330111;4962330112;72.71943571559915;5.555555555555555;420.0;1.0;car;169;;residential;325508123;LINESTRING( 630576.1968140221 4802767.545745544, 630513.0637222456 4802803.633542007 )
2734;4962330111;1844618383;42.48200606627502;5.555555555555555;420.0;1.0;car;240;;residential;325508123;LINESTRING( 630576.1968140221 4802767.545745544, 630613.6426345957 4802747.482561326 )
2735;1844618383;4962330111;42.48200606627502;5.555555555555555;420.0;1.0;car;235;;residential;325508123;LINESTRING( 630613.6426345957 4802747.482561326, 630576.1968140221 4802767.545745544 )
2736;1844618383;3321563196;154.2853331462998;5.555555555555555;420.0;1.0;car;240;;residential;325508123;LINESTRING( 630613.6426345957 4802747.482561326, 630748.8529363833 4802673.171469862 )
2737;3321563196;1844618383;154.2853331462998;5.555555555555555;420.0;1.0;car;215;;residential;325508123;LINESTRING( 630748.8529363833 4802673.171469862, 630613.6426345957 4802747.482561326 )
2738;3321563196;3321563195;86.64509742529796;5.555555555555555;420.0;1.0;car;400;;residential;325508123;LINESTRING( 630748.8529363833 4802673.171469862, 630826.5885136704 4802634.901992054 )
2739;3321563195;3321563196;86.64509742529796;5.555555555555555;420.0;1.0;car;276;;residential;325508123;LINESTRING( 630826.5885136704 4802634.901992054, 630748.8529363833 4802673.171469862 )
274;5244146899;1411867086;39.90023923473274;8.333333333333334;750.0;1.0;car;1669;;secondary;487259494;LINESTRING( 631463.693259921 4803425.697598017, 631449.0731914641 4803388.572368195 )
2740;4797624214;10225248524;20.15152279917463;5.555555555555555;420.0;1.0;car;1313;;residential;1118011870;LINESTRING( 632438.373890379 4803690.218434304, 632418.8508107886 4803685.225115324 )
2741;10225248524;4797624214;20.15152279917463;5.555555555555555;420.0;1.0;car;1186;;residential;1118011870;LINESTRING( 632418.8508107886 4803685.225115324, 632438.373890379 4803690.218434304 )
2742;10225248524;4797630252;107.90506387927122;5.555555555555555;420.0;1.0;car;560;;residential;1118011870;LINESTRING( 632418.8508107886 4803685.225115324, 632385.8019214941 4803585.886632318 )
2743;4797630252;10225248524;107.90506387927122;5.555555555555555;420.0;1.0;car;903;;residential;1118011870;LINESTRING( 632385.8019214941 4803585.886632318, 632418.8508107886 4803685.225115324 )
2744;3321563184;5244141519;376.7569615271162;5.555555555555555;420.0;1.0;car;174;;residential;325508120;LINESTRING( 630818.1740324816 4801652.630552012, 630670.846032985 4801305.873766031 )
2745;5244141519;3321563184;376.7569615271162;5.555555555555555;420.0;1.0;car;81;;residential;325508120;LINESTRING( 630670.846032985 4801305.873766031, 630818.1740324816 4801652.630552012 )
2746;5244141519;3321563165;167.48724854765936;5.555555555555555;420.0;1.0;car;97;;residential;325508120;LINESTRING( 630670.846032985 4801305.873766031, 630603.0436225604 4801152.757923959 )
2747;3321563165;5244141519;167.48724854765936;5.555555555555555;420.0;1.0;car;65;;residential;325508120;LINESTRING( 630603.0436225604 4801152.757923959, 630670.846032985 4801305.873766031 )
2748;4797622982;4797643906;432.3763222978788;5.555555555555555;420.0;1.0;car;527;;residential;487256692;LINESTRING( 632453.6641972649 4803807.3629871, 632883.0921743679 4803756.9556809785 )
2749;4797643906;4797622982;432.3763222978788;5.555555555555555;420.0;1.0;car;330;;residential;487256692;LINESTRING( 632883.0921743679 4803756.9556809785, 632453.6641972649 4803807.3629871 )
275;1411867086;5244146899;39.90023923473274;8.333333333333334;750.0;1.0;car;2161;;secondary;487259494;LINESTRING( 631449.0731914641 4803388.572368195, 631463.693259921 4803425.697598017 )
2750;4797643906;4797622983;125.65631149515012;5.555555555555555;420.0;1.0;car;987;;residential;487256692;LINESTRING( 632883.0921743679 4803756.9556809785, 633007.6864773941 4803740.653280174 )
2751;4797622983;4797643906;125.65631149515012;5.555555555555555;420.0;1.0;car;344;;residential;487256692;LINESTRING( 633007.6864773941 4803740.653280174, 632883.0921743679 4803756.9556809785 )
2752;2397236869;2397236937;364.95610448835095;5.555555555555555;420.0;1.0;car;1796;;tertiary;1086741432;LINESTRING( 632009.3477990425 4804352.193306937, 631748.1599903767 4804533.732339932 )
2753;2397236937;2397236869;364.95610448835095;5.555555555555555;420.0;1.0;car;1570;;tertiary;1086741432;LINESTRING( 631748.1599903767 4804533.732339932, 632009.3477990425 4804352.193306937 )
2754;2397236937;6344425813;812.4422010974948;5.555555555555555;420.0;1.0;car;1925;;tertiary;1086741432;LINESTRING( 631748.1599903767 4804533.732339932, 631097.9039852873 4804724.50581771 )
2755;6344425813;2397236937;812.4422010974948;5.555555555555555;420.0;1.0;car;1925;;tertiary;1086741432;LINESTRING( 631097.9039852873 4804724.50581771, 631748.1599903767 4804533.732339932 )
2756;6344425813;2397237035;38.145808827029214;5.555555555555555;420.0;1.0;car;1022;;tertiary;1086741432;LINESTRING( 631097.9039852873 4804724.50581771, 631067.4919251435 4804747.524422918 )
2757;2397237035;6344425813;38.145808827029214;5.555555555555555;420.0;1.0;car;1022;;tertiary;1086741432;LINESTRING( 631067.4919251435 4804747.524422918, 631097.9039852873 4804724.50581771 )
2758;3321563187;6344453358;372.7046059374863;5.555555555555555;420.0;1.0;car;274;;residential;325508121;LINESTRING( 630222.4942504193 4801707.868597805, 630385.6332860584 4802041.621630954 )
2759;6344453358;3321563187;372.7046059374863;5.555555555555555;420.0;1.0;car;292;;residential;325508121;LINESTRING( 630385.6332860584 4802041.621630954, 630222.4942504193 4801707.868597805 )
276;12922934530;11704496368;78.25107636222342;12.5;2400.0;2.0;car;23;;trunk_link;1396178759;LINESTRING( 633263.2904702995 4804150.854665212, 633263.5687218044 4804072.65577758 )
2760;6344453358;3321563192;67.85876507981072;5.555555555555555;420.0;1.0;car;304;;residential;325508121;LINESTRING( 630385.6332860584 4802041.621630954, 630421.6342150182 4802099.143323489 )
2761;3321563192;6344453358;67.85876507981072;5.555555555555555;420.0;1.0;car;322;;residential;325508121;LINESTRING( 630421.6342150182 4802099.143323489, 630385.6332860584 4802041.621630954 )
2762;2397237035;2397237041;64.91246717603099;5.555555555555555;420.0;1.0;car;988;;tertiary;1086741433;LINESTRING( 631067.4919251435 4804747.524422918, 631006.4907760198 4804769.716498091 )
2763;2397237041;2397237035;64.91246717603099;5.555555555555555;420.0;1.0;car;988;;tertiary;1086741433;LINESTRING( 631006.4907760198 4804769.716498091, 631067.4919251435 4804747.524422918 )
2764;7008034384;7008050689;338.66788738366824;5.555555555555555;420.0;1.0;car;227;;residential;749402922;LINESTRING( 634722.3861941476 4804042.148493137, 634594.8002483586 4803728.541019346 )
2765;7008050689;7008034384;338.66788738366824;5.555555555555555;420.0;1.0;car;38;;residential;749402922;LINESTRING( 634594.8002483586 4803728.541019346, 634722.3861941476 4804042.148493137 )
2766;12313747119;4800177394;98.71262933671898;5.555555555555555;420.0;1.0;car;10;;residential;1330833618;LINESTRING( 633319.5038431808 4801837.344438058, 633275.6572542423 4801901.351904909 )
2767;4800177394;12313747119;98.71262933671898;5.555555555555555;420.0;1.0;car;33;;residential;1330833618;LINESTRING( 633275.6572542423 4801901.351904909, 633319.5038431808 4801837.344438058 )
2768;12313747124;12313747121;69.11418076853153;5.555555555555555;420.0;1.0;car;1;;residential;1330833619;LINESTRING( 633570.5299844914 4801736.808460558, 633557.0148782572 4801804.568799527 )
2769;12313747121;12313747124;69.11418076853153;5.555555555555555;420.0;1.0;car;1;;residential;1330833619;LINESTRING( 633557.0148782572 4801804.568799527, 633570.5299844914 4801736.808460558 )
277;11704496368;12922934530;78.25107636222342;12.5;1200.0;1.0;car;1150;;trunk_link;1396178759;LINESTRING( 633263.5687218044 4804072.65577758, 633263.2904702995 4804150.854665212 )
2770;12313747132;12313747119;21.635691943152317;5.555555555555555;420.0;1.0;car;15;;residential;1330833620;LINESTRING( 633299.0518357512 4801830.286211797, 633319.5038431808 4801837.344438058 )
2771;12313747119;12313747132;21.635691943152317;5.555555555555555;420.0;1.0;car;38;;residential;1330833620;LINESTRING( 633319.5038431808 4801837.344438058, 633299.0518357512 4801830.286211797 )
2772;12313747119;12313747120;549.0041243589867;5.555555555555555;420.0;1.0;car;16;;residential;1330833620;LINESTRING( 633319.5038431808 4801837.344438058, 633427.7884814474 4802358.834623134 )
2773;12313747120;12313747119;549.0041243589867;5.555555555555555;420.0;1.0;car;16;;residential;1330833620;LINESTRING( 633427.7884814474 4802358.834623134, 633319.5038431808 4801837.344438058 )
2774;6342424900;10578216772;192.56681478829378;5.555555555555555;420.0;1.0;car;468;;unclassified;1135052832;LINESTRING( 630972.8611736002 4802181.90393741, 631159.0729982515 4802141.552075863 )
2775;10578216772;6342424900;192.56681478829378;5.555555555555555;420.0;1.0;car;785;;unclassified;1135052832;LINESTRING( 631159.0729982515 4802141.552075863, 630972.8611736002 4802181.90393741 )
2776;6344347029;6344348113;80.44838658020825;5.555555555555555;420.0;1.0;car;98;;unclassified;677577706;LINESTRING( 633332.5721488408 4803796.007787917, 633408.6816596655 4803815.253036976 )
2777;6344348113;6344347029;80.44838658020825;5.555555555555555;420.0;1.0;car;200;;unclassified;677577706;LINESTRING( 633408.6816596655 4803815.253036976, 633332.5721488408 4803796.007787917 )
2778;2015570296;2015570294;69.05559324948136;5.555555555555555;420.0;1.0;car;37;;residential;1328424096;LINESTRING( 631617.0528190747 4804209.829566608, 631586.1647604307 4804148.0670958655 )
2779;2015570294;2015570296;69.05559324948136;5.555555555555555;420.0;1.0;car;37;;residential;1328424096;LINESTRING( 631586.1647604307 4804148.0670958655, 631617.0528190747 4804209.829566608 )
278;10578179025;6344452472;230.7239757877916;5.555555555555555;420.0;1.0;car;22;;unclassified;1134695379;LINESTRING( 630096.0814867644 4801853.485473518, 629944.1082476939 4802011.256229682 )
2780;2015570294;2015570288;72.3702377220735;5.555555555555555;420.0;1.0;car;48;;residential;1328424096;LINESTRING( 631586.1647604307 4804148.0670958655, 631555.1931239703 4804082.659076151 )
2781;2015570288;2015570294;72.3702377220735;5.555555555555555;420.0;1.0;car;52;;residential;1328424096;LINESTRING( 631555.1931239703 4804082.659076151, 631586.1647604307 4804148.0670958655 )
2782;2015570288;2015570278;122.05481953303999;5.555555555555555;420.0;1.0;car;69;;residential;1328424096;LINESTRING( 631555.1931239703 4804082.659076151, 631500.4265096083 4803973.581136482 )
2783;2015570278;2015570288;122.05481953303999;5.555555555555555;420.0;1.0;car;67;;residential;1328424096;LINESTRING( 631500.4265096083 4803973.581136482, 631555.1931239703 4804082.659076151 )
2784;1411867092;2015570278;183.76987861971625;5.555555555555555;420.0;1.0;car;759;;residential;1328424097;LINESTRING( 631661.6495594382 4803885.385351484, 631500.4265096083 4803973.581136482 )
2785;2015570278;1411867092;183.76987861971625;5.555555555555555;420.0;1.0;car;375;;residential;1328424097;LINESTRING( 631500.4265096083 4803973.581136482, 631661.6495594382 4803885.385351484 )
2786;10585823295;10585823280;31.69558895195993;5.555555555555555;420.0;1.0;car;11;;unclassified;1135603772;LINESTRING( 633077.7735270577 4802499.254960797, 633107.5089259183 4802510.228402081 )
2787;10585823280;10585823295;31.69558895195993;5.555555555555555;420.0;1.0;car;26;;unclassified;1135603772;LINESTRING( 633107.5089259183 4802510.228402081, 633077.7735270577 4802499.254960797 )
2788;10585823280;10585823294;289.72527017778964;5.555555555555555;420.0;1.0;car;10;;unclassified;1135603772;LINESTRING( 633107.5089259183 4802510.228402081, 633379.3332447822 4802610.489420696 )
2789;10585823294;10585823280;289.72527017778964;5.555555555555555;420.0;1.0;car;10;;unclassified;1135603772;LINESTRING( 633379.3332447822 4802610.489420696, 633107.5089259183 4802510.228402081 )
279;6344452472;10578179025;230.7239757877916;5.555555555555555;420.0;1.0;car;24;;unclassified;1134695379;LINESTRING( 629944.1082476939 4802011.256229682, 630096.0814867644 4801853.485473518 )
2790;10585823293;10585823292;25.05116092891335;5.555555555555555;420.0;1.0;car;11;;unclassified;1135603771;LINESTRING( 633169.3590774848 4802221.283775055, 633192.9012584174 4802229.846857492 )
2791;10585823292;10585823293;25.05116092891335;5.555555555555555;420.0;1.0;car;1402;;unclassified;1135603771;LINESTRING( 633192.9012584174 4802229.846857492, 633169.3590774848 4802221.283775055 )
2792;10585823292;10585823290;465.45472965698684;5.555555555555555;420.0;1.0;car;15;;unclassified;1135603771;LINESTRING( 633192.9012584174 4802229.846857492, 633342.1460698617 4802533.940179861 )
2793;10585823290;10585823292;465.45472965698684;5.555555555555555;420.0;1.0;car;15;;unclassified;1135603771;LINESTRING( 633342.1460698617 4802533.940179861, 633192.9012584174 4802229.846857492 )
2794;10585823286;10585823287;24.31029456843995;5.555555555555555;420.0;1.0;car;1;;unclassified;1135603770;LINESTRING( 633189.5251885342 4802160.097710814, 633212.8413075954 4802166.978772791 )
2795;10585823287;10585823286;24.31029456843995;5.555555555555555;420.0;1.0;car;4;;unclassified;1135603770;LINESTRING( 633212.8413075954 4802166.978772791, 633189.5251885342 4802160.097710814 )
2796;10585823287;10585823292;65.95454218750939;5.555555555555555;420.0;1.0;car;1392;;unclassified;1135603770;LINESTRING( 633212.8413075954 4802166.978772791, 633192.9012584174 4802229.846857492 )
2797;10585823292;10585823287;65.95454218750939;5.555555555555555;420.0;1.0;car;1;;unclassified;1135603770;LINESTRING( 633192.9012584174 4802229.846857492, 633212.8413075954 4802166.978772791 )
2798;10585823292;10585823288;124.65154285219553;5.555555555555555;420.0;1.0;car;0;;unclassified;1135603770;LINESTRING( 633192.9012584174 4802229.846857492, 633306.4833434147 4802247.684331437 )
2799;10585823288;10585823292;124.65154285219553;5.555555555555555;420.0;1.0;car;0;;unclassified;1135603770;LINESTRING( 633306.4833434147 4802247.684331437, 633192.9012584174 4802229.846857492 )
28;5190916844;6344342872;163.41376249692172;5.555555555555555;420.0;1.0;car;77;;residential;535595004;LINESTRING( 632693.8829918571 4803216.863647453, 632682.8382412741 4803054.083862322 )
280;12759287299;12759303809;475.4018488707898;19.444444444444443;3400.0;2.0;car;109;;trunk;1233851898;LINESTRING( 633681.1302829225 4801054.543593187, 633886.6083037688 4800777.910982402 )
2802;10585823281;10585823287;218.72906705285806;5.555555555555555;420.0;1.0;car;1396;;unclassified;1135603769;LINESTRING( 633255.5354696239 4801959.394461868, 633212.8413075954 4802166.978772791 )
2803;10585823287;10585823281;218.72906705285806;5.555555555555555;420.0;1.0;car;2;;unclassified;1135603769;LINESTRING( 633212.8413075954 4802166.978772791, 633255.5354696239 4801959.394461868 )
2804;10585823287;10585823284;121.30339112428447;5.555555555555555;420.0;1.0;car;1;;unclassified;1135603769;LINESTRING( 633212.8413075954 4802166.978772791, 633323.209136026 4802215.083779127 )
2805;10585823284;10585823287;121.30339112428447;5.555555555555555;420.0;1.0;car;1;;unclassified;1135603769;LINESTRING( 633323.209136026 4802215.083779127, 633212.8413075954 4802166.978772791 )
2808;10585823280;10585823277;65.58870722301468;5.555555555555555;420.0;1.0;car;18;;unclassified;1135603768;LINESTRING( 633107.5089259183 4802510.228402081, 633086.2332722499 4802572.2705254825 )
2809;10585823277;10585823280;65.58870722301468;5.555555555555555;420.0;1.0;car;33;;unclassified;1135603768;LINESTRING( 633086.2332722499 4802572.2705254825, 633107.5089259183 4802510.228402081 )
281;4797729168;4797729169;119.75278955927098;5.555555555555555;420.0;1.0;car;10;;residential;487265656;LINESTRING( 630129.513580015 4803125.836021838, 630228.0815155334 4803057.95323749 )
2810;10585823277;10585823274;58.799074309970166;5.555555555555555;420.0;1.0;car;23;;unclassified;1135603768;LINESTRING( 633086.2332722499 4802572.2705254825, 633067.1595017556 4802627.889968296 )
2811;10585823274;10585823277;58.799074309970166;5.555555555555555;420.0;1.0;car;38;;unclassified;1135603768;LINESTRING( 633067.1595017556 4802627.889968296, 633086.2332722499 4802572.2705254825 )
2812;10585823274;10585823278;82.5207654630149;5.555555555555555;420.0;1.0;car;14;;unclassified;1135603768;LINESTRING( 633067.1595017556 4802627.889968296, 633019.1460922053 4802691.461314717 )
2813;10585823278;10585823274;82.5207654630149;5.555555555555555;420.0;1.0;car;27;;unclassified;1135603768;LINESTRING( 633019.1460922053 4802691.461314717, 633067.1595017556 4802627.889968296 )
2814;12376131913;12376106579;439.7310986373435;5.555555555555555;420.0;1.0;car;100;;unclassified;1337976872;LINESTRING( 634562.8436747572 4801488.707298792, 634552.5374299141 4801049.160879861 )
2815;12376106579;12376131913;439.7310986373435;5.555555555555555;420.0;1.0;car;100;;unclassified;1337976872;LINESTRING( 634552.5374299141 4801049.160879861, 634562.8436747572 4801488.707298792 )
2816;10585823277;10585823275;243.68156194751916;5.555555555555555;420.0;1.0;car;10;;unclassified;1135603767;LINESTRING( 633086.2332722499 4802572.2705254825, 633315.5673430862 4802646.928103826 )
2817;10585823275;10585823277;243.68156194751916;5.555555555555555;420.0;1.0;car;10;;unclassified;1135603767;LINESTRING( 633315.5673430862 4802646.928103826, 633086.2332722499 4802572.2705254825 )
282;4797729169;4797729168;119.75278955927098;5.555555555555555;420.0;1.0;car;10;;residential;487265656;LINESTRING( 630228.0815155334 4803057.95323749, 630129.513580015 4803125.836021838 )
2822;10585823274;10585823270;268.148843325992;5.555555555555555;420.0;1.0;car;20;;unclassified;1135603766;LINESTRING( 633067.1595017556 4802627.889968296, 633199.1730645059 4802749.924014631 )
2823;10585823270;10585823274;268.148843325992;5.555555555555555;420.0;1.0;car;22;;unclassified;1135603766;LINESTRING( 633199.1730645059 4802749.924014631, 633067.1595017556 4802627.889968296 )
2824;10585823270;10585823269;12.010601809055824;5.555555555555555;420.0;1.0;car;16;;unclassified;1135603766;LINESTRING( 633199.1730645059 4802749.924014631, 633198.0053417736 4802761.877716126 )
2825;10585823269;10585823270;12.010601809055824;5.555555555555555;420.0;1.0;car;28;;unclassified;1135603766;LINESTRING( 633198.0053417736 4802761.877716126, 633199.1730645059 4802749.924014631 )
2828;10585823270;10585823072;212.29170281588947;5.555555555555555;420.0;1.0;car;10;;unclassified;1135603765;LINESTRING( 633199.1730645059 4802749.924014631, 633069.7640308301 4802787.915782741 )
2829;10585823072;10585823270;212.29170281588947;5.555555555555555;420.0;1.0;car;0;;unclassified;1135603765;LINESTRING( 633069.7640308301 4802787.915782741, 633199.1730645059 4802749.924014631 )
283;4797729169;4797729170;90.58150722478962;5.555555555555555;420.0;1.0;car;43;;residential;487265656;LINESTRING( 630228.0815155334 4803057.95323749, 630307.6043824956 4803015.290759426 )
2832;6342372023;6342372632;74.13649626899885;5.555555555555555;420.0;1.0;car;57;;residential;677350339;LINESTRING( 632419.2471325676 4802145.08775557, 632404.5123501265 4802074.183618074 )
2833;6342372632;6342372023;74.13649626899885;5.555555555555555;420.0;1.0;car;121;;residential;677350339;LINESTRING( 632404.5123501265 4802074.183618074, 632419.2471325676 4802145.08775557 )
2838;2843407132;10593377832;45.2851534405147;5.555555555555555;420.0;1.0;car;47;;residential;1154455377;LINESTRING( 631942.6305320557 4804179.9948609825, 631930.4852597496 4804137.128357014 )
2839;10593377832;2843407132;45.2851534405147;5.555555555555555;420.0;1.0;car;47;;residential;1154455377;LINESTRING( 631930.4852597496 4804137.128357014, 631942.6305320557 4804179.9948609825 )
284;4797729170;4797729169;90.58150722478962;5.555555555555555;420.0;1.0;car;21;;residential;487265656;LINESTRING( 630307.6043824956 4803015.290759426, 630228.0815155334 4803057.95323749 )
2840;10593377832;2843407122;18.523990525093566;5.555555555555555;420.0;1.0;car;102;;residential;1154455377;LINESTRING( 631930.4852597496 4804137.128357014, 631917.2613271992 4804124.593513337 )
2841;2843407122;10593377832;18.523990525093566;5.555555555555555;420.0;1.0;car;37;;residential;1154455377;LINESTRING( 631917.2613271992 4804124.593513337, 631930.4852597496 4804137.128357014 )
2842;12376106566;12376106579;124.30800799849425;5.555555555555555;420.0;1.0;car;104;;unclassified;1337976863;LINESTRING( 634550.9723353784 4800924.884554634, 634552.5374299141 4801049.160879861 )
2843;12376106579;12376106566;124.30800799849425;5.555555555555555;420.0;1.0;car;104;;unclassified;1337976863;LINESTRING( 634552.5374299141 4801049.160879861, 634550.9723353784 4800924.884554634 )
2844;7007743907;7007744930;49.17644475587439;5.555555555555555;420.0;1.0;car;15;;unclassified;749369099;LINESTRING( 633806.8502167949 4802595.441117168, 633789.4785801386 4802552.067594562 )
2845;7007744930;7007743907;49.17644475587439;5.555555555555555;420.0;1.0;car;15;;unclassified;749369099;LINESTRING( 633789.4785801386 4802552.067594562, 633806.8502167949 4802595.441117168 )
2846;7007744930;7007743906;35.188467569198174;5.555555555555555;420.0;1.0;car;4;;unclassified;749369099;LINESTRING( 633789.4785801386 4802552.067594562, 633766.490482727 4802525.425979985 )
2847;7007743906;7007744930;35.188467569198174;5.555555555555555;420.0;1.0;car;4;;unclassified;749369099;LINESTRING( 633766.490482727 4802525.425979985, 633789.4785801386 4802552.067594562 )
2848;7007963431;12376106566;45.83725643656738;5.555555555555555;420.0;1.0;car;128;;unclassified;1337976862;LINESTRING( 634596.6210784301 4800920.760007386, 634550.9723353784 4800924.884554634 )
2849;12376106566;7007963431;45.83725643656738;5.555555555555555;420.0;1.0;car;128;;unclassified;1337976862;LINESTRING( 634550.9723353784 4800924.884554634, 634596.6210784301 4800920.760007386 )
285;4797729170;6344443282;83.95687188442758;5.555555555555555;420.0;1.0;car;54;;residential;487265656;LINESTRING( 630307.6043824956 4803015.290759426, 630378.6497429856 4802970.554721498 )
2850;12376106566;12376106573;206.1567354747176;5.555555555555555;420.0;1.0;car;242;;unclassified;1337976862;LINESTRING( 634550.9723353784 4800924.884554634, 634394.3697792464 4801023.09542953 )
2851;12376106573;12376106566;206.1567354747176;5.555555555555555;420.0;1.0;car;242;;unclassified;1337976862;LINESTRING( 634394.3697792464 4801023.09542953, 634550.9723353784 4800924.884554634 )
2858;6344346987;6344348253;138.6242376116207;5.555555555555555;420.0;1.0;car;46;;unclassified;677577664;LINESTRING( 633247.7817087814 4803668.301622469, 633264.6469439098 4803803.511414583 )
2859;6344348253;6344346987;138.6242376116207;5.555555555555555;420.0;1.0;car;36;;unclassified;677577664;LINESTRING( 633264.6469439098 4803803.511414583, 633247.7817087814 4803668.301622469 )
286;6344443282;4797729170;83.95687188442758;5.555555555555555;420.0;1.0;car;44;;residential;487265656;LINESTRING( 630378.6497429856 4802970.554721498, 630307.6043824956 4803015.290759426 )
2860;10585823071;12313747124;333.79215671990175;5.555555555555555;420.0;1.0;car;10;;residential;1135603723;LINESTRING( 633420.0694242705 4801480.271452937, 633570.5299844914 4801736.808460558 )
2861;12313747124;10585823071;333.79215671990175;5.555555555555555;420.0;1.0;car;10;;residential;1135603723;LINESTRING( 633570.5299844914 4801736.808460558, 633420.0694242705 4801480.271452937 )
2862;12313747124;10585823060;136.7515040239802;5.555555555555555;420.0;1.0;car;4;;residential;1135603723;LINESTRING( 633570.5299844914 4801736.808460558, 633673.3370437555 4801716.953306388 )
2863;10585823060;12313747124;136.7515040239802;5.555555555555555;420.0;1.0;car;4;;residential;1135603723;LINESTRING( 633673.3370437555 4801716.953306388, 633570.5299844914 4801736.808460558 )
2864;7008875482;7008875484;96.13320459453425;5.555555555555555;420.0;1.0;car;25;;residential;749512457;LINESTRING( 632490.2911715081 4802884.088491057, 632395.8962107991 4802901.414698512 )
2865;7008875484;7008875482;96.13320459453425;5.555555555555555;420.0;1.0;car;32;;residential;749512457;LINESTRING( 632395.8962107991 4802901.414698512, 632490.2911715081 4802884.088491057 )
2866;2397236855;10845288290;313.8887949604118;8.333333333333334;750.0;1.0;car;2757;;secondary;1384364335;LINESTRING( 632998.6725727986 4804029.761462416, 632696.3434144396 4804112.986537154 )
2867;10845288290;2397236855;313.8887949604118;8.333333333333334;750.0;1.0;car;2790;;secondary;1384364335;LINESTRING( 632696.3434144396 4804112.986537154, 632998.6725727986 4804029.761462416 )
2868;10845288290;10569717821;213.36683827052548;8.333333333333334;750.0;1.0;car;3919;;secondary;1384364335;LINESTRING( 632696.3434144396 4804112.986537154, 632489.1767462792 4804164.049040783 )
2869;10569717821;10845288290;213.36683827052548;8.333333333333334;750.0;1.0;car;3919;;secondary;1384364335;LINESTRING( 632489.1767462792 4804164.049040783, 632696.3434144396 4804112.986537154 )
287;6344443282;4797729171;91.35200075990612;5.555555555555555;420.0;1.0;car;209;;residential;487265656;LINESTRING( 630378.6497429856 4802970.554721498, 630457.0878658118 4802923.728992135 )
2870;10569717821;2397236862;86.39696624156868;8.333333333333334;750.0;1.0;car;2922;;secondary;1384364335;LINESTRING( 632489.1767462792 4804164.049040783, 632405.2929410394 4804184.735823864 )
2871;2397236862;10569717821;86.39696624156868;8.333333333333334;750.0;1.0;car;3077;;secondary;1384364335;LINESTRING( 632405.2929410394 4804184.735823864, 632489.1767462792 4804164.049040783 )
2872;2397236862;2397236864;209.66480322475454;8.333333333333334;750.0;1.0;car;2566;;secondary;1384364335;LINESTRING( 632405.2929410394 4804184.735823864, 632201.8053468608 4804235.223565672 )
2873;2397236864;2397236862;209.66480322475454;8.333333333333334;750.0;1.0;car;2413;;secondary;1384364335;LINESTRING( 632201.8053468608 4804235.223565672, 632405.2929410394 4804184.735823864 )
2874;2397236864;254030308;96.78804509286968;8.333333333333334;750.0;1.0;car;2134;;secondary;1384364335;LINESTRING( 632201.8053468608 4804235.223565672, 632111.0944107012 4804268.6346922675 )
2875;254030308;2397236864;96.78804509286968;8.333333333333334;750.0;1.0;car;2096;;secondary;1384364335;LINESTRING( 632111.0944107012 4804268.6346922675, 632201.8053468608 4804235.223565672 )
2876;254030308;2397236869;137.27403960380607;8.333333333333334;750.0;1.0;car;1997;;secondary;1384364335;LINESTRING( 632111.0944107012 4804268.6346922675, 632009.3477990425 4804352.193306937 )
2877;2397236869;254030308;137.27403960380607;8.333333333333334;750.0;1.0;car;1987;;secondary;1384364335;LINESTRING( 632009.3477990425 4804352.193306937, 632111.0944107012 4804268.6346922675 )
2878;10580860151;10580860150;61.57568285115529;5.555555555555555;420.0;1.0;car;25;;residential;1135050779;LINESTRING( 632072.5864864418 4801253.348107143, 632024.0773930573 4801291.274780839 )
2879;10580860150;10580860151;61.57568285115529;5.555555555555555;420.0;1.0;car;25;;residential;1135050779;LINESTRING( 632024.0773930573 4801291.274780839, 632072.5864864418 4801253.348107143 )
288;4797729171;6344443282;91.35200075990612;5.555555555555555;420.0;1.0;car;73;;residential;487265656;LINESTRING( 630457.0878658118 4802923.728992135, 630378.6497429856 4802970.554721498 )
2880;10580860150;10580860364;36.947737807910045;5.555555555555555;420.0;1.0;car;22;;residential;1135050779;LINESTRING( 632024.0773930573 4801291.274780839, 632019.0271032033 4801327.372612824 )
2881;10580860364;10580860150;36.947737807910045;5.555555555555555;420.0;1.0;car;28;;residential;1135050779;LINESTRING( 632019.0271032033 4801327.372612824, 632024.0773930573 4801291.274780839 )
2882;10580860150;10580860149;31.916627991465152;5.555555555555555;420.0;1.0;car;6;;residential;1135050778;LINESTRING( 632024.0773930573 4801291.274780839, 632005.3596079141 4801265.422978935 )
2883;10580860149;10580860150;31.916627991465152;5.555555555555555;420.0;1.0;car;0;;residential;1135050778;LINESTRING( 632005.3596079141 4801265.422978935, 632024.0773930573 4801291.274780839 )
2884;4800163842;10580862877;106.05357346056228;5.555555555555555;420.0;1.0;car;47;;residential;487561904;LINESTRING( 631099.3549829733 4800782.5902805105, 631201.9236422464 4800755.626775941 )
2885;10580862877;4800163842;106.05357346056228;5.555555555555555;420.0;1.0;car;166;;residential;487561904;LINESTRING( 631201.9236422464 4800755.626775941, 631099.3549829733 4800782.5902805105 )
2886;10580862877;10580863124;125.19980247479997;5.555555555555555;420.0;1.0;car;43;;residential;487561904;LINESTRING( 631201.9236422464 4800755.626775941, 631324.6774673825 4800731.400910663 )
2887;10580863124;10580862877;125.19980247479997;5.555555555555555;420.0;1.0;car;184;;residential;487561904;LINESTRING( 631324.6774673825 4800731.400910663, 631201.9236422464 4800755.626775941 )
2888;10580863124;4800165294;49.70287115191638;5.555555555555555;420.0;1.0;car;51;;residential;487561904;LINESTRING( 631324.6774673825 4800731.400910663, 631373.0597079939 4800720.01960168 )
2889;4800165294;10580863124;49.70287115191638;5.555555555555555;420.0;1.0;car;173;;residential;487561904;LINESTRING( 631373.0597079939 4800720.01960168, 631324.6774673825 4800731.400910663 )
289;4797729171;4797729172;115.11421874183773;5.555555555555555;420.0;1.0;car;113;;residential;487265656;LINESTRING( 630457.0878658118 4802923.728992135, 630557.6146534729 4802867.642912587 )
2890;4800165294;10580861410;76.8501558288506;5.555555555555555;420.0;1.0;car;21;;residential;487561904;LINESTRING( 631373.0597079939 4800720.01960168, 631402.2699464882 4800791.102007506 )
2891;10580861410;4800165294;76.8501558288506;5.555555555555555;420.0;1.0;car;159;;residential;487561904;LINESTRING( 631402.2699464882 4800791.102007506, 631373.0597079939 4800720.01960168 )
2892;10580861410;13572851141;15.63949146566483;5.555555555555555;420.0;1.0;car;45;;residential;487561904;LINESTRING( 631402.2699464882 4800791.102007506, 631405.7193918698 4800806.356351801 )
2893;13572851141;10580861410;15.63949146566483;5.555555555555555;420.0;1.0;car;169;;residential;487561904;LINESTRING( 631405.7193918698 4800806.356351801, 631402.2699464882 4800791.102007506 )
2894;13572851141;13572851136;232.26132231022777;5.555555555555555;420.0;1.0;car;59;;residential;487561904;LINESTRING( 631405.7193918698 4800806.356351801, 631490.4057729333 4801021.536026854 )
2895;13572851136;13572851141;232.26132231022777;5.555555555555555;420.0;1.0;car;161;;residential;487561904;LINESTRING( 631490.4057729333 4801021.536026854, 631405.7193918698 4800806.356351801 )
2896;13572851136;4800165296;87.84388921424707;5.555555555555555;420.0;1.0;car;83;;residential;487561904;LINESTRING( 631490.4057729333 4801021.536026854, 631520.6509107321 4801103.882505572 )
2897;4800165296;13572851136;87.84388921424707;5.555555555555555;420.0;1.0;car;179;;residential;487561904;LINESTRING( 631520.6509107321 4801103.882505572, 631490.4057729333 4801021.536026854 )
2898;4800165296;5730439377;67.92181478774276;5.555555555555555;420.0;1.0;car;78;;residential;487561904;LINESTRING( 631520.6509107321 4801103.882505572, 631551.9229486493 4801160.074019939 )
2899;5730439377;4800165296;67.92181478774276;5.555555555555555;420.0;1.0;car;215;;residential;487561904;LINESTRING( 631551.9229486493 4801160.074019939, 631520.6509107321 4801103.882505572 )
29;6344342872;5190916844;163.41376249692172;5.555555555555555;420.0;1.0;car;65;;residential;535595004;LINESTRING( 632682.8382412741 4803054.083862322, 632693.8829918571 4803216.863647453 )
290;4797729172;4797729171;115.11421874183773;5.555555555555555;420.0;1.0;car;99;;residential;487265656;LINESTRING( 630557.6146534729 4802867.642912587, 630457.0878658118 4802923.728992135 )
2900;5244146831;10569487779;322.2662820567252;5.555555555555555;420.0;1.0;car;35;;unclassified;1153834759;LINESTRING( 630167.1522456327 4800951.785739794, 630398.6101619169 4800727.547496981 )
2901;10569487779;5244146831;322.2662820567252;5.555555555555555;420.0;1.0;car;44;;unclassified;1153834759;LINESTRING( 630398.6101619169 4800727.547496981, 630167.1522456327 4800951.785739794 )
2902;10569487779;10569487780;57.90974439915164;5.555555555555555;420.0;1.0;car;122;;unclassified;1153834759;LINESTRING( 630398.6101619169 4800727.547496981, 630356.7585164272 4800687.522776293 )
2903;10569487780;10569487779;57.90974439915164;5.555555555555555;420.0;1.0;car;48;;unclassified;1153834759;LINESTRING( 630356.7585164272 4800687.522776293, 630398.6101619169 4800727.547496981 )
2904;4797756507;4797756508;88.60595063694115;5.555555555555555;420.0;1.0;car;1629;;residential;677351325;LINESTRING( 632740.9342100049 4802906.060525198, 632770.0697444435 4802988.758668432 )
2905;4797756508;4797756507;88.60595063694115;5.555555555555555;420.0;1.0;car;1507;;residential;677351325;LINESTRING( 632770.0697444435 4802988.758668432, 632740.9342100049 4802906.060525198 )
2906;4797756505;7008875482;91.97517545045737;5.555555555555555;420.0;1.0;car;35;;residential;677351323;LINESTRING( 632504.9406934846 4802974.889506497, 632490.2911715081 4802884.088491057 )
2907;7008875482;4797756505;91.97517545045737;5.555555555555555;420.0;1.0;car;25;;residential;677351323;LINESTRING( 632490.2911715081 4802884.088491057, 632504.9406934846 4802974.889506497 )
2908;7008875482;6342384401;23.583385851109178;5.555555555555555;420.0;1.0;car;55;;residential;677351323;LINESTRING( 632490.2911715081 4802884.088491057, 632486.2399632181 4802860.855673759 )
2909;6342384401;7008875482;23.583385851109178;5.555555555555555;420.0;1.0;car;38;;residential;677351323;LINESTRING( 632486.2399632181 4802860.855673759, 632490.2911715081 4802884.088491057 )
291;4797729172;4797729173;110.37943933396862;5.555555555555555;420.0;1.0;car;64;;residential;487265656;LINESTRING( 630557.6146534729 4802867.642912587, 630651.6514319045 4802809.844081026 )
2910;6342384401;6342383830;62.556408902065485;5.555555555555555;420.0;1.0;car;9;;residential;677351323;LINESTRING( 632486.2399632181 4802860.855673759, 632476.3783101309 4802799.101436054 )
2911;6342383830;6342384401;62.556408902065485;5.555555555555555;420.0;1.0;car;23;;residential;677351323;LINESTRING( 632476.3783101309 4802799.101436054, 632486.2399632181 4802860.855673759 )
2912;7007738188;7007726719;13.175687077640593;5.555555555555555;420.0;1.0;car;0;;residential;749368173;LINESTRING( 633864.695261623 4802583.9097691225, 633871.6473186426 4802595.102071529 )
2913;7007726719;7007738188;13.175687077640593;5.555555555555555;420.0;1.0;car;0;;residential;749368173;LINESTRING( 633871.6473186426 4802595.102071529, 633864.695261623 4802583.9097691225 )
2914;7007726719;7007738191;116.4118447010935;5.555555555555555;420.0;1.0;car;13;;residential;749368173;LINESTRING( 633871.6473186426 4802595.102071529, 633848.3138450946 4802684.16569968 )
2915;7007738191;7007726719;116.4118447010935;5.555555555555555;420.0;1.0;car;13;;residential;749368173;LINESTRING( 633848.3138450946 4802684.16569968, 633871.6473186426 4802595.102071529 )
2916;7007738191;7007738193;26.13807362654059;5.555555555555555;420.0;1.0;car;1;;residential;749368173;LINESTRING( 633848.3138450946 4802684.16569968, 633822.4184588012 4802687.719269944 )
2917;7007738193;7007738191;26.13807362654059;5.555555555555555;420.0;1.0;car;1;;residential;749368173;LINESTRING( 633822.4184588012 4802687.719269944, 633848.3138450946 4802684.16569968 )
2918;10569489792;10569489791;55.00478913425999;5.555555555555555;420.0;1.0;car;6;;unclassified;1133637721;LINESTRING( 629552.513331372 4801075.578898671, 629499.2219931567 4801089.200943265 )
2919;10569489791;10569489792;55.00478913425999;5.555555555555555;420.0;1.0;car;20;;unclassified;1133637721;LINESTRING( 629499.2219931567 4801089.200943265, 629552.513331372 4801075.578898671 )
292;4797729173;4797729172;110.37943933396862;5.555555555555555;420.0;1.0;car;63;;residential;487265656;LINESTRING( 630651.6514319045 4802809.844081026, 630557.6146534729 4802867.642912587 )
2920;4800187746;6342389180;109.03463584759737;5.555555555555555;420.0;1.0;car;262;;residential;487564998;LINESTRING( 631841.6529000334 4803153.832537085, 631781.6503936442 4803062.837596279 )
2921;6342389180;4800187746;109.03463584759737;5.555555555555555;420.0;1.0;car;206;;residential;487564998;LINESTRING( 631781.6503936442 4803062.837596279, 631841.6529000334 4803153.832537085 )
2922;6342389180;4800187749;468.63024161822307;5.555555555555555;420.0;1.0;car;414;;residential;487564998;LINESTRING( 631781.6503936442 4803062.837596279, 631518.6771857284 4802675.097189213 )
2923;4800187749;6342389180;468.63024161822307;5.555555555555555;420.0;1.0;car;347;;residential;487564998;LINESTRING( 631518.6771857284 4802675.097189213, 631781.6503936442 4803062.837596279 )
2924;4800187749;4800157429;619.5494553743971;5.555555555555555;420.0;1.0;car;285;;residential;487564998;LINESTRING( 631518.6771857284 4802675.097189213, 631199.1682837039 4802150.229304654 )
2925;4800157429;4800187749;619.5494553743971;5.555555555555555;420.0;1.0;car;332;;residential;487564998;LINESTRING( 631199.1682837039 4802150.229304654, 631518.6771857284 4802675.097189213 )
2926;10569489796;10569489793;58.42923616828076;5.555555555555555;420.0;1.0;car;23;;unclassified;1133637723;LINESTRING( 629531.715007872 4801144.294833226, 629583.5588189601 4801117.346829755 )
2927;10569489793;10569489796;58.42923616828076;5.555555555555555;420.0;1.0;car;3;;unclassified;1133637723;LINESTRING( 629583.5588189601 4801117.346829755, 629531.715007872 4801144.294833226 )
2928;10569489793;10569489828;58.06499441889211;5.555555555555555;420.0;1.0;car;40;;unclassified;1133637723;LINESTRING( 629583.5588189601 4801117.346829755, 629635.0756827759 4801090.559588026 )
2929;10569489828;10569489793;58.06499441889211;5.555555555555555;420.0;1.0;car;10;;unclassified;1133637723;LINESTRING( 629635.0756827759 4801090.559588026, 629583.5588189601 4801117.346829755 )
293;4797729173;4797729174;143.48587262850558;5.555555555555555;420.0;1.0;car;63;;residential;487265656;LINESTRING( 630651.6514319045 4802809.844081026, 630776.8580359238 4802739.761972368 )
2930;10569489795;10569489792;42.367831022440726;5.555555555555555;420.0;1.0;car;1;;unclassified;1133637722;LINESTRING( 629536.6293210435 4801036.30128009, 629552.513331372 4801075.578898671 )
2931;10569489792;10569489795;42.367831022440726;5.555555555555555;420.0;1.0;car;5;;unclassified;1133637722;LINESTRING( 629552.513331372 4801075.578898671, 629536.6293210435 4801036.30128009 )
2932;10569489792;10569489793;52.860426000386944;5.555555555555555;420.0;1.0;car;21;;unclassified;1133637722;LINESTRING( 629552.513331372 4801075.578898671, 629583.5588189601 4801117.346829755 )
2933;10569489793;10569489792;52.860426000386944;5.555555555555555;420.0;1.0;car;11;;unclassified;1133637722;LINESTRING( 629583.5588189601 4801117.346829755, 629552.513331372 4801075.578898671 )
2934;4833979257;10600535054;657.4431334297974;5.555555555555555;420.0;1.0;car;85;;unclassified;1137159180;LINESTRING( 635240.2130418839 4803834.132506786, 635691.8081848726 4803909.059744885 )
2935;10600535054;4833979257;657.4431334297974;5.555555555555555;420.0;1.0;car;85;;unclassified;1137159180;LINESTRING( 635691.8081848726 4803909.059744885, 635240.2130418839 4803834.132506786 )
2936;10569489824;10569489802;162.1972841460542;5.555555555555555;420.0;1.0;car;45;;unclassified;1133637725;LINESTRING( 629838.384384226 4801000.637259743, 629845.7245541228 4801162.204545848 )
2937;10569489802;10569489824;162.1972841460542;5.555555555555555;420.0;1.0;car;14;;unclassified;1133637725;LINESTRING( 629845.7245541228 4801162.204545848, 629838.384384226 4801000.637259743 )
2938;10569489802;3321563168;34.95340205581146;5.555555555555555;420.0;1.0;car;34;;unclassified;1133637725;LINESTRING( 629845.7245541228 4801162.204545848, 629866.1617197702 4801190.560543019 )
2939;3321563168;10569489802;34.95340205581146;5.555555555555555;420.0;1.0;car;15;;unclassified;1133637725;LINESTRING( 629866.1617197702 4801190.560543019, 629845.7245541228 4801162.204545848 )
294;4797729174;4797729173;143.48587262850558;5.555555555555555;420.0;1.0;car;18;;residential;487265656;LINESTRING( 630776.8580359238 4802739.761972368, 630651.6514319045 4802809.844081026 )
2940;10569489806;10569489801;175.2046144603163;5.555555555555555;420.0;1.0;car;78;;unclassified;1133637724;LINESTRING( 629767.3827780689 4801255.612277987, 629612.3022712657 4801337.139533171 )
2941;10569489801;10569489806;175.2046144603163;5.555555555555555;420.0;1.0;car;42;;unclassified;1133637724;LINESTRING( 629612.3022712657 4801337.139533171, 629767.3827780689 4801255.612277987 )
2942;10569489801;10569489796;212.17201691247826;5.555555555555555;420.0;1.0;car;41;;unclassified;1133637724;LINESTRING( 629612.3022712657 4801337.139533171, 629531.715007872 4801144.294833226 )
2943;10569489796;10569489801;212.17201691247826;5.555555555555555;420.0;1.0;car;11;;unclassified;1133637724;LINESTRING( 629531.715007872 4801144.294833226, 629612.3022712657 4801337.139533171 )
2944;10569489796;10569489791;64.38757308136329;5.555555555555555;420.0;1.0;car;13;;unclassified;1133637724;LINESTRING( 629531.715007872 4801144.294833226, 629499.2219931567 4801089.200943265 )
2945;10569489791;10569489796;64.38757308136329;5.555555555555555;420.0;1.0;car;3;;unclassified;1133637724;LINESTRING( 629499.2219931567 4801089.200943265, 629531.715007872 4801144.294833226 )
2946;10569489791;10569489833;38.9432181026306;5.555555555555555;420.0;1.0;car;17;;unclassified;1133637724;LINESTRING( 629499.2219931567 4801089.200943265, 629478.293281862 4801056.359456092 )
2947;10569489833;10569489791;38.9432181026306;5.555555555555555;420.0;1.0;car;21;;unclassified;1133637724;LINESTRING( 629478.293281862 4801056.359456092, 629499.2219931567 4801089.200943265 )
2948;10569489825;10569489750;296.21398393126935;5.555555555555555;420.0;1.0;car;19;;unclassified;1133637727;LINESTRING( 629827.4679652787 4800991.539788216, 629673.5448775134 4800744.280937945 )
2949;10569489750;10569489825;296.21398393126935;5.555555555555555;420.0;1.0;car;42;;unclassified;1133637727;LINESTRING( 629673.5448775134 4800744.280937945, 629827.4679652787 4800991.539788216 )
295;12922934514;10211647343;27.27950200929903;5.555555555555555;420.0;1.0;car;13;;residential;1396178754;LINESTRING( 633207.9646679659 4804046.45028565, 633206.115188517 4804073.66701716 )
2950;10569489827;10569489806;236.06920189542564;5.555555555555555;420.0;1.0;car;56;;unclassified;1133637726;LINESTRING( 629760.797596031 4801020.812303243, 629767.3827780689 4801255.612277987 )
2951;10569489806;10569489827;236.06920189542564;5.555555555555555;420.0;1.0;car;20;;unclassified;1133637726;LINESTRING( 629767.3827780689 4801255.612277987, 629760.797596031 4801020.812303243 )
2952;10569489806;5244141486;63.131175861568074;5.555555555555555;420.0;1.0;car;98;;unclassified;1133637726;LINESTRING( 629767.3827780689 4801255.612277987, 629822.9805193392 4801225.7051462075 )
2953;5244141486;10569489806;63.131175861568074;5.555555555555555;420.0;1.0;car;98;;unclassified;1133637726;LINESTRING( 629822.9805193392 4801225.7051462075, 629767.3827780689 4801255.612277987 )
2954;5244141486;10569488557;58.62633091119055;5.555555555555555;420.0;1.0;car;7;;unclassified;1133637726;LINESTRING( 629822.9805193392 4801225.7051462075, 629818.5249730673 4801167.248369154 )
2955;10569488557;5244141486;58.62633091119055;5.555555555555555;420.0;1.0;car;19;;unclassified;1133637726;LINESTRING( 629818.5249730673 4801167.248369154, 629822.9805193392 4801225.7051462075 )
2956;10569488557;10569489805;124.19438894294493;5.555555555555555;420.0;1.0;car;7;;unclassified;1133637726;LINESTRING( 629818.5249730673 4801167.248369154, 629809.0734865667 4801043.414142674 )
2957;10569489805;10569488557;124.19438894294493;5.555555555555555;420.0;1.0;car;7;;unclassified;1133637726;LINESTRING( 629809.0734865667 4801043.414142674, 629818.5249730673 4801167.248369154 )
2958;7007686697;2679393252;81.41918384520321;5.555555555555555;420.0;1.0;car;59;;residential;749364090;LINESTRING( 633795.3452336437 4804790.229986909, 633872.361508729 4804766.780217527 )
2959;2679393252;7007686697;81.41918384520321;5.555555555555555;420.0;1.0;car;12;;residential;749364090;LINESTRING( 633872.361508729 4804766.780217527, 633795.3452336437 4804790.229986909 )
296;10211647343;12922934514;27.27950200929903;5.555555555555555;420.0;1.0;car;13;;residential;1396178754;LINESTRING( 633206.115188517 4804073.66701716, 633207.9646679659 4804046.45028565 )
2960;4797750662;4797750663;128.49212203675302;5.555555555555555;420.0;1.0;car;45;;residential;487268057;LINESTRING( 632985.9571005469 4803230.470887759, 633114.4488540802 4803230.77862053 )
2961;4797750663;4797750662;128.49212203675302;5.555555555555555;420.0;1.0;car;62;;residential;487268057;LINESTRING( 633114.4488540802 4803230.77862053, 632985.9571005469 4803230.470887759 )
2962;4797750663;4797750664;73.0725597351541;5.555555555555555;420.0;1.0;car;22;;residential;487268057;LINESTRING( 633114.4488540802 4803230.77862053, 633187.5175561236 4803231.529465349 )
2963;4797750664;4797750663;73.0725597351541;5.555555555555555;420.0;1.0;car;22;;residential;487268057;LINESTRING( 633187.5175561236 4803231.529465349, 633114.4488540802 4803230.77862053 )
2964;7007692042;7007710765;27.43829282577622;5.555555555555555;420.0;1.0;car;0;;unclassified;749367160;LINESTRING( 633707.4307160877 4802598.351091736, 633686.0772771619 4802586.185291514 )
2965;7007710765;7007692042;27.43829282577622;5.555555555555555;420.0;1.0;car;0;;unclassified;749367160;LINESTRING( 633686.0772771619 4802586.185291514, 633707.4307160877 4802598.351091736 )
2966;2679393252;2679393248;144.55527939723126;5.555555555555555;420.0;1.0;car;33;;residential;749364089;LINESTRING( 633872.361508729 4804766.780217527, 634010.7670467277 4804726.28376733 )
2967;2679393248;2679393252;144.55527939723126;5.555555555555555;420.0;1.0;car;11;;residential;749364089;LINESTRING( 634010.7670467277 4804726.28376733, 633872.361508729 4804766.780217527 )
2968;2679393248;1844618287;125.21210272580123;5.555555555555555;420.0;1.0;car;201;;residential;749364089;LINESTRING( 634010.7670467277 4804726.28376733, 634129.2405385766 4804685.760904671 )
2969;1844618287;2679393248;125.21210272580123;5.555555555555555;420.0;1.0;car;77;;residential;749364089;LINESTRING( 634129.2405385766 4804685.760904671, 634010.7670467277 4804726.28376733 )
297;6342422903;6342431665;63.26436418022674;5.555555555555555;420.0;1.0;car;152;;residential;677355561;LINESTRING( 630906.6593897055 4801862.832492816, 630929.8330986613 4801921.586275881 )
2970;1844618287;1844618279;126.38982368016168;5.555555555555555;420.0;1.0;car;169;;residential;749364089;LINESTRING( 634129.2405385766 4804685.760904671, 634245.3963950934 4804635.939177214 )
2971;1844618279;1844618287;126.38982368016168;5.555555555555555;420.0;1.0;car;107;;residential;749364089;LINESTRING( 634245.3963950934 4804635.939177214, 634129.2405385766 4804685.760904671 )
2972;1844618279;7007686850;133.89226318643142;5.555555555555555;420.0;1.0;car;204;;residential;749364089;LINESTRING( 634245.3963950934 4804635.939177214, 634373.8884832484 4804598.297160494 )
2973;7007686850;1844618279;133.89226318643142;5.555555555555555;420.0;1.0;car;323;;residential;749364089;LINESTRING( 634373.8884832484 4804598.297160494, 634245.3963950934 4804635.939177214 )
2974;7007686850;2679393241;43.94493525488849;5.555555555555555;420.0;1.0;car;159;;residential;749364089;LINESTRING( 634373.8884832484 4804598.297160494, 634414.0325679947 4804580.419526578 )
2975;2679393241;7007686850;43.94493525488849;5.555555555555555;420.0;1.0;car;406;;residential;749364089;LINESTRING( 634414.0325679947 4804580.419526578, 634373.8884832484 4804598.297160494 )
2976;2679393241;2679393238;67.23607315010808;5.555555555555555;420.0;1.0;car;69;;residential;749364089;LINESTRING( 634414.0325679947 4804580.419526578, 634475.2260653526 4804552.561934906 )
2977;2679393238;2679393241;67.23607315010808;5.555555555555555;420.0;1.0;car;69;;residential;749364089;LINESTRING( 634475.2260653526 4804552.561934906, 634414.0325679947 4804580.419526578 )
2978;7007744930;7007744929;79.48097400835867;5.555555555555555;420.0;1.0;car;11;;unclassified;749369212;LINESTRING( 633789.4785801386 4802552.067594562, 633862.0136910356 4802519.573242491 )
2979;7007744929;7007744930;79.48097400835867;5.555555555555555;420.0;1.0;car;11;;unclassified;749369212;LINESTRING( 633862.0136910356 4802519.573242491, 633789.4785801386 4802552.067594562 )
298;6342431665;6342422903;63.26436418022674;5.555555555555555;420.0;1.0;car;112;;residential;677355561;LINESTRING( 630929.8330986613 4801921.586275881, 630906.6593897055 4801862.832492816 )
2980;6342423622;6342422729;38.89576567292045;5.555555555555555;420.0;1.0;car;14;;unclassified;677355454;LINESTRING( 630582.0532769093 4801752.232817211, 630598.0274981186 4801787.693178723 )
2981;6342422729;6342423622;38.89576567292045;5.555555555555555;420.0;1.0;car;14;;unclassified;677355454;LINESTRING( 630598.0274981186 4801787.693178723, 630582.0532769093 4801752.232817211 )
2982;13300096952;13300096949;60.707638338426975;5.555555555555555;420.0;1.0;car;8;;residential;1450087820;LINESTRING( 630890.3595796964 4802962.825237394, 630930.7973228515 4802920.112966494 )
2983;13300096949;13300096952;60.707638338426975;5.555555555555555;420.0;1.0;car;8;;residential;1450087820;LINESTRING( 630930.7973228515 4802920.112966494, 630890.3595796964 4802962.825237394 )
2984;6342384400;6342383830;292.82576205405513;5.555555555555555;420.0;1.0;car;51;;residential;677351355;LINESTRING( 632724.8385334964 4802800.720704042, 632476.3783101309 4802799.101436054 )
2985;6342383830;6342384400;292.82576205405513;5.555555555555555;420.0;1.0;car;30;;residential;677351355;LINESTRING( 632476.3783101309 4802799.101436054, 632724.8385334964 4802800.720704042 )
2986;6342383830;6342383843;95.51622398291748;5.555555555555555;420.0;1.0;car;16;;residential;677351355;LINESTRING( 632476.3783101309 4802799.101436054, 632381.2483366859 4802805.8922505155 )
2987;6342383843;6342383830;95.51622398291748;5.555555555555555;420.0;1.0;car;9;;residential;677351355;LINESTRING( 632381.2483366859 4802805.8922505155, 632476.3783101309 4802799.101436054 )
2988;6344294348;13300096947;57.622179756789414;5.555555555555555;420.0;1.0;car;7;;residential;1450087819;LINESTRING( 630923.0936930989 4802653.335551216, 630952.9120396153 4802702.397106285 )
2989;13300096947;6344294348;57.622179756789414;5.555555555555555;420.0;1.0;car;7;;residential;1450087819;LINESTRING( 630952.9120396153 4802702.397106285, 630923.0936930989 4802653.335551216 )
299;6342431665;6342422902;26.84214861548864;5.555555555555555;420.0;1.0;car;167;;residential;677355561;LINESTRING( 630929.8330986613 4801921.586275881, 630936.072066651 4801947.693290661 )
2990;10595524686;10595524683;75.23846867452534;5.555555555555555;420.0;1.0;car;15;;unclassified;1136618584;LINESTRING( 630722.3176523196 4803038.475810629, 630735.7176377955 4803098.695484831 )
2991;10595524683;10595524686;75.23846867452534;5.555555555555555;420.0;1.0;car;15;;unclassified;1136618584;LINESTRING( 630735.7176377955 4803098.695484831, 630722.3176523196 4803038.475810629 )
2992;6342384401;6342384400;246.06019572887303;5.555555555555555;420.0;1.0;car;49;;residential;677351350;LINESTRING( 632486.2399632181 4802860.855673759, 632724.8385334964 4802800.720704042 )
2993;6342384400;6342384401;246.06019572887303;5.555555555555555;420.0;1.0;car;18;;residential;677351350;LINESTRING( 632724.8385334964 4802800.720704042, 632486.2399632181 4802860.855673759 )
2994;4962330106;4962330105;198.70062155955904;5.555555555555555;420.0;1.0;car;103;;residential;506511835;LINESTRING( 630639.5388600711 4802468.634515704, 630469.5205761754 4802571.472836136 )
2995;4962330105;4962330106;198.70062155955904;5.555555555555555;420.0;1.0;car;0;;residential;506511835;LINESTRING( 630469.5205761754 4802571.472836136, 630639.5388600711 4802468.634515704 )
2996;4962330109;4962330107;201.07240126681478;5.555555555555555;420.0;1.0;car;31;;residential;506511836;LINESTRING( 630675.2576954993 4802530.029700233, 630506.1637682841 4802637.095607651 )
2997;4962330107;4962330109;201.07240126681478;5.555555555555555;420.0;1.0;car;64;;residential;506511836;LINESTRING( 630506.1637682841 4802637.095607651, 630675.2576954993 4802530.029700233 )
2998;4800165506;10580860364;19.819772655334063;5.555555555555555;420.0;1.0;car;46;;residential;1135050827;LINESTRING( 632026.0182957177 4801345.918410605, 632019.0271032033 4801327.372612824 )
2999;10580860364;4800165506;19.819772655334063;5.555555555555555;420.0;1.0;car;46;;residential;1135050827;LINESTRING( 632019.0271032033 4801327.372612824, 632026.0182957177 4801345.918410605 )
3;12922898765;9958346384;75.71751776785362;19.444444444444443;1275.0;1.0;car;5026;;primary;1396178741;LINESTRING( 633532.3719083992 4804000.1475966135, 633605.139918198 4803979.221406942 )
30;6344304368;6344304369;173.8824194536844;5.555555555555555;420.0;1.0;car;30;;unclassified;677572720;LINESTRING( 630690.9610485274 4801143.479880402, 630650.7873405383 4800974.443855404 )
300;6342422902;6342431665;26.84214861548864;5.555555555555555;420.0;1.0;car;110;;residential;677355561;LINESTRING( 630936.072066651 4801947.693290661, 630929.8330986613 4801921.586275881 )
3000;10580860364;10580860149;63.52267311191176;5.555555555555555;420.0;1.0;car;17;;residential;1135050827;LINESTRING( 632019.0271032033 4801327.372612824, 632005.3596079141 4801265.422978935 )
3001;10580860149;10580860364;63.52267311191176;5.555555555555555;420.0;1.0;car;23;;residential;1135050827;LINESTRING( 632005.3596079141 4801265.422978935, 632019.0271032033 4801327.372612824 )
3002;10580860149;10580860356;219.1762155017848;5.555555555555555;420.0;1.0;car;20;;residential;1135050827;LINESTRING( 632005.3596079141 4801265.422978935, 631924.3545405287 4801208.725373474 )
3003;10580860356;10580860149;219.1762155017848;5.555555555555555;420.0;1.0;car;20;;residential;1135050827;LINESTRING( 631924.3545405287 4801208.725373474, 632005.3596079141 4801265.422978935 )
3004;4962330111;5244146879;74.5688078247193;5.555555555555555;420.0;1.0;car;61;;residential;506511837;LINESTRING( 630576.1968140221 4802767.545745544, 630541.9991172822 4802701.2809386095 )
3005;5244146879;4962330111;74.5688078247193;5.555555555555555;420.0;1.0;car;61;;residential;506511837;LINESTRING( 630541.9991172822 4802701.2809386095, 630576.1968140221 4802767.545745544 )
3006;5244146879;4962330107;73.5114205278047;5.555555555555555;420.0;1.0;car;45;;residential;506511837;LINESTRING( 630541.9991172822 4802701.2809386095, 630506.1637682841 4802637.095607651 )
3007;4962330107;5244146879;73.5114205278047;5.555555555555555;420.0;1.0;car;45;;residential;506511837;LINESTRING( 630506.1637682841 4802637.095607651, 630541.9991172822 4802701.2809386095 )
3008;4962330107;4962330105;75.16030647418594;5.555555555555555;420.0;1.0;car;41;;residential;506511837;LINESTRING( 630506.1637682841 4802637.095607651, 630469.5205761754 4802571.472836136 )
3009;4962330105;4962330107;75.16030647418594;5.555555555555555;420.0;1.0;car;74;;residential;506511837;LINESTRING( 630469.5205761754 4802571.472836136, 630506.1637682841 4802637.095607651 )
301;10578179027;10578179026;227.14003241263367;5.555555555555555;420.0;1.0;car;8;;unclassified;1134695380;LINESTRING( 630134.8060174515 4801899.403605816, 629952.7271053108 4802035.197066918 )
3010;4962330105;4962330110;18.318055562827535;5.555555555555555;420.0;1.0;car;95;;residential;506511837;LINESTRING( 630469.5205761754 4802571.472836136, 630460.588788106 4802555.479890144 )
3011;4962330110;4962330105;18.318055562827535;5.555555555555555;420.0;1.0;car;25;;residential;506511837;LINESTRING( 630460.588788106 4802555.479890144, 630469.5205761754 4802571.472836136 )
3012;4797729458;4962330112;213.0078722115319;5.555555555555555;420.0;1.0;car;36;;residential;506511838;LINESTRING( 630408.6331871889 4802617.981671637, 630513.0637222456 4802803.633542007 )
3013;4962330112;4797729458;213.0078722115319;5.555555555555555;420.0;1.0;car;9;;residential;506511838;LINESTRING( 630513.0637222456 4802803.633542007, 630408.6331871889 4802617.981671637 )
3014;5190977844;4797729169;211.337692036148;5.555555555555555;420.0;1.0;car;23;;residential;535603202;LINESTRING( 630353.1310618574 4803228.324100724, 630228.0815155334 4803057.95323749 )
3015;4797729169;5190977844;211.337692036148;5.555555555555555;420.0;1.0;car;1;;residential;535603202;LINESTRING( 630228.0815155334 4803057.95323749, 630353.1310618574 4803228.324100724 )
3016;4800163839;6344313141;96.7211990652044;5.555555555555555;420.0;1.0;car;15;;unclassified;677573517;LINESTRING( 631398.9601893406 4801345.725176948, 631423.4220275597 4801433.613876214 )
3017;6344313141;4800163839;96.7211990652044;5.555555555555555;420.0;1.0;car;1;;unclassified;677573517;LINESTRING( 631423.4220275597 4801433.613876214, 631398.9601893406 4801345.725176948 )
3018;6344313141;6344311769;49.96159898632868;5.555555555555555;420.0;1.0;car;24;;unclassified;677573517;LINESTRING( 631423.4220275597 4801433.613876214, 631471.7321335437 4801431.953290381 )
3019;6344311769;6344313141;49.96159898632868;5.555555555555555;420.0;1.0;car;10;;unclassified;677573517;LINESTRING( 631471.7321335437 4801431.953290381, 631423.4220275597 4801433.613876214 )
302;10578179026;10578179027;227.14003241263367;5.555555555555555;420.0;1.0;car;2;;unclassified;1134695380;LINESTRING( 629952.7271053108 4802035.197066918, 630134.8060174515 4801899.403605816 )
3020;6344453724;6342424654;154.11679327942596;5.555555555555555;420.0;1.0;car;567;;unclassified;677587852;LINESTRING( 630506.7813568043 4802251.603863155, 630650.5645254672 4802196.354031006 )
3021;6342424654;6344453724;154.11679327942596;5.555555555555555;420.0;1.0;car;497;;unclassified;677587852;LINESTRING( 630650.5645254672 4802196.354031006, 630506.7813568043 4802251.603863155 )
3024;10569489823;10569489821;293.76562106954873;5.555555555555555;420.0;1.0;car;7;;unclassified;1133637729;LINESTRING( 629814.5987041494 4800709.524477385, 629938.5111241557 4800973.685830528 )
3025;10569489821;10569489823;293.76562106954873;5.555555555555555;420.0;1.0;car;3;;unclassified;1133637729;LINESTRING( 629938.5111241557 4800973.685830528, 629814.5987041494 4800709.524477385 )
3026;5244146827;10569489817;308.9055017426445;5.555555555555555;420.0;1.0;car;12;;unclassified;1133637728;LINESTRING( 629907.2714398028 4800979.662701271, 629755.6938276067 4800721.003784194 )
3027;10569489817;5244146827;308.9055017426445;5.555555555555555;420.0;1.0;car;11;;unclassified;1133637728;LINESTRING( 629755.6938276067 4800721.003784194, 629907.2714398028 4800979.662701271 )
3028;10569484202;10569484189;61.97780479237627;5.555555555555555;420.0;1.0;car;28;;unclassified;1133637731;LINESTRING( 629326.2444443497 4801047.1617843155, 629342.3604803623 4801107.007600127 )
3029;10569484189;10569484202;61.97780479237627;5.555555555555555;420.0;1.0;car;11;;unclassified;1133637731;LINESTRING( 629342.3604803623 4801107.007600127, 629326.2444443497 4801047.1617843155 )
303;2397236856;3751677993;20.37848824073882;8.333333333333334;1500.0;2.0;car;4178;;secondary;1396178753;LINESTRING( 633170.1775041549 4804069.358864104, 633190.310721973 4804072.51105751 )
3030;10569484189;10569484194;239.2747535002699;5.555555555555555;420.0;1.0;car;21;;unclassified;1133637731;LINESTRING( 629342.3604803623 4801107.007600127, 629502.9436809315 4801256.397612542 )
3031;10569484194;10569484189;239.2747535002699;5.555555555555555;420.0;1.0;car;6;;unclassified;1133637731;LINESTRING( 629502.9436809315 4801256.397612542, 629342.3604803623 4801107.007600127 )
3032;10569484194;10569484190;186.9197890728226;5.555555555555555;420.0;1.0;car;4;;unclassified;1133637731;LINESTRING( 629502.9436809315 4801256.397612542, 629434.4389067919 4801086.505276013 )
3033;10569484190;10569484194;186.9197890728226;5.555555555555555;420.0;1.0;car;0;;unclassified;1133637731;LINESTRING( 629434.4389067919 4801086.505276013, 629502.9436809315 4801256.397612542 )
3034;10569484190;10569484189;94.33335522390544;5.555555555555555;420.0;1.0;car;16;;unclassified;1133637731;LINESTRING( 629434.4389067919 4801086.505276013, 629342.3604803623 4801107.007600127 )
3035;10569484189;10569484190;94.33335522390544;5.555555555555555;420.0;1.0;car;18;;unclassified;1133637731;LINESTRING( 629342.3604803623 4801107.007600127, 629434.4389067919 4801086.505276013 )
3036;10569484190;10569489833;57.69272781110519;5.555555555555555;420.0;1.0;car;21;;unclassified;1133637730;LINESTRING( 629434.4389067919 4801086.505276013, 629478.293281862 4801056.359456092 )
3037;10569489833;10569484190;57.69272781110519;5.555555555555555;420.0;1.0;car;15;;unclassified;1133637730;LINESTRING( 629478.293281862 4801056.359456092, 629434.4389067919 4801086.505276013 )
3038;10569489833;10569489795;191.8251468575308;5.555555555555555;420.0;1.0;car;2;;unclassified;1133637730;LINESTRING( 629478.293281862 4801056.359456092, 629536.6293210435 4801036.30128009 )
3039;10569489795;10569489833;191.8251468575308;5.555555555555555;420.0;1.0;car;0;;unclassified;1133637730;LINESTRING( 629536.6293210435 4801036.30128009, 629478.293281862 4801056.359456092 )
304;3751677993;2397236856;20.37848824073882;8.333333333333334;1500.0;2.0;car;4078;;secondary;1396178753;LINESTRING( 633190.310721973 4804072.51105751, 633170.1775041549 4804069.358864104 )
3040;10569489795;10569489828;112.40840768597678;5.555555555555555;420.0;1.0;car;9;;unclassified;1133637730;LINESTRING( 629536.6293210435 4801036.30128009, 629635.0756827759 4801090.559588026 )
3041;10569489828;10569489795;112.40840768597678;5.555555555555555;420.0;1.0;car;3;;unclassified;1133637730;LINESTRING( 629635.0756827759 4801090.559588026, 629536.6293210435 4801036.30128009 )
3042;10569489828;10569489827;143.77302670222574;5.555555555555555;420.0;1.0;car;63;;unclassified;1133637730;LINESTRING( 629635.0756827759 4801090.559588026, 629760.797596031 4801020.812303243 )
3043;10569489827;10569489828;143.77302670222574;5.555555555555555;420.0;1.0;car;27;;unclassified;1133637730;LINESTRING( 629760.797596031 4801020.812303243, 629635.0756827759 4801090.559588026 )
3044;10569489827;10569461106;2.014595655673794;5.555555555555555;420.0;1.0;car;67;;unclassified;1133637730;LINESTRING( 629760.797596031 4801020.812303243, 629762.5202107767 4801019.767700882 )
3045;10569461106;10569489827;2.014595655673794;5.555555555555555;420.0;1.0;car;67;;unclassified;1133637730;LINESTRING( 629762.5202107767 4801019.767700882, 629760.797596031 4801020.812303243 )
3046;10569461106;10569489825;71.66690594357142;5.555555555555555;420.0;1.0;car;80;;unclassified;1133637730;LINESTRING( 629762.5202107767 4801019.767700882, 629827.4679652787 4800991.539788216 )
3047;10569489825;10569461106;71.66690594357142;5.555555555555555;420.0;1.0;car;80;;unclassified;1133637730;LINESTRING( 629827.4679652787 4800991.539788216, 629762.5202107767 4801019.767700882 )
3048;10569489825;10569489824;14.210284684566872;5.555555555555555;420.0;1.0;car;103;;unclassified;1133637730;LINESTRING( 629827.4679652787 4800991.539788216, 629838.384384226 4801000.637259743 )
3049;10569489824;10569489825;14.210284684566872;5.555555555555555;420.0;1.0;car;80;;unclassified;1133637730;LINESTRING( 629838.384384226 4801000.637259743, 629827.4679652787 4800991.539788216 )
305;6344452449;10578179025;57.699719335808624;5.555555555555555;420.0;1.0;car;49;;unclassified;1134695381;LINESTRING( 630058.8862250979 4801809.374589136, 630096.0814867644 4801853.485473518 )
3050;10569489824;5244146826;61.001821694648804;5.555555555555555;420.0;1.0;car;105;;unclassified;1133637730;LINESTRING( 629838.384384226 4801000.637259743, 629898.1819396649 4800988.575974007 )
3051;5244146826;10569489824;61.001821694648804;5.555555555555555;420.0;1.0;car;113;;unclassified;1133637730;LINESTRING( 629898.1819396649 4800988.575974007, 629838.384384226 4801000.637259743 )
3052;6344305634;6344305632;29.87172214848157;5.555555555555555;420.0;1.0;car;2;;unclassified;677572502;LINESTRING( 631082.8492989384 4801945.515892943, 631083.825396277 4801915.660122679 )
3053;6344305632;6344305634;29.87172214848157;5.555555555555555;420.0;1.0;car;4;;unclassified;677572502;LINESTRING( 631083.825396277 4801915.660122679, 631082.8492989384 4801945.515892943 )
3054;6344305632;6344306028;25.525271946752902;5.555555555555555;420.0;1.0;car;67;;unclassified;677572502;LINESTRING( 631083.825396277 4801915.660122679, 631079.4002566321 4801890.521354867 )
3055;6344306028;6344305632;25.525271946752902;5.555555555555555;420.0;1.0;car;184;;unclassified;677572502;LINESTRING( 631079.4002566321 4801890.521354867, 631083.825396277 4801915.660122679 )
3056;6344306028;6342423941;94.3940194587775;5.555555555555555;420.0;1.0;car;23;;unclassified;677572502;LINESTRING( 631079.4002566321 4801890.521354867, 631066.3904129174 4801797.2120836815 )
3057;6342423941;6344306028;94.3940194587775;5.555555555555555;420.0;1.0;car;109;;unclassified;677572502;LINESTRING( 631066.3904129174 4801797.2120836815, 631079.4002566321 4801890.521354867 )
3058;6342423941;6344300711;88.430166867191;5.555555555555555;420.0;1.0;car;10;;unclassified;677572502;LINESTRING( 631066.3904129174 4801797.2120836815, 631041.8286039012 4801712.655806709 )
3059;6344300711;6342423941;88.430166867191;5.555555555555555;420.0;1.0;car;53;;unclassified;677572502;LINESTRING( 631041.8286039012 4801712.655806709, 631066.3904129174 4801797.2120836815 )
306;10578179025;6344452449;57.699719335808624;5.555555555555555;420.0;1.0;car;45;;unclassified;1134695381;LINESTRING( 630096.0814867644 4801853.485473518, 630058.8862250979 4801809.374589136 )
3060;6344300711;6344300415;49.67211642348126;5.555555555555555;420.0;1.0;car;2;;unclassified;677572502;LINESTRING( 631041.8286039012 4801712.655806709, 631024.9068961362 4801665.9548971215 )
3061;6344300415;6344300711;49.67211642348126;5.555555555555555;420.0;1.0;car;24;;unclassified;677572502;LINESTRING( 631024.9068961362 4801665.9548971215, 631041.8286039012 4801712.655806709 )
3062;10569489909;10569484208;33.57408416085561;5.555555555555555;420.0;1.0;car;29;;unclassified;1133637733;LINESTRING( 629452.6031413226 4800773.733320749, 629421.0703928635 4800785.261759579 )
3063;10569484208;10569489909;33.57408416085561;5.555555555555555;420.0;1.0;car;12;;unclassified;1133637733;LINESTRING( 629421.0703928635 4800785.261759579, 629452.6031413226 4800773.733320749 )
3064;10569484208;10569484207;408.3405355668816;5.555555555555555;420.0;1.0;car;18;;unclassified;1133637733;LINESTRING( 629421.0703928635 4800785.261759579, 629258.3873222519 4800410.727099603 )
3065;10569484207;10569484208;408.3405355668816;5.555555555555555;420.0;1.0;car;18;;unclassified;1133637733;LINESTRING( 629258.3873222519 4800410.727099603, 629421.0703928635 4800785.261759579 )
3066;10569484208;10569484202;292.43681153287935;5.555555555555555;420.0;1.0;car;18;;unclassified;1133637732;LINESTRING( 629421.0703928635 4800785.261759579, 629326.2444443497 4801047.1617843155 )
3067;10569484202;10569484208;292.43681153287935;5.555555555555555;420.0;1.0;car;1;;unclassified;1133637732;LINESTRING( 629326.2444443497 4801047.1617843155, 629421.0703928635 4800785.261759579 )
3068;10569484202;10569484200;62.36425459644908;5.555555555555555;420.0;1.0;car;8;;unclassified;1133637732;LINESTRING( 629326.2444443497 4801047.1617843155, 629274.3634638399 4801076.5107477885 )
3069;10569484200;10569484202;62.36425459644908;5.555555555555555;420.0;1.0;car;8;;unclassified;1133637732;LINESTRING( 629274.3634638399 4801076.5107477885, 629326.2444443497 4801047.1617843155 )
307;10578179025;10578179027;60.067163664051655;5.555555555555555;420.0;1.0;car;25;;unclassified;1134695381;LINESTRING( 630096.0814867644 4801853.485473518, 630134.8060174515 4801899.403605816 )
3070;10569489923;10569489337;33.808035322840595;5.555555555555555;420.0;1.0;car;24;;unclassified;1133637734;LINESTRING( 629908.0767042702 4800689.555139319, 629875.0149317265 4800696.619305842 )
3071;10569489337;10569489923;33.808035322840595;5.555555555555555;420.0;1.0;car;14;;unclassified;1133637734;LINESTRING( 629875.0149317265 4800696.619305842, 629908.0767042702 4800689.555139319 )
3072;10569489337;10569489823;61.779155118988506;5.555555555555555;420.0;1.0;car;58;;unclassified;1133637734;LINESTRING( 629875.0149317265 4800696.619305842, 629814.5987041494 4800709.524477385 )
3073;10569489823;10569489337;61.779155118988506;5.555555555555555;420.0;1.0;car;15;;unclassified;1133637734;LINESTRING( 629814.5987041494 4800709.524477385, 629875.0149317265 4800696.619305842 )
3074;10569489823;10569489817;60.01298997142;5.555555555555555;420.0;1.0;car;51;;unclassified;1133637734;LINESTRING( 629814.5987041494 4800709.524477385, 629755.6938276067 4800721.003784194 )
3075;10569489817;10569489823;60.01298997142;5.555555555555555;420.0;1.0;car;12;;unclassified;1133637734;LINESTRING( 629755.6938276067 4800721.003784194, 629814.5987041494 4800709.524477385 )
3076;10569489817;10569489750;85.44063111245002;5.555555555555555;420.0;1.0;car;50;;unclassified;1133637734;LINESTRING( 629755.6938276067 4800721.003784194, 629673.5448775134 4800744.280937945 )
3077;10569489750;10569489817;85.44063111245002;5.555555555555555;420.0;1.0;car;10;;unclassified;1133637734;LINESTRING( 629673.5448775134 4800744.280937945, 629755.6938276067 4800721.003784194 )
3078;10569489750;10569489917;171.6899837632037;5.555555555555555;420.0;1.0;car;43;;unclassified;1133637734;LINESTRING( 629673.5448775134 4800744.280937945, 629509.7208232788 4800749.252010774 )
3079;10569489917;10569489750;171.6899837632037;5.555555555555555;420.0;1.0;car;26;;unclassified;1133637734;LINESTRING( 629509.7208232788 4800749.252010774, 629673.5448775134 4800744.280937945 )
308;10578179027;10578179025;60.067163664051655;5.555555555555555;420.0;1.0;car;19;;unclassified;1134695381;LINESTRING( 630134.8060174515 4801899.403605816, 630096.0814867644 4801853.485473518 )
3080;10569489917;10569489909;879.3963775024449;5.555555555555555;420.0;1.0;car;1;;unclassified;1133637734;LINESTRING( 629509.7208232788 4800749.252010774, 629452.6031413226 4800773.733320749 )
3081;10569489909;10569489917;879.3963775024449;5.555555555555555;420.0;1.0;car;0;;unclassified;1133637734;LINESTRING( 629452.6031413226 4800773.733320749, 629509.7208232788 4800749.252010774 )
3082;10569489909;10569489917;62.14309398606143;5.555555555555555;420.0;1.0;car;13;;unclassified;1133637734;LINESTRING( 629452.6031413226 4800773.733320749, 629509.7208232788 4800749.252010774 )
3083;10569489917;10569489909;62.14309398606143;5.555555555555555;420.0;1.0;car;29;;unclassified;1133637734;LINESTRING( 629509.7208232788 4800749.252010774, 629452.6031413226 4800773.733320749 )
3084;10593377327;10593377326;76.18276335190266;5.555555555555555;420.0;1.0;car;17;;unclassified;1136368707;LINESTRING( 630091.143410723 4802441.170958567, 630146.9770983842 4802389.340342576 )
3085;10593377326;10593377327;76.18276335190266;5.555555555555555;420.0;1.0;car;32;;unclassified;1136368707;LINESTRING( 630146.9770983842 4802389.340342576, 630091.143410723 4802441.170958567 )
3086;10593377326;10593377325;68.41760077291858;5.555555555555555;420.0;1.0;car;23;;unclassified;1136368707;LINESTRING( 630146.9770983842 4802389.340342576, 630204.2210925453 4802351.86911057 )
3087;10593377325;10593377326;68.41760077291858;5.555555555555555;420.0;1.0;car;31;;unclassified;1136368707;LINESTRING( 630204.2210925453 4802351.86911057, 630146.9770983842 4802389.340342576 )
3088;10593377325;6344448351;63.66405787880855;5.555555555555555;420.0;1.0;car;10;;unclassified;1136368707;LINESTRING( 630204.2210925453 4802351.86911057, 630267.1027096168 4802355.447026046 )
3089;6344448351;10593377325;63.66405787880855;5.555555555555555;420.0;1.0;car;3;;unclassified;1136368707;LINESTRING( 630267.1027096168 4802355.447026046, 630204.2210925453 4802351.86911057 )
309;10578179027;10578179028;295.5840403717938;5.555555555555555;420.0;1.0;car;18;;unclassified;1134695381;LINESTRING( 630134.8060174515 4801899.403605816, 629980.1680149724 4802085.730240309 )
3094;4797646796;5190916842;261.2596489243749;5.555555555555555;420.0;1.0;car;353;;residential;487258867;LINESTRING( 632443.3874939044 4803394.310642297, 632699.5394069066 4803344.863077028 )
3095;5190916842;4797646796;261.2596489243749;5.555555555555555;420.0;1.0;car;176;;residential;487258867;LINESTRING( 632699.5394069066 4803344.863077028, 632443.3874939044 4803394.310642297 )
3096;5190916842;4797644966;32.08394110512548;5.555555555555555;420.0;1.0;car;298;;residential;487258867;LINESTRING( 632699.5394069066 4803344.863077028, 632731.3939798768 4803341.033526437 )
3097;4797644966;5190916842;32.08394110512548;5.555555555555555;420.0;1.0;car;133;;residential;487258867;LINESTRING( 632731.3939798768 4803341.033526437, 632699.5394069066 4803344.863077028 )
3098;4797644966;4797645843;26.076592313630318;5.555555555555555;420.0;1.0;car;296;;residential;487258867;LINESTRING( 632731.3939798768 4803341.033526437, 632757.4655425756 4803341.545664244 )
3099;4797645843;4797644966;26.076592313630318;5.555555555555555;420.0;1.0;car;239;;residential;487258867;LINESTRING( 632757.4655425756 4803341.545664244, 632731.3939798768 4803341.033526437 )
31;6344304369;6344304368;173.8824194536844;5.555555555555555;420.0;1.0;car;30;;unclassified;677572720;LINESTRING( 630650.7873405383 4800974.443855404, 630690.9610485274 4801143.479880402 )
310;10578179028;10578179027;295.5840403717938;5.555555555555555;420.0;1.0;car;18;;unclassified;1134695381;LINESTRING( 629980.1680149724 4802085.730240309, 630134.8060174515 4801899.403605816 )
3100;4797645843;4797646798;100.38646850727926;5.555555555555555;420.0;1.0;car;275;;residential;487258867;LINESTRING( 632757.4655425756 4803341.545664244, 632856.7362743126 4803326.620354205 )
3101;4797646798;4797645843;100.38646850727926;5.555555555555555;420.0;1.0;car;132;;residential;487258867;LINESTRING( 632856.7362743126 4803326.620354205, 632757.4655425756 4803341.545664244 )
3102;4797646798;7024766683;133.12073929278992;5.555555555555555;420.0;1.0;car;140;;residential;487258867;LINESTRING( 632856.7362743126 4803326.620354205, 632989.6009851852 4803318.368091813 )
3103;7024766683;4797646798;133.12073929278992;5.555555555555555;420.0;1.0;car;65;;residential;487258867;LINESTRING( 632989.6009851852 4803318.368091813, 632856.7362743126 4803326.620354205 )
3104;7024766683;4797646800;88.64442412302884;5.555555555555555;420.0;1.0;car;17;;residential;487258867;LINESTRING( 632989.6009851852 4803318.368091813, 633078.0396635976 4803312.332026143 )
3105;4797646800;7024766683;88.64442412302884;5.555555555555555;420.0;1.0;car;17;;residential;487258867;LINESTRING( 633078.0396635976 4803312.332026143, 632989.6009851852 4803318.368091813 )
3106;10593377325;6344446819;206.590586700389;5.555555555555555;420.0;1.0;car;24;;unclassified;1136368706;LINESTRING( 630204.2210925453 4802351.86911057, 630377.4982604481 4802312.946799187 )
3107;6344446819;10593377325;206.590586700389;5.555555555555555;420.0;1.0;car;39;;unclassified;1136368706;LINESTRING( 630377.4982604481 4802312.946799187, 630204.2210925453 4802351.86911057 )
3108;10593377326;10593377320;54.71556120677299;5.555555555555555;420.0;1.0;car;3;;unclassified;1136368705;LINESTRING( 630146.9770983842 4802389.340342576, 630198.8467379708 4802400.693654844 )
3109;10593377320;10593377326;54.71556120677299;5.555555555555555;420.0;1.0;car;10;;unclassified;1136368705;LINESTRING( 630198.8467379708 4802400.693654844, 630146.9770983842 4802389.340342576 )
311;4800144408;7869367186;146.74216798425394;5.555555555555555;420.0;1.0;car;202;;residential;843626032;LINESTRING( 632372.8994106831 4803470.044560642, 632228.9010969377 4803498.2890203325 )
3110;7007692038;7007692044;281.26230084433183;5.555555555555555;420.0;1.0;car;35;;residential;749367121;LINESTRING( 633805.2502947255 4802882.618334342, 633711.928957544 4802623.782342108 )
3111;7007692044;7007692038;281.26230084433183;5.555555555555555;420.0;1.0;car;35;;residential;749367121;LINESTRING( 633711.928957544 4802623.782342108, 633805.2502947255 4802882.618334342 )
3112;7007692044;7007692042;25.826007660522937;5.555555555555555;420.0;1.0;car;1;;residential;749367121;LINESTRING( 633711.928957544 4802623.782342108, 633707.4307160877 4802598.351091736 )
3113;7007692042;7007692044;25.826007660522937;5.555555555555555;420.0;1.0;car;1;;residential;749367121;LINESTRING( 633707.4307160877 4802598.351091736, 633711.928957544 4802623.782342108 )
3114;7007692042;7007706956;27.9613872627325;5.555555555555555;420.0;1.0;car;1;;residential;749367121;LINESTRING( 633707.4307160877 4802598.351091736, 633708.8585465734 4802570.426183898 )
3115;7007706956;7007692042;27.9613872627325;5.555555555555555;420.0;1.0;car;1;;residential;749367121;LINESTRING( 633708.8585465734 4802570.426183898, 633707.4307160877 4802598.351091736 )
3116;5190925076;7008875484;89.72505657564997;5.555555555555555;420.0;1.0;car;55;;residential;749512535;LINESTRING( 632414.0248173808 4802989.283904118, 632395.8962107991 4802901.414698512 )
3117;7008875484;5190925076;89.72505657564997;5.555555555555555;420.0;1.0;car;55;;residential;749512535;LINESTRING( 632395.8962107991 4802901.414698512, 632414.0248173808 4802989.283904118 )
3118;7008875484;6342383843;96.63901017359144;5.555555555555555;420.0;1.0;car;15;;residential;749512535;LINESTRING( 632395.8962107991 4802901.414698512, 632381.2483366859 4802805.8922505155 )
3119;6342383843;7008875484;96.63901017359144;5.555555555555555;420.0;1.0;car;22;;residential;749512535;LINESTRING( 632381.2483366859 4802805.8922505155, 632395.8962107991 4802901.414698512 )
312;7869367186;4800144408;146.74216798425394;5.555555555555555;420.0;1.0;car;739;;residential;843626032;LINESTRING( 632228.9010969377 4803498.2890203325, 632372.8994106831 4803470.044560642 )
3120;6342383843;7008878140;43.24930501663748;5.555555555555555;420.0;1.0;car;7;;residential;749512535;LINESTRING( 632381.2483366859 4802805.8922505155, 632375.5630920894 4802763.018244658 )
3121;7008878140;6342383843;43.24930501663748;5.555555555555555;420.0;1.0;car;7;;residential;749512535;LINESTRING( 632375.5630920894 4802763.018244658, 632381.2483366859 4802805.8922505155 )
3122;4800161964;13571691376;45.12851078650179;5.555555555555555;420.0;1.0;car;13;;residential;1479484370;LINESTRING( 632085.769148618 4801530.167388428, 632101.9399644521 4801571.801493741 )
3123;13571691376;4800161964;45.12851078650179;5.555555555555555;420.0;1.0;car;13;;residential;1479484370;LINESTRING( 632101.9399644521 4801571.801493741, 632085.769148618 4801530.167388428 )
313;7869367186;4800133570;7.913073000939205;5.555555555555555;420.0;1.0;car;960;;residential;843626032;LINESTRING( 632228.9010969377 4803498.2890203325, 632221.2491969428 4803496.272798424 )
314;4800133570;7869367186;7.913073000939205;5.555555555555555;420.0;1.0;car;1079;;residential;843626032;LINESTRING( 632221.2491969428 4803496.272798424, 632228.9010969377 4803498.2890203325 )
315;6344431034;6344432032;768.688863582947;5.555555555555555;420.0;1.0;car;583;;unclassified;677585944;LINESTRING( 630399.631487015 4804691.49158265, 629718.1813683065 4804962.118247267 )
316;6344432032;6344431034;768.688863582947;5.555555555555555;420.0;1.0;car;583;;unclassified;677585944;LINESTRING( 629718.1813683065 4804962.118247267, 630399.631487015 4804691.49158265 )
317;10211647343;11704496368;57.50456250669909;8.333333333333334;1500.0;2.0;car;4188;;secondary;1396178764;LINESTRING( 633206.115188517 4804073.66701716, 633263.5687218044 4804072.65577758 )
318;11704496368;10211647343;57.50456250669909;8.333333333333334;1500.0;2.0;car;2684;;secondary;1396178764;LINESTRING( 633263.5687218044 4804072.65577758, 633206.115188517 4804073.66701716 )
319;5923638551;5923638565;1457.4206734012032;5.555555555555555;420.0;1.0;car;178;;unclassified;627511579;LINESTRING( 635860.9016265263 4804774.931137773, 635767.0214778627 4803367.942729751 )
32;12488176673;12383753482;107.70695784281298;5.555555555555555;420.0;1.0;car;4;;unclassified;1349959776;LINESTRING( 634521.1849275762 4800804.168719915, 634453.3701900583 4800873.4364569755 )
320;5923638565;5923638551;1457.4206734012032;5.555555555555555;420.0;1.0;car;66;;unclassified;627511579;LINESTRING( 635767.0214778627 4803367.942729751, 635860.9016265263 4804774.931137773 )
321;10580859921;10580859831;45.280577952906924;5.555555555555555;420.0;1.0;car;157;;residential;1135050715;LINESTRING( 632204.338933077 4801708.6454016045, 632187.9933677813 4801666.463194185 )
322;10580859831;10580859921;45.280577952906924;5.555555555555555;420.0;1.0;car;422;;residential;1135050715;LINESTRING( 632187.9933677813 4801666.463194185, 632204.338933077 4801708.6454016045 )
323;10580859831;10580859829;148.47901140996905;5.555555555555555;420.0;1.0;car;161;;residential;1135050715;LINESTRING( 632187.9933677813 4801666.463194185, 632162.1616385205 4801527.271683708 )
324;10580859829;10580859831;148.47901140996905;5.555555555555555;420.0;1.0;car;102;;residential;1135050715;LINESTRING( 632162.1616385205 4801527.271683708, 632187.9933677813 4801666.463194185 )
325;4800173064;4800173284;185.43192187810826;5.555555555555555;420.0;1.0;car;66;;residential;487562610;LINESTRING( 632358.7596882611 4802390.079852736, 632269.5286030583 4802227.68188316 )
326;4800173284;4800173064;185.43192187810826;5.555555555555555;420.0;1.0;car;68;;residential;487562610;LINESTRING( 632269.5286030583 4802227.68188316, 632358.7596882611 4802390.079852736 )
327;4800173284;10580857977;246.11214303258154;5.555555555555555;420.0;1.0;car;192;;residential;487562610;LINESTRING( 632269.5286030583 4802227.68188316, 632155.276995893 4802009.701465182 )
328;10580857977;4800173284;246.11214303258154;5.555555555555555;420.0;1.0;car;128;;residential;487562610;LINESTRING( 632155.276995893 4802009.701465182, 632269.5286030583 4802227.68188316 )
329;10580857977;4800173287;291.60849620264503;5.555555555555555;420.0;1.0;car;102;;residential;487562610;LINESTRING( 632155.276995893 4802009.701465182, 632019.8101859232 4801751.468511332 )
33;12383753482;12488176673;107.70695784281298;5.555555555555555;420.0;1.0;car;4;;unclassified;1349959776;LINESTRING( 634453.3701900583 4800873.4364569755, 634521.1849275762 4800804.168719915 )
330;4800173287;10580857977;291.60849620264503;5.555555555555555;420.0;1.0;car;43;;residential;487562610;LINESTRING( 632019.8101859232 4801751.468511332, 632155.276995893 4802009.701465182 )
331;5923638551;5923638539;346.5611114481399;5.555555555555555;420.0;1.0;car;104;;unclassified;627511577;LINESTRING( 635860.9016265263 4804774.931137773, 635533.8794118369 4804889.652866612 )
332;5923638539;5923638551;346.5611114481399;5.555555555555555;420.0;1.0;car;216;;unclassified;627511577;LINESTRING( 635533.8794118369 4804889.652866612, 635860.9016265263 4804774.931137773 )
333;11704519077;12922934530;275.09690466268046;12.5;2400.0;2.0;car;63;;trunk_link;1396178760;LINESTRING( 633178.6383238371 4804409.318496476, 633263.2904702995 4804150.854665212 )
334;12922934530;11704519077;275.09690466268046;12.5;2400.0;2.0;car;3198;;trunk_link;1396178760;LINESTRING( 633263.2904702995 4804150.854665212, 633178.6383238371 4804409.318496476 )
335;4800163834;4800163835;191.2711483862767;5.555555555555555;420.0;1.0;car;149;;residential;487561615;LINESTRING( 631568.3043556256 4801712.32583581, 631505.8149561225 4801531.550485846 )
336;4800163835;4800163834;191.2711483862767;5.555555555555555;420.0;1.0;car;145;;residential;487561615;LINESTRING( 631505.8149561225 4801531.550485846, 631568.3043556256 4801712.32583581 )
337;4800163835;6344311769;105.26746952148956;5.555555555555555;420.0;1.0;car;79;;residential;487561615;LINESTRING( 631505.8149561225 4801531.550485846, 631471.7321335437 4801431.953290381 )
338;6344311769;4800163835;105.26746952148956;5.555555555555555;420.0;1.0;car;85;;residential;487561615;LINESTRING( 631471.7321335437 4801431.953290381, 631505.8149561225 4801531.550485846 )
339;6344311769;4800163839;141.4344554454808;5.555555555555555;420.0;1.0;car;60;;residential;487561615;LINESTRING( 631471.7321335437 4801431.953290381, 631398.9601893406 4801345.725176948 )
34;4833980807;4833980808;319.91725178092173;5.555555555555555;420.0;1.0;car;88;;residential;1137159130;LINESTRING( 634966.4496324323 4803596.842784733, 635086.9837380104 4803893.184778685 )
340;4800163839;6344311769;141.4344554454808;5.555555555555555;420.0;1.0;car;52;;residential;487561615;LINESTRING( 631398.9601893406 4801345.725176948, 631471.7321335437 4801431.953290381 )
341;5244146858;5244146857;136.37793927305378;5.555555555555555;420.0;1.0;car;41;;residential;542414036;LINESTRING( 631224.8146460358 4803100.986557, 631325.2782478638 4803008.758540575 )
342;5244146857;5244146858;136.37793927305378;5.555555555555555;420.0;1.0;car;41;;residential;542414036;LINESTRING( 631325.2782478638 4803008.758540575, 631224.8146460358 4803100.986557 )
343;5244146867;6344285640;147.23075950221525;5.555555555555555;420.0;1.0;car;166;;residential;542414038;LINESTRING( 631377.9539841712 4803263.501562852, 631506.6325786287 4803199.522069033 )
344;6344285640;5244146867;147.23075950221525;5.555555555555555;420.0;1.0;car;166;;residential;542414038;LINESTRING( 631506.6325786287 4803199.522069033, 631377.9539841712 4803263.501562852 )
345;6344285640;5244146872;4.8580034053674845;5.555555555555555;420.0;1.0;car;113;;residential;542414038;LINESTRING( 631506.6325786287 4803199.522069033, 631507.1075952674 4803194.6873450205 )
346;5244146872;6344285640;4.8580034053674845;5.555555555555555;420.0;1.0;car;113;;residential;542414038;LINESTRING( 631507.1075952674 4803194.6873450205, 631506.6325786287 4803199.522069033 )
347;5244146872;5244146868;104.2507110408038;5.555555555555555;420.0;1.0;car;62;;residential;542414038;LINESTRING( 631507.1075952674 4803194.6873450205, 631591.1323687098 4803133.073597228 )
348;5244146868;5244146872;104.2507110408038;5.555555555555555;420.0;1.0;car;62;;residential;542414038;LINESTRING( 631591.1323687098 4803133.073597228, 631507.1075952674 4803194.6873450205 )
349;4797645845;4797756508;22.897955914784593;5.555555555555555;420.0;1.0;car;155;;residential;487269768;LINESTRING( 632747.2047662365 4802989.987145809, 632770.0697444435 4802988.758668432 )
35;4833980808;4833980807;319.91725178092173;5.555555555555555;420.0;1.0;car;83;;residential;1137159130;LINESTRING( 635086.9837380104 4803893.184778685, 634966.4496324323 4803596.842784733 )
350;4797756508;4797645845;22.897955914784593;5.555555555555555;420.0;1.0;car;189;;residential;487269768;LINESTRING( 632770.0697444435 4802988.758668432, 632747.2047662365 4802989.987145809 )
351;4797756508;4797643908;65.41687624448183;5.555555555555555;420.0;1.0;car;1642;;residential;487269768;LINESTRING( 632770.0697444435 4802988.758668432, 632835.141629748 4802982.049164687 )
352;4797643908;4797756508;65.41687624448183;5.555555555555555;420.0;1.0;car;1554;;residential;487269768;LINESTRING( 632835.141629748 4802982.049164687, 632770.0697444435 4802988.758668432 )
353;4797643908;5730433323;140.80093501596446;5.555555555555555;420.0;1.0;car;1644;;residential;487269768;LINESTRING( 632835.141629748 4802982.049164687, 632975.7634174171 4802974.948732719 )
354;5730433323;4797643908;140.80093501596446;5.555555555555555;420.0;1.0;car;1636;;residential;487269768;LINESTRING( 632975.7634174171 4802974.948732719, 632835.141629748 4802982.049164687 )
355;6344332691;5244146868;230.85095381075703;5.555555555555555;420.0;1.0;car;41;;residential;542414039;LINESTRING( 631461.0366206465 4802943.1268890845, 631591.1323687098 4803133.073597228 )
356;5244146868;6344332691;230.85095381075703;5.555555555555555;420.0;1.0;car;41;;residential;542414039;LINESTRING( 631591.1323687098 4803133.073597228, 631461.0366206465 4802943.1268890845 )
357;5244146846;5244146845;84.57340592750376;5.555555555555555;420.0;1.0;car;26;;residential;542414034;LINESTRING( 631559.5369371392 4803326.761625201, 631638.5162682941 4803296.513877508 )
358;5244146845;5244146846;84.57340592750376;5.555555555555555;420.0;1.0;car;26;;residential;542414034;LINESTRING( 631638.5162682941 4803296.513877508, 631559.5369371392 4803326.761625201 )
359;5244146856;5244146855;68.39128425456809;5.555555555555555;420.0;1.0;car;443;;residential;542414035;LINESTRING( 631864.8545362456 4803333.434651112, 631815.2184687549 4803380.48386541 )
36;4833980808;10600534783;445.6967200402419;5.555555555555555;420.0;1.0;car;82;;residential;1137159130;LINESTRING( 635086.9837380104 4803893.184778685, 635247.660044098 4804307.035538605 )
360;5244146855;5244146856;68.39128425456809;5.555555555555555;420.0;1.0;car;894;;residential;542414035;LINESTRING( 631815.2184687549 4803380.48386541, 631864.8545362456 4803333.434651112 )
361;1959466317;1959466495;3681.9013047814456;5.555555555555555;420.0;1.0;car;153;;unclassified;185357188;LINESTRING( 637325.4520575338 4806649.940537289, 637053.7214715639 4803017.129195796 )
362;1959466495;1959466317;3681.9013047814456;5.555555555555555;420.0;1.0;car;153;;unclassified;185357188;LINESTRING( 637053.7214715639 4803017.129195796, 637325.4520575338 4806649.940537289 )
363;5244146879;5244146880;154.02775240994228;5.555555555555555;420.0;1.0;car;22;;residential;542414044;LINESTRING( 630541.9991172822 4802701.2809386095, 630675.7265439399 4802624.851076174 )
364;5244146880;5244146879;154.02775240994228;5.555555555555555;420.0;1.0;car;22;;residential;542414044;LINESTRING( 630675.7265439399 4802624.851076174, 630541.9991172822 4802701.2809386095 )
365;5244146883;5244146882;361.4486732017963;5.555555555555555;420.0;1.0;car;32;;residential;542414045;LINESTRING( 630192.7641628103 4802639.050854734, 630427.2568114903 4802363.990241279 )
366;5244146882;5244146883;361.4486732017963;5.555555555555555;420.0;1.0;car;8;;residential;542414045;LINESTRING( 630427.2568114903 4802363.990241279, 630192.7641628103 4802639.050854734 )
367;6342394779;6342394778;99.76964564599186;5.555555555555555;420.0;1.0;car;254;;unclassified;677352662;LINESTRING( 631155.0406795152 4801794.0761732375, 631250.0882388183 4801763.746183682 )
368;6342394778;6342394779;99.76964564599186;5.555555555555555;420.0;1.0;car;166;;unclassified;677352662;LINESTRING( 631250.0882388183 4801763.746183682, 631155.0406795152 4801794.0761732375 )
369;5244146885;5244146884;78.52928968222355;5.555555555555555;420.0;1.0;car;34;;residential;542414046;LINESTRING( 630146.8031707072 4802927.934608032, 630186.9368417913 4802995.433776792 )
37;10600534783;4833980808;445.6967200402419;5.555555555555555;420.0;1.0;car;49;;residential;1137159130;LINESTRING( 635247.660044098 4804307.035538605, 635086.9837380104 4803893.184778685 )
370;5244146884;5244146885;78.52928968222355;5.555555555555555;420.0;1.0;car;7;;residential;542414046;LINESTRING( 630186.9368417913 4802995.433776792, 630146.8031707072 4802927.934608032 )
371;5244146887;5244146886;107.59349882367088;5.555555555555555;420.0;1.0;car;6;;residential;542414047;LINESTRING( 630200.4886240392 4802865.0087961415, 630251.8044580749 4802959.576476489 )
372;5244146886;5244146887;107.59349882367088;5.555555555555555;420.0;1.0;car;8;;residential;542414047;LINESTRING( 630251.8044580749 4802959.576476489, 630200.4886240392 4802865.0087961415 )
373;5244146874;5244146872;234.1309838273142;5.555555555555555;420.0;1.0;car;51;;residential;542414040;LINESTRING( 631401.5562933711 4802987.921169515, 631507.1075952674 4803194.6873450205 )
374;5244146872;5244146874;234.1309838273142;5.555555555555555;420.0;1.0;car;51;;residential;542414040;LINESTRING( 631507.1075952674 4803194.6873450205, 631401.5562933711 4802987.921169515 )
375;4797637144;4797651866;79.44295380020625;5.555555555555555;420.0;1.0;car;977;;residential;487257479;LINESTRING( 632376.1368088647 4803494.6834810395, 632455.2235378041 4803488.845045043 )
376;4797651866;4797637144;79.44295380020625;5.555555555555555;420.0;1.0;car;335;;residential;487257479;LINESTRING( 632455.2235378041 4803488.845045043, 632376.1368088647 4803494.6834810395 )
377;4797651866;4797637145;235.65946629933256;5.555555555555555;420.0;1.0;car;40;;residential;487257479;LINESTRING( 632455.2235378041 4803488.845045043, 632687.6236051685 4803449.786208073 )
378;4797637145;4797651866;235.65946629933256;5.555555555555555;420.0;1.0;car;40;;residential;487257479;LINESTRING( 632687.6236051685 4803449.786208073, 632455.2235378041 4803488.845045043 )
379;5244146876;5244146875;107.27584345254824;5.555555555555555;420.0;1.0;car;13;;residential;542414041;LINESTRING( 631321.7893969889 4802857.939157162, 631390.3044219039 4802940.484889634 )
38;4800159500;4800157270;228.8711475170328;5.555555555555555;420.0;1.0;car;212;;residential;677350465;LINESTRING( 631730.1743908048 4801690.180217607, 631917.5714078965 4801785.347159967 )
380;5244146875;5244146876;107.27584345254824;5.555555555555555;420.0;1.0;car;13;;residential;542414041;LINESTRING( 631390.3044219039 4802940.484889634, 631321.7893969889 4802857.939157162 )
381;7007731755;7007731756;21.902416648144396;5.555555555555555;420.0;1.0;car;0;;unclassified;749370407;LINESTRING( 633655.0163501921 4802393.0543475915, 633676.5301612633 4802388.946819354 )
382;7007731756;7007731755;21.902416648144396;5.555555555555555;420.0;1.0;car;0;;unclassified;749370407;LINESTRING( 633676.5301612633 4802388.946819354, 633655.0163501921 4802393.0543475915 )
383;2015570253;5244146877;114.82395626063663;5.555555555555555;420.0;1.0;car;817;;residential;542414042;LINESTRING( 631732.1084228382 4803497.485074213, 631839.3013550825 4803456.324216493 )
384;5244146877;2015570253;114.82395626063663;5.555555555555555;420.0;1.0;car;699;;residential;542414042;LINESTRING( 631839.3013550825 4803456.324216493, 631732.1084228382 4803497.485074213 )
385;5244146877;5244146878;28.7261209040087;5.555555555555555;420.0;1.0;car;4;;residential;542414042;LINESTRING( 631839.3013550825 4803456.324216493, 631866.1181918145 4803446.026290009 )
386;5244146878;5244146877;28.7261209040087;5.555555555555555;420.0;1.0;car;4;;residential;542414042;LINESTRING( 631866.1181918145 4803446.026290009, 631839.3013550825 4803456.324216493 )
387;3795446060;2843407111;117.31879775971282;5.555555555555555;420.0;1.0;car;656;;residential;542414043;LINESTRING( 632054.9684979311 4803885.084260666, 632032.127303798 4804000.13812893 )
388;2843407111;3795446060;117.31879775971282;5.555555555555555;420.0;1.0;car;295;;residential;542414043;LINESTRING( 632032.127303798 4804000.13812893, 632054.9684979311 4803885.084260666 )
389;5244141504;5244141503;129.85775242979963;5.555555555555555;420.0;1.0;car;121;;unclassified;542414020;LINESTRING( 630653.7600079861 4802489.4183418425, 630766.3872670041 4802427.125199949 )
39;4800157270;4800159500;228.8711475170328;5.555555555555555;420.0;1.0;car;67;;residential;677350465;LINESTRING( 631917.5714078965 4801785.347159967, 631730.1743908048 4801690.180217607 )
390;5244141503;5244141504;129.85775242979963;5.555555555555555;420.0;1.0;car;117;;unclassified;542414020;LINESTRING( 630766.3872670041 4802427.125199949, 630653.7600079861 4802489.4183418425 )
391;5730439381;6344448360;189.3720204141663;5.555555555555555;420.0;1.0;car;22;;residential;542414021;LINESTRING( 630347.3856786975 4802338.952126474, 630226.5065347516 4802484.706391658 )
392;6344448360;5730439381;189.3720204141663;5.555555555555555;420.0;1.0;car;10;;residential;542414021;LINESTRING( 630226.5065347516 4802484.706391658, 630347.3856786975 4802338.952126474 )
393;6344448360;5244146897;130.6636285496018;5.555555555555555;420.0;1.0;car;14;;residential;542414021;LINESTRING( 630226.5065347516 4802484.706391658, 630162.7325733562 4802595.299324691 )
394;5244146897;6344448360;130.6636285496018;5.555555555555555;420.0;1.0;car;16;;residential;542414021;LINESTRING( 630162.7325733562 4802595.299324691, 630226.5065347516 4802484.706391658 )
395;5244141510;5244141512;76.99384718405459;5.555555555555555;420.0;1.0;car;81;;residential;542414022;LINESTRING( 630431.9319139723 4801760.756037425, 630500.8624481417 4801727.589877223 )
396;5244141512;5244141510;76.99384718405459;5.555555555555555;420.0;1.0;car;155;;residential;542414022;LINESTRING( 630500.8624481417 4801727.589877223, 630431.9319139723 4801760.756037425 )
397;6342423602;5244141513;16.884181384489494;5.555555555555555;420.0;1.0;car;3;;residential;542414023;LINESTRING( 630454.0526472272 4801609.199143149, 630470.3664770254 4801604.847759652 )
398;5244141513;6342423602;16.884181384489494;5.555555555555555;420.0;1.0;car;3;;residential;542414023;LINESTRING( 630470.3664770254 4801604.847759652, 630454.0526472272 4801609.199143149 )
399;5244141513;5244141511;65.76986406842019;5.555555555555555;420.0;1.0;car;52;;residential;542414023;LINESTRING( 630470.3664770254 4801604.847759652, 630533.5775826139 4801586.681000176 )
4;9958346384;12922898765;75.71751776785362;19.444444444444443;1275.0;1.0;car;5026;;primary;1396178741;LINESTRING( 633605.139918198 4803979.221406942, 633532.3719083992 4804000.1475966135 )
40;4800157270;10580857976;308.7434023154828;5.555555555555555;420.0;1.0;car;265;;residential;677350465;LINESTRING( 631917.5714078965 4801785.347159967, 632054.7906305538 4802061.921514177 )
400;5244141511;5244141513;65.76986406842019;5.555555555555555;420.0;1.0;car;126;;residential;542414023;LINESTRING( 630533.5775826139 4801586.681000176, 630470.3664770254 4801604.847759652 )
401;4797729456;6344444896;9.895132649957993;5.555555555555555;420.0;1.0;car;83;;residential;677587184;LINESTRING( 630067.3543223768 4803021.928211306, 630073.7726226707 4803014.397004796 )
402;6344444896;4797729456;9.895132649957993;5.555555555555555;420.0;1.0;car;67;;residential;677587184;LINESTRING( 630073.7726226707 4803014.397004796, 630067.3543223768 4803021.928211306 )
403;6344444896;5244146885;113.1999261985598;5.555555555555555;420.0;1.0;car;37;;residential;677587184;LINESTRING( 630073.7726226707 4803014.397004796, 630146.8031707072 4802927.934608032 )
404;5244146885;6344444896;113.1999261985598;5.555555555555555;420.0;1.0;car;12;;residential;677587184;LINESTRING( 630146.8031707072 4802927.934608032, 630073.7726226707 4803014.397004796 )
405;5244146885;5244146887;82.71508750854154;5.555555555555555;420.0;1.0;car;11;;residential;677587184;LINESTRING( 630146.8031707072 4802927.934608032, 630200.4886240392 4802865.0087961415 )
406;5244146887;5244146885;82.71508750854154;5.555555555555555;420.0;1.0;car;13;;residential;677587184;LINESTRING( 630200.4886240392 4802865.0087961415, 630146.8031707072 4802927.934608032 )
407;5244146887;5244146889;80.31533426986319;5.555555555555555;420.0;1.0;car;18;;residential;677587184;LINESTRING( 630200.4886240392 4802865.0087961415, 630252.241251011 4802803.590407035 )
408;5244146889;5244146887;80.31533426986319;5.555555555555555;420.0;1.0;car;18;;residential;677587184;LINESTRING( 630252.241251011 4802803.590407035, 630200.4886240392 4802865.0087961415 )
409;5244146889;5244146894;80.01195495464171;5.555555555555555;420.0;1.0;car;30;;residential;677587184;LINESTRING( 630252.241251011 4802803.590407035, 630303.7958451854 4802742.401872528 )
41;10580857976;4800157270;308.7434023154828;5.555555555555555;420.0;1.0;car;40;;residential;677350465;LINESTRING( 632054.7906305538 4802061.921514177, 631917.5714078965 4801785.347159967 )
410;5244146894;5244146889;80.01195495464171;5.555555555555555;420.0;1.0;car;27;;residential;677587184;LINESTRING( 630303.7958451854 4802742.401872528, 630252.241251011 4802803.590407035 )
411;5244146894;5244146891;85.6009491378274;5.555555555555555;420.0;1.0;car;19;;residential;677587184;LINESTRING( 630303.7958451854 4802742.401872528, 630358.9515975565 4802676.939169607 )
412;5244146891;5244146894;85.6009491378274;5.555555555555555;420.0;1.0;car;112;;residential;677587184;LINESTRING( 630358.9515975565 4802676.939169607, 630303.7958451854 4802742.401872528 )
413;5244146891;4797729458;77.0989423747797;5.555555555555555;420.0;1.0;car;25;;residential;677587184;LINESTRING( 630358.9515975565 4802676.939169607, 630408.6331871889 4802617.981671637 )
414;4797729458;5244146891;77.0989423747797;5.555555555555555;420.0;1.0;car;68;;residential;677587184;LINESTRING( 630408.6331871889 4802617.981671637, 630358.9515975565 4802676.939169607 )
415;4797729458;4962330110;81.27642435782414;5.555555555555555;420.0;1.0;car;19;;residential;677587184;LINESTRING( 630408.6331871889 4802617.981671637, 630460.588788106 4802555.479890144 )
416;4962330110;4797729458;81.27642435782414;5.555555555555555;420.0;1.0;car;89;;residential;677587184;LINESTRING( 630460.588788106 4802555.479890144, 630408.6331871889 4802617.981671637 )
417;4962330110;4797729459;136.36367519698038;5.555555555555555;420.0;1.0;car;16;;residential;677587184;LINESTRING( 630460.588788106 4802555.479890144, 630547.7483371706 4802450.607277323 )
418;4797729459;4962330110;136.36367519698038;5.555555555555555;420.0;1.0;car;16;;residential;677587184;LINESTRING( 630547.7483371706 4802450.607277323, 630460.588788106 4802555.479890144 )
419;5244141493;10569488250;269.4988047120366;5.555555555555555;420.0;1.0;car;211;;residential;542414017;LINESTRING( 630114.8518319055 4801753.879833218, 629952.021588654 4801539.227062053 )
42;10580857976;4800142932;250.2459267613893;5.555555555555555;420.0;1.0;car;266;;residential;677350465;LINESTRING( 632054.7906305538 4802061.921514177, 632174.5466630483 4802281.652068588 )
420;10569488250;5244141493;269.4988047120366;5.555555555555555;420.0;1.0;car;183;;residential;542414017;LINESTRING( 629952.021588654 4801539.227062053, 630114.8518319055 4801753.879833218 )
421;10569488250;10569488503;66.8585118870987;5.555555555555555;420.0;1.0;car;116;;residential;542414017;LINESTRING( 629952.021588654 4801539.227062053, 629918.5245880566 4801488.144496809 )
422;10569488503;10569488250;66.8585118870987;5.555555555555555;420.0;1.0;car;164;;residential;542414017;LINESTRING( 629918.5245880566 4801488.144496809, 629952.021588654 4801539.227062053 )
423;10569488503;10569488362;34.26652838600702;5.555555555555555;420.0;1.0;car;110;;residential;542414017;LINESTRING( 629918.5245880566 4801488.144496809, 629902.3655745961 4801461.236986007 )
424;10569488362;10569488503;34.26652838600702;5.555555555555555;420.0;1.0;car;119;;residential;542414017;LINESTRING( 629902.3655745961 4801461.236986007, 629918.5245880566 4801488.144496809 )
425;10569488362;10569488366;25.159668994316753;5.555555555555555;420.0;1.0;car;99;;residential;542414017;LINESTRING( 629902.3655745961 4801461.236986007, 629895.8849336752 4801436.926283895 )
426;10569488366;10569488362;25.159668994316753;5.555555555555555;420.0;1.0;car;107;;residential;542414017;LINESTRING( 629895.8849336752 4801436.926283895, 629902.3655745961 4801461.236986007 )
427;10569488366;10569488410;80.17493178922751;5.555555555555555;420.0;1.0;car;99;;residential;542414017;LINESTRING( 629895.8849336752 4801436.926283895, 629867.3034300779 4801362.01889214 )
428;10569488410;10569488366;80.17493178922751;5.555555555555555;420.0;1.0;car;108;;residential;542414017;LINESTRING( 629867.3034300779 4801362.01889214, 629895.8849336752 4801436.926283895 )
429;10569488410;10569488517;60.22195017162451;5.555555555555555;420.0;1.0;car;87;;residential;542414017;LINESTRING( 629867.3034300779 4801362.01889214, 629848.4339016519 4801304.82952093 )
43;4800142932;10580857976;250.2459267613893;5.555555555555555;420.0;1.0;car;45;;residential;677350465;LINESTRING( 632174.5466630483 4802281.652068588, 632054.7906305538 4802061.921514177 )
430;10569488517;10569488410;60.22195017162451;5.555555555555555;420.0;1.0;car;92;;residential;542414017;LINESTRING( 629848.4339016519 4801304.82952093, 629867.3034300779 4801362.01889214 )
431;10569488517;5244141486;84.06701345257083;5.555555555555555;420.0;1.0;car;97;;residential;542414017;LINESTRING( 629848.4339016519 4801304.82952093, 629822.9805193392 4801225.7051462075 )
432;5244141486;10569488517;84.06701345257083;5.555555555555555;420.0;1.0;car;109;;residential;542414017;LINESTRING( 629822.9805193392 4801225.7051462075, 629848.4339016519 4801304.82952093 )
433;4833979494;7008032225;450.55270378745354;5.555555555555555;420.0;1.0;car;64;;residential;749403199;LINESTRING( 635027.3457001476 4804404.376403069, 634862.300431415 4803985.166695721 )
434;7008032225;4833979494;450.55270378745354;5.555555555555555;420.0;1.0;car;79;;residential;749403199;LINESTRING( 634862.300431415 4803985.166695721, 635027.3457001476 4804404.376403069 )
435;7008032225;7008032224;347.97983454620316;5.555555555555555;420.0;1.0;car;107;;residential;749403199;LINESTRING( 634862.300431415 4803985.166695721, 634731.9246534489 4803662.557007515 )
436;7008032224;7008032225;347.97983454620316;5.555555555555555;420.0;1.0;car;121;;residential;749403199;LINESTRING( 634731.9246534489 4803662.557007515, 634862.300431415 4803985.166695721 )
437;2679393252;2679393245;159.17808088690984;5.555555555555555;420.0;1.0;car;32;;residential;1153091631;LINESTRING( 633872.361508729 4804766.780217527, 633873.0269202276 4804613.405886269 )
438;2679393245;2679393252;159.17808088690984;5.555555555555555;420.0;1.0;car;7;;residential;1153091631;LINESTRING( 633873.0269202276 4804613.405886269, 633872.361508729 4804766.780217527 )
439;5244141498;5244141494;342.2421036382227;5.555555555555555;420.0;1.0;car;44;;residential;542414018;LINESTRING( 630091.8339141572 4801764.1579434, 630269.7214301814 4802056.340794257 )
44;4800142932;4800173063;250.7065158785604;5.555555555555555;420.0;1.0;car;268;;residential;677350465;LINESTRING( 632174.5466630483 4802281.652068588, 632267.621035396 4802510.762050908 )
440;5244141494;5244141498;342.2421036382227;5.555555555555555;420.0;1.0;car;44;;residential;542414018;LINESTRING( 630269.7214301814 4802056.340794257, 630091.8339141572 4801764.1579434 )
441;10211631600;10211647322;492.24072534977233;8.333333333333334;750.0;1.0;car;26;;secondary;1396751318;LINESTRING( 633740.4243729254 4801001.131910562, 633458.2999790305 4801404.432776438 )
442;10211647322;10211631600;492.24072534977233;8.333333333333334;750.0;1.0;car;2952;;secondary;1396751318;LINESTRING( 633458.2999790305 4801404.432776438, 633740.4243729254 4801001.131910562 )
443;3321563192;10578176744;12.650479243051677;5.555555555555555;420.0;1.0;car;93;;residential;542414019;LINESTRING( 630421.6342150182 4802099.143323489, 630432.8916356885 4802093.372265967 )
444;10578176744;3321563192;12.650479243051677;5.555555555555555;420.0;1.0;car;223;;residential;542414019;LINESTRING( 630432.8916356885 4802093.372265967, 630421.6342150182 4802099.143323489 )
445;10578176744;5244141501;148.35779759765185;5.555555555555555;420.0;1.0;car;76;;residential;542414019;LINESTRING( 630432.8916356885 4802093.372265967, 630564.8963829259 4802025.661241644 )
446;5244141501;10578176744;148.35779759765185;5.555555555555555;420.0;1.0;car;305;;residential;542414019;LINESTRING( 630564.8963829259 4802025.661241644, 630432.8916356885 4802093.372265967 )
447;12759303812;10211631600;377.1407519751549;8.333333333333334;750.0;1.0;car;18;;secondary;1396751319;LINESTRING( 633959.0731369351 4800693.842301092, 633740.4243729254 4801001.131910562 )
448;10211631600;12759303812;377.1407519751549;8.333333333333334;750.0;1.0;car;29;;secondary;1396751319;LINESTRING( 633740.4243729254 4801001.131910562, 633959.0731369351 4800693.842301092 )
449;5244146825;5244146824;131.1684285147065;5.555555555555555;420.0;1.0;car;84;;residential;542414028;LINESTRING( 630284.2638419998 4801466.551591794, 630169.338206758 4801529.775440169 )
45;4800173063;4800142932;250.7065158785604;5.555555555555555;420.0;1.0;car;118;;residential;677350465;LINESTRING( 632267.621035396 4802510.762050908, 632174.5466630483 4802281.652068588 )
450;5244146824;5244146825;131.1684285147065;5.555555555555555;420.0;1.0;car;30;;residential;542414028;LINESTRING( 630169.338206758 4801529.775440169, 630284.2638419998 4801466.551591794 )
451;5244146824;10569488066;234.61583159169595;5.555555555555555;420.0;1.0;car;117;;residential;542414028;LINESTRING( 630169.338206758 4801529.775440169, 629989.8170695078 4801460.306824126 )
452;10569488066;5244146824;234.61583159169595;5.555555555555555;420.0;1.0;car;66;;residential;542414028;LINESTRING( 629989.8170695078 4801460.306824126, 630169.338206758 4801529.775440169 )
453;10569488066;10569488064;127.65118568286093;5.555555555555555;420.0;1.0;car;9;;residential;542414028;LINESTRING( 629989.8170695078 4801460.306824126, 630109.4307872532 4801415.890326054 )
454;10569488064;10569488066;127.65118568286093;5.555555555555555;420.0;1.0;car;1;;residential;542414028;LINESTRING( 630109.4307872532 4801415.890326054, 629989.8170695078 4801460.306824126 )
455;5244146831;5244146830;194.40388898815965;5.555555555555555;420.0;1.0;car;56;;residential;542414029;LINESTRING( 630167.1522456327 4800951.785739794, 630247.9112248902 4801128.621424324 )
456;5244146830;5244146831;194.40388898815965;5.555555555555555;420.0;1.0;car;5;;residential;542414029;LINESTRING( 630247.9112248902 4801128.621424324, 630167.1522456327 4800951.785739794 )
457;5244146826;5244146827;12.730492670544116;5.555555555555555;420.0;1.0;car;118;;residential;542414030;LINESTRING( 629898.1819396649 4800988.575974007, 629907.2714398028 4800979.662701271 )
458;5244146827;5244146826;12.730492670544116;5.555555555555555;420.0;1.0;car;92;;residential;542414030;LINESTRING( 629907.2714398028 4800979.662701271, 629898.1819396649 4800988.575974007 )
459;5244146827;10569489821;31.98723429673434;5.555555555555555;420.0;1.0;car;130;;residential;542414030;LINESTRING( 629907.2714398028 4800979.662701271, 629938.5111241557 4800973.685830528 )
46;4800173063;4800158650;40.24664406380663;5.555555555555555;420.0;1.0;car;541;;residential;677350465;LINESTRING( 632267.621035396 4802510.762050908, 632263.0937102742 4802550.747434851 )
460;10569489821;5244146827;31.98723429673434;5.555555555555555;420.0;1.0;car;105;;residential;542414030;LINESTRING( 629938.5111241557 4800973.685830528, 629907.2714398028 4800979.662701271 )
461;10569489821;5244146833;100.50224733785807;5.555555555555555;420.0;1.0;car;143;;residential;542414030;LINESTRING( 629938.5111241557 4800973.685830528, 630038.924596331 4800977.826799707 )
462;5244146833;10569489821;100.50224733785807;5.555555555555555;420.0;1.0;car;114;;residential;542414030;LINESTRING( 630038.924596331 4800977.826799707, 629938.5111241557 4800973.685830528 )
463;5244146833;6344304917;28.769763201802935;5.555555555555555;420.0;1.0;car;90;;residential;542414030;LINESTRING( 630038.924596331 4800977.826799707, 630067.1192388802 4800972.103041657 )
464;6344304917;5244146833;28.769763201802935;5.555555555555555;420.0;1.0;car;105;;residential;542414030;LINESTRING( 630067.1192388802 4800972.103041657, 630038.924596331 4800977.826799707 )
465;6344304917;5244146831;102.07543874474017;5.555555555555555;420.0;1.0;car;75;;residential;542414030;LINESTRING( 630067.1192388802 4800972.103041657, 630167.1522456327 4800951.785739794 )
466;5244146831;6344304917;102.07543874474017;5.555555555555555;420.0;1.0;car;26;;residential;542414030;LINESTRING( 630167.1522456327 4800951.785739794, 630067.1192388802 4800972.103041657 )
467;5244146831;5244146832;125.12793572660465;5.555555555555555;420.0;1.0;car;58;;residential;542414030;LINESTRING( 630167.1522456327 4800951.785739794, 630290.0392312022 4800928.210560541 )
468;5244146832;5244146831;125.12793572660465;5.555555555555555;420.0;1.0;car;51;;residential;542414030;LINESTRING( 630290.0392312022 4800928.210560541, 630167.1522456327 4800951.785739794 )
469;5244146836;6344304948;31.109998194048682;5.555555555555555;420.0;1.0;car;75;;residential;542414031;LINESTRING( 630326.971476687 4801075.350630955, 630301.3365922681 4801092.976880938 )
47;4800158650;4800173063;40.24664406380663;5.555555555555555;420.0;1.0;car;267;;residential;677350465;LINESTRING( 632263.0937102742 4802550.747434851, 632267.621035396 4802510.762050908 )
470;6344304948;5244146836;31.109998194048682;5.555555555555555;420.0;1.0;car;156;;residential;542414031;LINESTRING( 630301.3365922681 4801092.976880938, 630326.971476687 4801075.350630955 )
471;6344304948;5244146830;64.24827636216216;5.555555555555555;420.0;1.0;car;79;;residential;542414031;LINESTRING( 630301.3365922681 4801092.976880938, 630247.9112248902 4801128.621424324 )
472;5244146830;6344304948;64.24827636216216;5.555555555555555;420.0;1.0;car;160;;residential;542414031;LINESTRING( 630247.9112248902 4801128.621424324, 630301.3365922681 4801092.976880938 )
473;5244146830;5244146834;119.42408043649766;5.555555555555555;420.0;1.0;car;124;;residential;542414031;LINESTRING( 630247.9112248902 4801128.621424324, 630145.2644950042 4801189.66042687 )
474;5244146834;5244146830;119.42408043649766;5.555555555555555;420.0;1.0;car;154;;residential;542414031;LINESTRING( 630145.2644950042 4801189.66042687, 630247.9112248902 4801128.621424324 )
475;10569488250;10569488247;360.04172923323597;5.555555555555555;420.0;1.0;car;76;;unclassified;1133637386;LINESTRING( 629952.021588654 4801539.227062053, 629658.0721574319 4801705.931196517 )
476;10569488247;10569488250;360.04172923323597;5.555555555555555;420.0;1.0;car;0;;unclassified;1133637386;LINESTRING( 629658.0721574319 4801705.931196517, 629952.021588654 4801539.227062053 )
477;10569488247;10569488505;118.23454655380775;5.555555555555555;420.0;1.0;car;48;;unclassified;1133637386;LINESTRING( 629658.0721574319 4801705.931196517, 629608.7416421928 4801624.8166017365 )
478;10569488505;10569488247;118.23454655380775;5.555555555555555;420.0;1.0;car;38;;unclassified;1133637386;LINESTRING( 629608.7416421928 4801624.8166017365, 629658.0721574319 4801705.931196517 )
479;2679393212;2679393205;122.96654676444862;5.555555555555555;420.0;1.0;car;49;;residential;262276926;LINESTRING( 633753.1164064375 4804147.391050751, 633865.9296000366 4804098.462991592 )
48;4800158650;4800142927;469.6087820836581;5.555555555555555;420.0;1.0;car;682;;residential;677350465;LINESTRING( 632263.0937102742 4802550.747434851, 632297.6892248614 4803013.303131081 )
480;2679393205;2679393212;122.96654676444862;5.555555555555555;420.0;1.0;car;116;;residential;262276926;LINESTRING( 633865.9296000366 4804098.462991592, 633753.1164064375 4804147.391050751 )
481;2679393205;2679393197;126.32285384491738;5.555555555555555;420.0;1.0;car;31;;residential;262276926;LINESTRING( 633865.9296000366 4804098.462991592, 633981.3686050199 4804047.166797464 )
482;2679393197;2679393205;126.32285384491738;5.555555555555555;420.0;1.0;car;137;;residential;262276926;LINESTRING( 633981.3686050199 4804047.166797464, 633865.9296000366 4804098.462991592 )
483;2679393197;2679393191;127.70084504310886;5.555555555555555;420.0;1.0;car;36;;residential;262276926;LINESTRING( 633981.3686050199 4804047.166797464, 634099.2615570019 4803998.087701122 )
484;2679393191;2679393197;127.70084504310886;5.555555555555555;420.0;1.0;car;36;;residential;262276926;LINESTRING( 634099.2615570019 4803998.087701122, 633981.3686050199 4804047.166797464 )
485;5244141514;5244141513;49.53970007093427;5.555555555555555;420.0;1.0;car;14;;residential;542414024;LINESTRING( 630443.6896619772 4801563.104144308, 630470.3664770254 4801604.847759652 )
486;5244141513;5244141514;49.53970007093427;5.555555555555555;420.0;1.0;car;14;;residential;542414024;LINESTRING( 630470.3664770254 4801604.847759652, 630443.6896619772 4801563.104144308 )
487;5244141513;5244141512;126.95444091080778;5.555555555555555;420.0;1.0;car;150;;residential;542414024;LINESTRING( 630470.3664770254 4801604.847759652, 630500.8624481417 4801727.589877223 )
488;5244141512;5244141513;126.95444091080778;5.555555555555555;420.0;1.0;car;76;;residential;542414024;LINESTRING( 630500.8624481417 4801727.589877223, 630470.3664770254 4801604.847759652 )
489;5244141516;5244141511;123.28003288761906;5.555555555555555;420.0;1.0;car;126;;residential;542414025;LINESTRING( 630499.6378368548 4801468.46069607, 630533.5775826139 4801586.681000176 )
49;4800142927;4800158650;469.6087820836581;5.555555555555555;420.0;1.0;car;691;;residential;677350465;LINESTRING( 632297.6892248614 4803013.303131081, 632263.0937102742 4802550.747434851 )
490;5244141511;5244141516;123.28003288761906;5.555555555555555;420.0;1.0;car;52;;residential;542414025;LINESTRING( 630533.5775826139 4801586.681000176, 630499.6378368548 4801468.46069607 )
491;5244141511;5244141515;70.42781750509211;5.555555555555555;420.0;1.0;car;15;;residential;542414025;LINESTRING( 630533.5775826139 4801586.681000176, 630558.2947274959 4801652.629011726 )
492;5244141515;5244141511;70.42781750509211;5.555555555555555;420.0;1.0;car;15;;residential;542414025;LINESTRING( 630558.2947274959 4801652.629011726, 630533.5775826139 4801586.681000176 )
495;2679393241;5937710489;342.41524191790455;5.555555555555555;420.0;1.0;car;98;;residential;262276924;LINESTRING( 634414.0325679947 4804580.419526578, 634555.9907492165 4804892.02195385 )
496;5937710489;2679393241;342.41524191790455;5.555555555555555;420.0;1.0;car;345;;residential;262276924;LINESTRING( 634555.9907492165 4804892.02195385, 634414.0325679947 4804580.419526578 )
497;5937710489;10603272799;42.42977590993464;5.555555555555555;420.0;1.0;car;700;;residential;262276924;LINESTRING( 634555.9907492165 4804892.02195385, 634573.7386849732 4804930.561500554 )
498;10603272799;5937710489;42.42977590993464;5.555555555555555;420.0;1.0;car;403;;residential;262276924;LINESTRING( 634573.7386849732 4804930.561500554, 634555.9907492165 4804892.02195385 )
499;10603272799;2679393256;14.245393328437398;5.555555555555555;420.0;1.0;car;433;;residential;262276924;LINESTRING( 634573.7386849732 4804930.561500554, 634579.6959715146 4804943.501437499 )
5;12759303922;6344352897;70.63925709429945;12.5;2400.0;2.0;car;1933;;trunk_link;1396178740;LINESTRING( 633447.6562620604 4804097.109842442, 633438.6904439286 4804027.083143425 )
50;4800142927;7869367187;291.3153605713229;5.555555555555555;420.0;1.0;car;763;;residential;677350465;LINESTRING( 632297.6892248614 4803013.303131081, 632354.0868652076 4803298.8030538 )
500;2679393256;10603272799;14.245393328437398;5.555555555555555;420.0;1.0;car;385;;residential;262276924;LINESTRING( 634579.6959715146 4804943.501437499, 634573.7386849732 4804930.561500554 )
501;2679393256;2679393260;205.08038059519453;5.555555555555555;420.0;1.0;car;384;;residential;262276924;LINESTRING( 634579.6959715146 4804943.501437499, 634661.8857961243 4805129.247829453 )
502;2679393260;2679393256;205.08038059519453;5.555555555555555;420.0;1.0;car;336;;residential;262276924;LINESTRING( 634661.8857961243 4805129.247829453, 634579.6959715146 4804943.501437499 )
503;2679393260;4833973726;57.918178726862806;5.555555555555555;420.0;1.0;car;625;;residential;262276924;LINESTRING( 634661.8857961243 4805129.247829453, 634690.8009577545 4805179.431779626 )
504;4833973726;2679393260;57.918178726862806;5.555555555555555;420.0;1.0;car;328;;residential;262276924;LINESTRING( 634690.8009577545 4805179.431779626, 634661.8857961243 4805129.247829453 )
505;5244141520;5244141519;200.1104826674736;5.555555555555555;420.0;1.0;car;206;;residential;542414026;LINESTRING( 630486.5485361579 4801383.839386254, 630670.846032985 4801305.873766031 )
506;5244141519;5244141520;200.1104826674736;5.555555555555555;420.0;1.0;car;227;;residential;542414026;LINESTRING( 630670.846032985 4801305.873766031, 630486.5485361579 4801383.839386254 )
507;5244141519;5244141518;132.58693448719097;5.555555555555555;420.0;1.0;car;312;;residential;542414026;LINESTRING( 630670.846032985 4801305.873766031, 630794.0812239886 4801256.96177471 )
508;5244141518;5244141519;132.58693448719097;5.555555555555555;420.0;1.0;car;272;;residential;542414026;LINESTRING( 630794.0812239886 4801256.96177471, 630670.846032985 4801305.873766031 )
509;5244141518;5244141517;132.16822345634287;5.555555555555555;420.0;1.0;car;35;;residential;542414026;LINESTRING( 630794.0812239886 4801256.96177471, 630916.446574575 4801207.013003279 )
51;7869367187;4800142927;291.3153605713229;5.555555555555555;420.0;1.0;car;586;;residential;677350465;LINESTRING( 632354.0868652076 4803298.8030538, 632297.6892248614 4803013.303131081 )
510;5244141517;5244141518;132.16822345634287;5.555555555555555;420.0;1.0;car;35;;residential;542414026;LINESTRING( 630916.446574575 4801207.013003279, 630794.0812239886 4801256.96177471 )
511;6344425813;11234774013;65.09095726019466;5.555555555555555;420.0;1.0;car;358;;residential;677585149;LINESTRING( 631097.9039852873 4804724.50581771, 631067.9661410892 4804666.708255462 )
512;11234774013;6344425813;65.09095726019466;5.555555555555555;420.0;1.0;car;358;;residential;677585149;LINESTRING( 631067.9661410892 4804666.708255462, 631097.9039852873 4804724.50581771 )
513;11234774013;6344425810;80.57670080491016;5.555555555555555;420.0;1.0;car;343;;residential;677585149;LINESTRING( 631067.9661410892 4804666.708255462, 631030.6994212607 4804596.114381271 )
514;6344425810;11234774013;80.57670080491016;5.555555555555555;420.0;1.0;car;343;;residential;677585149;LINESTRING( 631030.6994212607 4804596.114381271, 631067.9661410892 4804666.708255462 )
515;6344425810;6344425811;215.39135622811997;5.555555555555555;420.0;1.0;car;52;;residential;677585149;LINESTRING( 631030.6994212607 4804596.114381271, 630819.2846228075 4804626.668821586 )
516;6344425811;6344425810;215.39135622811997;5.555555555555555;420.0;1.0;car;52;;residential;677585149;LINESTRING( 630819.2846228075 4804626.668821586, 631030.6994212607 4804596.114381271 )
517;3321563166;6342415631;173.41040195066074;5.555555555555555;420.0;1.0;car;32;;residential;542414027;LINESTRING( 630539.3378165923 4801170.714666267, 630485.2361174485 4801006.077085816 )
518;6342415631;3321563166;173.41040195066074;5.555555555555555;420.0;1.0;car;46;;residential;542414027;LINESTRING( 630485.2361174485 4801006.077085816, 630539.3378165923 4801170.714666267 )
519;6342415631;6342415708;30.176428826052366;5.555555555555555;420.0;1.0;car;13;;residential;542414027;LINESTRING( 630485.2361174485 4801006.077085816, 630461.6174898645 4801014.131590024 )
52;7869367187;4800144408;172.29727126791988;5.555555555555555;420.0;1.0;car;970;;residential;677350465;LINESTRING( 632354.0868652076 4803298.8030538, 632372.8994106831 4803470.044560642 )
520;6342415708;6342415631;30.176428826052366;5.555555555555555;420.0;1.0;car;13;;residential;542414027;LINESTRING( 630461.6174898645 4801014.131590024, 630485.2361174485 4801006.077085816 )
521;11234774010;11234774013;87.25357491146042;5.555555555555555;420.0;1.0;car;11;;residential;1212628184;LINESTRING( 630981.3605829639 4804669.139054234, 631067.9661410892 4804666.708255462 )
522;11234774013;11234774010;87.25357491146042;5.555555555555555;420.0;1.0;car;11;;residential;1212628184;LINESTRING( 631067.9661410892 4804666.708255462, 630981.3605829639 4804669.139054234 )
523;2843407122;2843407113;91.40010069436127;5.555555555555555;420.0;1.0;car;85;;residential;280184851;LINESTRING( 631917.2613271992 4804124.593513337, 631891.3948242874 4804036.941181812 )
524;2843407113;2843407122;91.40010069436127;5.555555555555555;420.0;1.0;car;77;;residential;280184851;LINESTRING( 631891.3948242874 4804036.941181812, 631917.2613271992 4804124.593513337 )
525;2843407113;5244147137;71.35029360221091;5.555555555555555;420.0;1.0;car;89;;residential;280184851;LINESTRING( 631891.3948242874 4804036.941181812, 631875.8246462585 4803967.310484895 )
526;5244147137;2843407113;71.35029360221091;5.555555555555555;420.0;1.0;car;97;;residential;280184851;LINESTRING( 631875.8246462585 4803967.310484895, 631891.3948242874 4804036.941181812 )
527;5244147137;2015570274;63.19634944206951;5.555555555555555;420.0;1.0;car;146;;residential;280184851;LINESTRING( 631875.8246462585 4803967.310484895, 631861.677546157 4803905.717967967 )
528;2015570274;5244147137;63.19634944206951;5.555555555555555;420.0;1.0;car;187;;residential;280184851;LINESTRING( 631861.677546157 4803905.717967967, 631875.8246462585 4803967.310484895 )
529;2015570274;5244147136;122.8145708958273;5.555555555555555;420.0;1.0;car;134;;residential;280184851;LINESTRING( 631861.677546157 4803905.717967967, 631829.1320644757 4803787.294108688 )
53;4800144408;7869367187;172.29727126791988;5.555555555555555;420.0;1.0;car;648;;residential;677350465;LINESTRING( 632372.8994106831 4803470.044560642, 632354.0868652076 4803298.8030538 )
530;5244147136;2015570274;122.8145708958273;5.555555555555555;420.0;1.0;car;163;;residential;280184851;LINESTRING( 631829.1320644757 4803787.294108688, 631861.677546157 4803905.717967967 )
531;5244147136;2015570263;177.20262739181464;5.555555555555555;420.0;1.0;car;123;;residential;280184851;LINESTRING( 631829.1320644757 4803787.294108688, 631770.9084913947 4803619.929875077 )
532;2015570263;5244147136;177.20262739181464;5.555555555555555;420.0;1.0;car;667;;residential;280184851;LINESTRING( 631770.9084913947 4803619.929875077, 631829.1320644757 4803787.294108688 )
533;2015570263;2015570253;128.44522014700377;5.555555555555555;420.0;1.0;car;253;;residential;280184851;LINESTRING( 631770.9084913947 4803619.929875077, 631732.1084228382 4803497.485074213 )
534;2015570253;2015570263;128.44522014700377;5.555555555555555;420.0;1.0;car;644;;residential;280184851;LINESTRING( 631732.1084228382 4803497.485074213, 631770.9084913947 4803619.929875077 )
535;2015570253;5244147122;50.876584724957965;5.555555555555555;420.0;1.0;car;694;;residential;280184851;LINESTRING( 631732.1084228382 4803497.485074213, 631712.0693914964 4803450.72115547 )
536;5244147122;2015570253;50.876584724957965;5.555555555555555;420.0;1.0;car;1203;;residential;280184851;LINESTRING( 631712.0693914964 4803450.72115547, 631732.1084228382 4803497.485074213 )
537;5244147122;5244146914;90.63970295885676;5.555555555555555;420.0;1.0;car;367;;residential;280184851;LINESTRING( 631712.0693914964 4803450.72115547, 631676.3624682648 4803367.41106373 )
538;5244146914;5244147122;90.63970295885676;5.555555555555555;420.0;1.0;car;849;;residential;280184851;LINESTRING( 631676.3624682648 4803367.41106373, 631712.0693914964 4803450.72115547 )
539;5244146914;5244146845;80.6660669991315;5.555555555555555;420.0;1.0;car;45;;residential;280184851;LINESTRING( 631676.3624682648 4803367.41106373, 631638.5162682941 4803296.513877508 )
54;4800144408;4797637144;24.850697079565037;5.555555555555555;420.0;1.0;car;1639;;residential;677350465;LINESTRING( 632372.8994106831 4803470.044560642, 632376.1368088647 4803494.6834810395 )
540;5244146845;5244146914;80.6660669991315;5.555555555555555;420.0;1.0;car;45;;residential;280184851;LINESTRING( 631638.5162682941 4803296.513877508, 631676.3624682648 4803367.41106373 )
541;6344318243;10580858922;29.426756134847828;5.555555555555555;420.0;1.0;car;24;;residential;1135050502;LINESTRING( 632304.5573420932 4801232.496357681, 632295.5293751389 4801260.072592325 )
542;10580858922;6344318243;29.426756134847828;5.555555555555555;420.0;1.0;car;0;;residential;1135050502;LINESTRING( 632295.5293751389 4801260.072592325, 632304.5573420932 4801232.496357681 )
543;10580858922;13572819201;151.7624662954116;5.555555555555555;420.0;1.0;car;22;;residential;1135050502;LINESTRING( 632295.5293751389 4801260.072592325, 632181.6552723616 4801267.433634197 )
544;13572819201;10580858922;151.7624662954116;5.555555555555555;420.0;1.0;car;33;;residential;1135050502;LINESTRING( 632181.6552723616 4801267.433634197, 632295.5293751389 4801260.072592325 )
545;2679393238;10603273298;93.93430064976745;5.555555555555555;420.0;1.0;car;5;;residential;1138977602;LINESTRING( 634475.2260653526 4804552.561934906, 634516.9530329133 4804636.719602511 )
546;10603273298;2679393238;93.93430064976745;5.555555555555555;420.0;1.0;car;5;;residential;1138977602;LINESTRING( 634516.9530329133 4804636.719602511, 634475.2260653526 4804552.561934906 )
547;5244147140;2015570280;347.16404554088376;5.555555555555555;420.0;1.0;car;440;;residential;542414064;LINESTRING( 630812.5364584625 4803682.377961103, 630993.7307185645 4803977.247894468 )
548;2015570280;5244147140;347.16404554088376;5.555555555555555;420.0;1.0;car;383;;residential;542414064;LINESTRING( 630993.7307185645 4803977.247894468, 630812.5364584625 4803682.377961103 )
55;4797637144;4800144408;24.850697079565037;5.555555555555555;420.0;1.0;car;780;;residential;677350465;LINESTRING( 632376.1368088647 4803494.6834810395, 632372.8994106831 4803470.044560642 )
551;12450909036;12376106566;69.77437943026115;5.555555555555555;420.0;1.0;car;0;;unclassified;1346142356;LINESTRING( 634546.9743611182 4800855.233055799, 634550.9723353784 4800924.884554634 )
552;12376106566;12450909036;69.77437943026115;5.555555555555555;420.0;1.0;car;0;;unclassified;1346142356;LINESTRING( 634550.9723353784 4800924.884554634, 634546.9743611182 4800855.233055799 )
553;12376106573;12376106576;96.59660136246865;5.555555555555555;420.0;1.0;car;6;;unclassified;1346142357;LINESTRING( 634394.3697792464 4801023.09542953, 634387.3058583892 4801115.402809039 )
554;12376106576;12376106573;96.59660136246865;5.555555555555555;420.0;1.0;car;6;;unclassified;1346142357;LINESTRING( 634387.3058583892 4801115.402809039, 634394.3697792464 4801023.09542953 )
555;12376106573;11915846567;194.66599255728963;5.555555555555555;420.0;1.0;car;254;;unclassified;1346142358;LINESTRING( 634394.3697792464 4801023.09542953, 634279.1561384719 4801175.071424757 )
556;11915846567;12376106573;194.66599255728963;5.555555555555555;420.0;1.0;car;254;;unclassified;1346142358;LINESTRING( 634279.1561384719 4801175.071424757, 634394.3697792464 4801023.09542953 )
557;5244146905;5244146904;114.58946616244722;5.555555555555555;420.0;1.0;car;26;;residential;542414053;LINESTRING( 631214.8984870398 4803756.0508373175, 631314.4681003024 4803699.335426095 )
558;5244146904;5244146905;114.58946616244722;5.555555555555555;420.0;1.0;car;26;;residential;542414053;LINESTRING( 631314.4681003024 4803699.335426095, 631214.8984870398 4803756.0508373175 )
559;5244146907;5244146906;126.19534149642743;5.555555555555555;420.0;1.0;car;24;;residential;542414054;LINESTRING( 631157.942165045 4803463.740741804, 631221.4970262229 4803572.763876212 )
56;4797637144;4797630252;91.7138441306062;5.555555555555555;420.0;1.0;car;761;;residential;677350465;LINESTRING( 632376.1368088647 4803494.6834810395, 632385.8019214941 4803585.886632318 )
560;5244146906;5244146907;126.19534149642743;5.555555555555555;420.0;1.0;car;24;;residential;542414054;LINESTRING( 631221.4970262229 4803572.763876212, 631157.942165045 4803463.740741804 )
561;10569488363;10569488362;47.13645238480367;5.555555555555555;420.0;1.0;car;10;;unclassified;1133637411;LINESTRING( 629858.8927202014 4801443.259401427, 629902.3655745961 4801461.236986007 )
562;10569488362;10569488363;47.13645238480367;5.555555555555555;420.0;1.0;car;9;;unclassified;1133637411;LINESTRING( 629902.3655745961 4801461.236986007, 629858.8927202014 4801443.259401427 )
563;5244146912;5244146908;268.4872733052541;5.555555555555555;420.0;1.0;car;290;;residential;542414055;LINESTRING( 631158.1095388683 4803236.722314586, 631366.4948867356 4803358.913764912 )
564;5244146908;5244146912;268.4872733052541;5.555555555555555;420.0;1.0;car;209;;residential;542414055;LINESTRING( 631366.4948867356 4803358.913764912, 631158.1095388683 4803236.722314586 )
565;5244146889;5244146888;132.1141024910884;5.555555555555555;420.0;1.0;car;13;;residential;542414048;LINESTRING( 630252.241251011 4802803.590407035, 630314.7264147431 4802919.9937591795 )
566;5244146888;5244146889;132.1141024910884;5.555555555555555;420.0;1.0;car;16;;residential;542414048;LINESTRING( 630314.7264147431 4802919.9937591795, 630252.241251011 4802803.590407035 )
567;5937710508;5937710507;416.70404989401027;5.555555555555555;420.0;1.0;car;36;;residential;628898248;LINESTRING( 635175.9749643265 4805000.583166513, 635031.4251615118 4804609.753766769 )
568;5937710507;5937710508;416.70404989401027;5.555555555555555;420.0;1.0;car;13;;residential;628898248;LINESTRING( 635031.4251615118 4804609.753766769, 635175.9749643265 4805000.583166513 )
569;5937710507;4833981556;204.87265614214795;5.555555555555555;420.0;1.0;car;115;;residential;628898248;LINESTRING( 635031.4251615118 4804609.753766769, 634951.4936360864 4804430.358636498 )
57;4797630252;4797637144;91.7138441306062;5.555555555555555;420.0;1.0;car;544;;residential;677350465;LINESTRING( 632385.8019214941 4803585.886632318, 632376.1368088647 4803494.6834810395 )
570;4833981556;5937710507;204.87265614214795;5.555555555555555;420.0;1.0;car;52;;residential;628898248;LINESTRING( 634951.4936360864 4804430.358636498, 635031.4251615118 4804609.753766769 )
571;10569488370;10569488367;103.43843790273934;5.555555555555555;420.0;1.0;car;4;;unclassified;1133637413;LINESTRING( 629722.4863298313 4801427.542536135, 629806.0701824649 4801426.6579928445 )
572;10569488367;10569488370;103.43843790273934;5.555555555555555;420.0;1.0;car;4;;unclassified;1133637413;LINESTRING( 629806.0701824649 4801426.6579928445, 629722.4863298313 4801427.542536135 )
573;5244146891;5244146890;188.51788844613284;5.555555555555555;420.0;1.0;car;19;;residential;542414049;LINESTRING( 630358.9515975565 4802676.939169607, 630447.4859547206 4802843.374327749 )
574;5244146890;5244146891;188.51788844613284;5.555555555555555;420.0;1.0;car;69;;residential;542414049;LINESTRING( 630447.4859547206 4802843.374327749, 630358.9515975565 4802676.939169607 )
575;5937710509;10724730997;53.32652616024116;5.555555555555555;420.0;1.0;car;60;;residential;628898249;LINESTRING( 634877.8683563757 4804461.33022824, 634895.7712930249 4804511.56172485 )
576;10724730997;5937710509;53.32652616024116;5.555555555555555;420.0;1.0;car;163;;residential;628898249;LINESTRING( 634895.7712930249 4804511.56172485, 634877.8683563757 4804461.33022824 )
577;10724730997;5937710504;135.97966599172332;5.555555555555555;420.0;1.0;car;52;;residential;628898249;LINESTRING( 634895.7712930249 4804511.56172485, 634941.4131546238 4804639.652669233 )
578;5937710504;10724730997;135.97966599172332;5.555555555555555;420.0;1.0;car;62;;residential;628898249;LINESTRING( 634941.4131546238 4804639.652669233, 634895.7712930249 4804511.56172485 )
579;5937710504;5923638537;419.3561414006216;5.555555555555555;420.0;1.0;car;77;;residential;628898249;LINESTRING( 634941.4131546238 4804639.652669233, 635084.1309339489 4805033.976405261 )
58;6342425292;6342426575;152.6016455854128;5.555555555555555;420.0;1.0;car;483;;residential;677355647;LINESTRING( 630711.8916309517 4802318.549101823, 630847.872707065 4802249.298471807 )
580;5923638537;5937710504;419.3561414006216;5.555555555555555;420.0;1.0;car;46;;residential;628898249;LINESTRING( 635084.1309339489 4805033.976405261, 634941.4131546238 4804639.652669233 )
581;6344292385;10583215543;349.04100680352815;5.555555555555555;210.0;1.0;car;31;;living_street;677571799;LINESTRING( 631222.0357915119 4802308.923704054, 630939.6128459123 4802414.413521766 )
582;10583215543;6344292385;349.04100680352815;5.555555555555555;210.0;1.0;car;104;;living_street;677571799;LINESTRING( 630939.6128459123 4802414.413521766, 631222.0357915119 4802308.923704054 )
583;10569488366;10569488363;37.53041746847901;5.555555555555555;420.0;1.0;car;1;;unclassified;1133637412;LINESTRING( 629895.8849336752 4801436.926283895, 629858.8927202014 4801443.259401427 )
584;10569488363;10569488366;37.53041746847901;5.555555555555555;420.0;1.0;car;0;;unclassified;1133637412;LINESTRING( 629858.8927202014 4801443.259401427, 629895.8849336752 4801436.926283895 )
585;10569488363;10569488364;92.83509864836343;5.555555555555555;420.0;1.0;car;8;;unclassified;1133637412;LINESTRING( 629858.8927202014 4801443.259401427, 629774.7858544689 4801481.962348801 )
586;10569488364;10569488363;92.83509864836343;5.555555555555555;420.0;1.0;car;8;;unclassified;1133637412;LINESTRING( 629774.7858544689 4801481.962348801, 629858.8927202014 4801443.259401427 )
587;5244146897;5244146883;55.834876174300675;5.555555555555555;420.0;1.0;car;114;;residential;542414050;LINESTRING( 630162.7325733562 4802595.299324691, 630192.7641628103 4802639.050854734 )
588;5244146883;5244146897;55.834876174300675;5.555555555555555;420.0;1.0;car;64;;residential;542414050;LINESTRING( 630192.7641628103 4802639.050854734, 630162.7325733562 4802595.299324691 )
589;5244146883;5244146895;77.81495105368347;5.555555555555555;420.0;1.0;car;119;;residential;542414050;LINESTRING( 630192.7641628103 4802639.050854734, 630249.928573229 4802691.846657493 )
59;6342426575;6342425292;152.6016455854128;5.555555555555555;420.0;1.0;car;274;;residential;677355647;LINESTRING( 630847.872707065 4802249.298471807, 630711.8916309517 4802318.549101823 )
590;5244146895;5244146883;77.81495105368347;5.555555555555555;420.0;1.0;car;93;;residential;542414050;LINESTRING( 630249.928573229 4802691.846657493, 630192.7641628103 4802639.050854734 )
591;5244146895;5244146894;73.87498057680578;5.555555555555555;420.0;1.0;car;189;;residential;542414050;LINESTRING( 630249.928573229 4802691.846657493, 630303.7958451854 4802742.401872528 )
592;5244146894;5244146895;73.87498057680578;5.555555555555555;420.0;1.0;car;138;;residential;542414050;LINESTRING( 630303.7958451854 4802742.401872528, 630249.928573229 4802691.846657493 )
593;5244146894;5244146892;159.9389604631133;5.555555555555555;420.0;1.0;car;194;;residential;542414050;LINESTRING( 630303.7958451854 4802742.401872528, 630382.6609237227 4802881.530410829 )
594;5244146892;5244146894;159.9389604631133;5.555555555555555;420.0;1.0;car;47;;residential;542414050;LINESTRING( 630382.6609237227 4802881.530410829, 630303.7958451854 4802742.401872528 )
595;5244146899;5244146898;79.9778217457745;5.555555555555555;420.0;1.0;car;24;;unclassified;542414051;LINESTRING( 631463.693259921 4803425.697598017, 631396.5516499097 4803469.153968968 )
596;5244146898;5244146899;79.9778217457745;5.555555555555555;420.0;1.0;car;24;;unclassified;542414051;LINESTRING( 631396.5516499097 4803469.153968968, 631463.693259921 4803425.697598017 )
597;5244147130;5244147127;253.83560299730226;5.555555555555555;420.0;1.0;car;185;;residential;542414060;LINESTRING( 632009.2022196947 4803461.218805718, 632130.4650721803 4803683.790351166 )
598;5244147127;5244147130;253.83560299730226;5.555555555555555;420.0;1.0;car;140;;residential;542414060;LINESTRING( 632130.4650721803 4803683.790351166, 632009.2022196947 4803461.218805718 )
599;5244147127;5244147124;93.10867693207547;5.555555555555555;420.0;1.0;car;126;;residential;542414060;LINESTRING( 632130.4650721803 4803683.790351166, 632114.8497348243 4803750.423176935 )
6;6344352897;12759303922;70.63925709429945;12.5;1200.0;1.0;car;49;;trunk_link;1396178740;LINESTRING( 633438.6904439286 4804027.083143425, 633447.6562620604 4804097.109842442 )
60;6342426575;6342425290;131.7619660869857;5.555555555555555;420.0;1.0;car;440;;residential;677355647;LINESTRING( 630847.872707065 4802249.298471807, 630967.8860961815 4802195.183944535 )
600;5244147124;5244147127;93.10867693207547;5.555555555555555;420.0;1.0;car;121;;residential;542414060;LINESTRING( 632114.8497348243 4803750.423176935, 632130.4650721803 4803683.790351166 )
601;5937710498;5937710497;208.24205176597474;5.555555555555555;420.0;1.0;car;38;;residential;628898244;LINESTRING( 635234.0282907824 4804314.773167568, 635299.5851491736 4804512.427032801 )
602;5937710497;5937710498;208.24205176597474;5.555555555555555;420.0;1.0;car;39;;residential;628898244;LINESTRING( 635299.5851491736 4804512.427032801, 635234.0282907824 4804314.773167568 )
603;5937710497;5923638536;428.3144614662529;5.555555555555555;420.0;1.0;car;41;;residential;628898244;LINESTRING( 635299.5851491736 4804512.427032801, 635444.2398742579 4804915.575006146 )
604;5923638536;5937710497;428.3144614662529;5.555555555555555;420.0;1.0;car;22;;residential;628898244;LINESTRING( 635444.2398742579 4804915.575006146, 635299.5851491736 4804512.427032801 )
605;5937710495;5937710502;424.36629437617324;5.555555555555555;420.0;1.0;car;46;;residential;628898245;LINESTRING( 635356.741894453 4804943.441086395, 635209.2306578081 4804545.537597008 )
606;5937710502;5937710495;424.36629437617324;5.555555555555555;420.0;1.0;car;18;;residential;628898245;LINESTRING( 635209.2306578081 4804545.537597008, 635356.741894453 4804943.441086395 )
607;5937710502;5937710500;196.43466458971363;5.555555555555555;420.0;1.0;car;49;;residential;628898245;LINESTRING( 635209.2306578081 4804545.537597008, 635141.2650732372 4804361.235516807 )
608;5937710500;5937710502;196.43466458971363;5.555555555555555;420.0;1.0;car;45;;residential;628898245;LINESTRING( 635141.2650732372 4804361.235516807, 635209.2306578081 4804545.537597008 )
609;5244147136;5244147135;134.88649921592457;5.555555555555555;420.0;1.0;car;619;;residential;542414062;LINESTRING( 631829.1320644757 4803787.294108688, 631950.2203835826 4803727.8635892 )
61;6342425290;6342426575;131.7619660869857;5.555555555555555;420.0;1.0;car;264;;residential;677355647;LINESTRING( 630967.8860961815 4802195.183944535, 630847.872707065 4802249.298471807 )
610;5244147135;5244147136;134.88649921592457;5.555555555555555;420.0;1.0;car;104;;residential;542414062;LINESTRING( 631950.2203835826 4803727.8635892, 631829.1320644757 4803787.294108688 )
611;5244147135;5244147134;132.1894899571701;5.555555555555555;420.0;1.0;car;103;;residential;542414062;LINESTRING( 631950.2203835826 4803727.8635892, 632078.6019879413 4803696.363987339 )
612;5244147134;5244147135;132.1894899571701;5.555555555555555;420.0;1.0;car;94;;residential;542414062;LINESTRING( 632078.6019879413 4803696.363987339, 631950.2203835826 4803727.8635892 )
613;5244147134;5244147127;53.36549290853769;5.555555555555555;420.0;1.0;car;13;;residential;542414062;LINESTRING( 632078.6019879413 4803696.363987339, 632130.4650721803 4803683.790351166 )
614;5244147127;5244147134;53.36549290853769;5.555555555555555;420.0;1.0;car;53;;residential;542414062;LINESTRING( 632130.4650721803 4803683.790351166, 632078.6019879413 4803696.363987339 )
615;5244147127;5244147133;38.10941383738233;5.555555555555555;420.0;1.0;car;8;;residential;542414062;LINESTRING( 632130.4650721803 4803683.790351166, 632167.4999366837 4803674.804460323 )
616;5244147133;5244147127;38.10941383738233;5.555555555555555;420.0;1.0;car;8;;residential;542414062;LINESTRING( 632167.4999366837 4803674.804460323, 632130.4650721803 4803683.790351166 )
617;4800156840;4800156841;110.63997864424724;5.555555555555555;420.0;1.0;car;257;;residential;487560628;LINESTRING( 632200.757558902 4803027.427055456, 632185.4580076374 4802917.860362773 )
618;4800156841;4800156840;110.63997864424724;5.555555555555555;420.0;1.0;car;279;;residential;487560628;LINESTRING( 632185.4580076374 4802917.860362773, 632200.757558902 4803027.427055456 )
619;5937710505;5937710504;97.68702166104184;5.555555555555555;420.0;1.0;car;70;;residential;628898247;LINESTRING( 634849.1001124209 4804671.606643012, 634941.4131546238 4804639.652669233 )
62;6342424655;6342424895;52.31968343082771;5.555555555555555;420.0;1.0;car;151;;unclassified;677355644;LINESTRING( 630964.8492930959 4802043.974096526, 631002.0273622278 4802077.735453285 )
620;5937710504;5937710505;97.68702166104184;5.555555555555555;420.0;1.0;car;2;;residential;628898247;LINESTRING( 634941.4131546238 4804639.652669233, 634849.1001124209 4804671.606643012 )
621;5937710504;5937710507;94.84780309835581;5.555555555555555;420.0;1.0;car;42;;residential;628898247;LINESTRING( 634941.4131546238 4804639.652669233, 635031.4251615118 4804609.753766769 )
622;5937710507;5937710504;94.84780309835581;5.555555555555555;420.0;1.0;car;15;;residential;628898247;LINESTRING( 635031.4251615118 4804609.753766769, 634941.4131546238 4804639.652669233 )
623;5937710507;5937710503;95.70892616334119;5.555555555555555;420.0;1.0;car;60;;residential;628898247;LINESTRING( 635031.4251615118 4804609.753766769, 635121.5645513693 4804577.580968577 )
624;5937710503;5937710507;95.70892616334119;5.555555555555555;420.0;1.0;car;73;;residential;628898247;LINESTRING( 635121.5645513693 4804577.580968577, 635031.4251615118 4804609.753766769 )
625;5937710503;5937710502;93.338758721549;5.555555555555555;420.0;1.0;car;47;;residential;628898247;LINESTRING( 635121.5645513693 4804577.580968577, 635209.2306578081 4804545.537597008 )
626;5937710502;5937710503;93.338758721549;5.555555555555555;420.0;1.0;car;48;;residential;628898247;LINESTRING( 635209.2306578081 4804545.537597008, 635121.5645513693 4804577.580968577 )
627;5937710502;5937710497;96.23015936807153;5.555555555555555;420.0;1.0;car;56;;residential;628898247;LINESTRING( 635209.2306578081 4804545.537597008, 635299.5851491736 4804512.427032801 )
628;5937710497;5937710502;96.23015936807153;5.555555555555555;420.0;1.0;car;33;;residential;628898247;LINESTRING( 635299.5851491736 4804512.427032801, 635209.2306578081 4804545.537597008 )
629;5937710497;5937710501;100.0564157368645;5.555555555555555;420.0;1.0;car;32;;residential;628898247;LINESTRING( 635299.5851491736 4804512.427032801, 635393.5326088029 4804478.000863114 )
63;6342424895;6342424655;52.31968343082771;5.555555555555555;420.0;1.0;car;114;;unclassified;677355644;LINESTRING( 631002.0273622278 4802077.735453285, 630964.8492930959 4802043.974096526 )
630;5937710501;5937710497;100.0564157368645;5.555555555555555;420.0;1.0;car;29;;residential;628898247;LINESTRING( 635393.5326088029 4804478.000863114, 635299.5851491736 4804512.427032801 )
631;5244146915;5244146914;217.27106051203654;5.555555555555555;420.0;1.0;car;827;;residential;542414056;LINESTRING( 631475.8739633546 4803451.143214872, 631676.3624682648 4803367.41106373 )
632;5244146914;5244146915;217.27106051203654;5.555555555555555;420.0;1.0;car;345;;residential;542414056;LINESTRING( 631676.3624682648 4803367.41106373, 631475.8739633546 4803451.143214872 )
633;5937710489;5937710488;183.12147330716186;5.555555555555555;420.0;1.0;car;124;;residential;628898240;LINESTRING( 634555.9907492165 4804892.02195385, 634385.2131075755 4804954.483553972 )
634;5937710488;5937710489;183.12147330716186;5.555555555555555;420.0;1.0;car;668;;residential;628898240;LINESTRING( 634385.2131075755 4804954.483553972, 634555.9907492165 4804892.02195385 )
635;5937710488;5937710487;125.2310336402842;5.555555555555555;420.0;1.0;car;75;;residential;628898240;LINESTRING( 634385.2131075755 4804954.483553972, 634270.5344424599 4805004.798716239 )
636;5937710487;5937710488;125.2310336402842;5.555555555555555;420.0;1.0;car;669;;residential;628898240;LINESTRING( 634270.5344424599 4805004.798716239, 634385.2131075755 4804954.483553972 )
637;5937710487;5937710486;128.77353358852585;5.555555555555555;420.0;1.0;car;61;;residential;628898240;LINESTRING( 634270.5344424599 4805004.798716239, 634151.4048390503 4805053.6941203615 )
638;5937710486;5937710487;128.77353358852585;5.555555555555555;420.0;1.0;car;513;;residential;628898240;LINESTRING( 634151.4048390503 4805053.6941203615, 634270.5344424599 4805004.798716239 )
639;5937710486;5937710485;217.56586118916036;5.555555555555555;420.0;1.0;car;91;;residential;628898240;LINESTRING( 634151.4048390503 4805053.6941203615, 633955.3824751807 4805147.840083279 )
64;6342424895;10578216785;22.03868080700053;5.555555555555555;420.0;1.0;car;72;;unclassified;677355644;LINESTRING( 631002.0273622278 4802077.735453285, 631002.9892681345 4802099.62960964 )
640;5937710485;5937710486;217.56586118916036;5.555555555555555;420.0;1.0;car;131;;residential;628898240;LINESTRING( 633955.3824751807 4805147.840083279, 634151.4048390503 4805053.6941203615 )
641;5937710493;5937710492;131.33273758363399;5.555555555555555;420.0;1.0;car;19;;residential;628898241;LINESTRING( 634316.6234871452 4804787.254429476, 634198.1878155927 4804843.840136003 )
642;5937710492;5937710493;131.33273758363399;5.555555555555555;420.0;1.0;car;20;;residential;628898241;LINESTRING( 634198.1878155927 4804843.840136003, 634316.6234871452 4804787.254429476 )
643;5937710492;5937710491;126.09879183674032;5.555555555555555;420.0;1.0;car;23;;residential;628898241;LINESTRING( 634198.1878155927 4804843.840136003, 634082.3517155523 4804893.668875 )
644;5937710491;5937710492;126.09879183674032;5.555555555555555;420.0;1.0;car;188;;residential;628898241;LINESTRING( 634082.3517155523 4804893.668875, 634198.1878155927 4804843.840136003 )
645;5937710491;5937710490;102.44730757082188;5.555555555555555;420.0;1.0;car;28;;residential;628898241;LINESTRING( 634082.3517155523 4804893.668875, 633987.6991392535 4804932.865056301 )
646;5937710490;5937710491;102.44730757082188;5.555555555555555;420.0;1.0;car;28;;residential;628898241;LINESTRING( 633987.6991392535 4804932.865056301, 634082.3517155523 4804893.668875 )
647;5244147121;5244146919;251.97755643486522;5.555555555555555;420.0;1.0;car;141;;residential;542414058;LINESTRING( 631406.2441030755 4803539.624409358, 631553.323430628 4803640.087827571 )
648;5244146919;5244147121;251.97755643486522;5.555555555555555;420.0;1.0;car;63;;residential;542414058;LINESTRING( 631553.323430628 4803640.087827571, 631406.2441030755 4803539.624409358 )
649;10569488410;10569488370;158.95074849199347;5.555555555555555;420.0;1.0;car;18;;unclassified;1133637423;LINESTRING( 629867.3034300779 4801362.01889214, 629722.4863298313 4801427.542536135 )
65;10578216785;6342424895;22.03868080700053;5.555555555555555;420.0;1.0;car;97;;unclassified;677355644;LINESTRING( 631002.9892681345 4802099.62960964, 631002.0273622278 4802077.735453285 )
650;10569488370;10569488410;158.95074849199347;5.555555555555555;420.0;1.0;car;22;;unclassified;1133637423;LINESTRING( 629722.4863298313 4801427.542536135, 629867.3034300779 4801362.01889214 )
651;10569488370;10569488409;86.20394214660357;5.555555555555555;420.0;1.0;car;7;;unclassified;1133637423;LINESTRING( 629722.4863298313 4801427.542536135, 629643.8911415266 4801462.953212731 )
652;10569488409;10569488370;86.20394214660357;5.555555555555555;420.0;1.0;car;11;;unclassified;1133637423;LINESTRING( 629643.8911415266 4801462.953212731, 629722.4863298313 4801427.542536135 )
653;5244147123;5244147122;221.34609990756604;5.555555555555555;420.0;1.0;car;392;;residential;542414059;LINESTRING( 631522.6383489502 4803565.219959238, 631712.0693914964 4803450.72115547 )
654;5244147122;5244147123;221.34609990756604;5.555555555555555;420.0;1.0;car;365;;residential;542414059;LINESTRING( 631712.0693914964 4803450.72115547, 631522.6383489502 4803565.219959238 )
655;5937710494;5937710503;415.9319417607159;5.555555555555555;420.0;1.0;car;44;;residential;628898243;LINESTRING( 635264.9347839532 4804968.022201781, 635121.5645513693 4804577.580968577 )
656;5937710503;5937710494;415.9319417607159;5.555555555555555;420.0;1.0;car;32;;residential;628898243;LINESTRING( 635121.5645513693 4804577.580968577, 635264.9347839532 4804968.022201781 )
657;7007761836;7007761837;24.80631954594051;5.555555555555555;420.0;1.0;car;0;;unclassified;749370389;LINESTRING( 633652.3978007196 4802367.649214909, 633676.6194743123 4802362.295336149 )
658;7007761837;7007761836;24.80631954594051;5.555555555555555;420.0;1.0;car;0;;unclassified;749370389;LINESTRING( 633676.6194743123 4802362.295336149, 633652.3978007196 4802367.649214909 )
659;6344318254;10580858922;34.415080902492384;5.555555555555555;420.0;1.0;car;16;;residential;1135050520;LINESTRING( 632282.8919144728 4801228.061775693, 632295.5293751389 4801260.072592325 )
66;10578216785;6342423952;20.51567495053007;5.555555555555555;420.0;1.0;car;85;;unclassified;677355644;LINESTRING( 631002.9892681345 4802099.62960964, 630985.9789452346 4802111.098778464 )
660;10580858922;6344318254;34.415080902492384;5.555555555555555;420.0;1.0;car;15;;residential;1135050520;LINESTRING( 632295.5293751389 4801260.072592325, 632282.8919144728 4801228.061775693 )
661;10580858922;4800161968;198.95305475474564;5.555555555555555;420.0;1.0;car;45;;residential;1135050520;LINESTRING( 632295.5293751389 4801260.072592325, 632421.1876298015 4801413.56212367 )
662;4800161968;10580858922;198.95305475474564;5.555555555555555;420.0;1.0;car;9;;residential;1135050520;LINESTRING( 632421.1876298015 4801413.56212367, 632295.5293751389 4801260.072592325 )
663;3321563199;4797729456;46.671858554615504;5.555555555555555;420.0;1.0;car;86;;residential;487265739;LINESTRING( 630091.9434871362 4803061.597284365, 630067.3543223768 4803021.928211306 )
664;4797729456;3321563199;46.671858554615504;5.555555555555555;420.0;1.0;car;70;;residential;487265739;LINESTRING( 630067.3543223768 4803021.928211306, 630091.9434871362 4803061.597284365 )
665;5190977842;10595530444;126.68073243566448;5.555555555555555;420.0;1.0;car;23;;unclassified;1136619384;LINESTRING( 630465.5860909777 4803128.4159982195, 630393.4507392232 4803024.279073943 )
666;10595530444;5190977842;126.68073243566448;5.555555555555555;420.0;1.0;car;23;;unclassified;1136619384;LINESTRING( 630393.4507392232 4803024.279073943, 630465.5860909777 4803128.4159982195 )
667;3321563183;3321563186;122.4803098196899;5.555555555555555;420.0;1.0;car;57;;tertiary;1154437125;LINESTRING( 630372.8739781713 4801643.096191123, 630260.3832575792 4801691.544762559 )
668;3321563186;3321563183;122.4803098196899;5.555555555555555;420.0;1.0;car;179;;tertiary;1154437125;LINESTRING( 630260.3832575792 4801691.544762559, 630372.8739781713 4801643.096191123 )
669;3321563186;3321563187;41.255841533976344;5.555555555555555;420.0;1.0;car;189;;tertiary;1154437125;LINESTRING( 630260.3832575792 4801691.544762559, 630222.4942504193 4801707.868597805 )
67;6342423952;10578216785;20.51567495053007;5.555555555555555;420.0;1.0;car;109;;unclassified;677355644;LINESTRING( 630985.9789452346 4802111.098778464, 631002.9892681345 4802099.62960964 )
670;3321563187;3321563186;41.255841533976344;5.555555555555555;420.0;1.0;car;227;;tertiary;1154437125;LINESTRING( 630222.4942504193 4801707.868597805, 630260.3832575792 4801691.544762559 )
671;3321563187;10569488076;24.33239741574811;5.555555555555555;420.0;1.0;car;410;;tertiary;1154437125;LINESTRING( 630222.4942504193 4801707.868597805, 630200.1219896052 4801717.436644108 )
672;10569488076;3321563187;24.33239741574811;5.555555555555555;420.0;1.0;car;430;;tertiary;1154437125;LINESTRING( 630200.1219896052 4801717.436644108, 630222.4942504193 4801707.868597805 )
673;10569488076;5244141493;92.73136376985035;5.555555555555555;420.0;1.0;car;398;;tertiary;1154437125;LINESTRING( 630200.1219896052 4801717.436644108, 630114.8518319055 4801753.879833218 )
674;5244141493;10569488076;92.73136376985035;5.555555555555555;420.0;1.0;car;418;;tertiary;1154437125;LINESTRING( 630114.8518319055 4801753.879833218, 630200.1219896052 4801717.436644108 )
675;5244141493;5244141498;25.208413007950394;5.555555555555555;420.0;1.0;car;205;;tertiary;1154437125;LINESTRING( 630114.8518319055 4801753.879833218, 630091.8339141572 4801764.1579434 )
676;5244141498;5244141493;25.208413007950394;5.555555555555555;420.0;1.0;car;253;;tertiary;1154437125;LINESTRING( 630091.8339141572 4801764.1579434, 630114.8518319055 4801753.879833218 )
677;5244141498;6344452464;39.35744823670028;5.555555555555555;420.0;1.0;car;166;;tertiary;1154437125;LINESTRING( 630091.8339141572 4801764.1579434, 630055.6869811416 4801779.727399564 )
678;6344452464;5244141498;39.35744823670028;5.555555555555555;420.0;1.0;car;214;;tertiary;1154437125;LINESTRING( 630055.6869811416 4801779.727399564, 630091.8339141572 4801764.1579434 )
679;6344452464;10569488078;2.821645434659344;5.555555555555555;420.0;1.0;car;96;;tertiary;1154437125;LINESTRING( 630055.6869811416 4801779.727399564, 630053.0957111338 4801780.844092318 )
68;6342423952;6342427422;52.887400811086216;5.555555555555555;420.0;1.0;car;89;;unclassified;677355644;LINESTRING( 630985.9789452346 4802111.098778464, 630976.4513696313 4802163.119890025 )
680;10569488078;6344452464;2.821645434659344;5.555555555555555;420.0;1.0;car;176;;tertiary;1154437125;LINESTRING( 630053.0957111338 4801780.844092318, 630055.6869811416 4801779.727399564 )
681;10569488078;10569488083;64.936476078492;5.555555555555555;420.0;1.0;car;80;;tertiary;1154437125;LINESTRING( 630053.0957111338 4801780.844092318, 629993.3630417777 4801806.314636522 )
682;10569488083;10569488078;64.936476078492;5.555555555555555;420.0;1.0;car;160;;tertiary;1154437125;LINESTRING( 629993.3630417777 4801806.314636522, 630053.0957111338 4801780.844092318 )
683;10569488083;10569488085;64.71325471552363;5.555555555555555;420.0;1.0;car;70;;tertiary;1154437125;LINESTRING( 629993.3630417777 4801806.314636522, 629933.8274568252 4801831.678379547 )
684;10569488085;10569488083;64.71325471552363;5.555555555555555;420.0;1.0;car;150;;tertiary;1154437125;LINESTRING( 629933.8274568252 4801831.678379547, 629993.3630417777 4801806.314636522 )
685;10569488085;10569488089;41.28430123779636;5.555555555555555;420.0;1.0;car;49;;tertiary;1154437125;LINESTRING( 629933.8274568252 4801831.678379547, 629895.8456080483 4801847.8577705175 )
686;10569488089;10569488085;41.28430123779636;5.555555555555555;420.0;1.0;car;69;;tertiary;1154437125;LINESTRING( 629895.8456080483 4801847.8577705175, 629933.8274568252 4801831.678379547 )
687;6344304917;10569487945;32.48889337673781;5.555555555555555;420.0;1.0;car;22;;residential;677572777;LINESTRING( 630067.1192388802 4800972.103041657, 630089.9966110738 4800949.034577591 )
688;10569487945;6344304917;32.48889337673781;5.555555555555555;420.0;1.0;car;86;;residential;677572777;LINESTRING( 630089.9966110738 4800949.034577591, 630067.1192388802 4800972.103041657 )
689;10569487945;10569487780;373.582006536567;5.555555555555555;420.0;1.0;car;19;;residential;677572777;LINESTRING( 630089.9966110738 4800949.034577591, 630356.7585164272 4800687.522776293 )
69;6342427422;6342423952;52.887400811086216;5.555555555555555;420.0;1.0;car;109;;unclassified;677355644;LINESTRING( 630976.4513696313 4802163.119890025, 630985.9789452346 4802111.098778464 )
690;10569487780;10569487945;373.582006536567;5.555555555555555;420.0;1.0;car;59;;residential;677572777;LINESTRING( 630356.7585164272 4800687.522776293, 630089.9966110738 4800949.034577591 )
691;10569488721;10569488509;159.16724288369807;5.555555555555555;420.0;1.0;car;29;;unclassified;1133637443;LINESTRING( 629546.2367505801 4801346.494523256, 629602.901339429 4801493.463886232 )
692;10569488509;10569488721;159.16724288369807;5.555555555555555;420.0;1.0;car;12;;unclassified;1133637443;LINESTRING( 629602.901339429 4801493.463886232, 629546.2367505801 4801346.494523256 )
693;10569488509;10569488505;132.821912305724;5.555555555555555;420.0;1.0;car;54;;unclassified;1133637443;LINESTRING( 629602.901339429 4801493.463886232, 629608.7416421928 4801624.8166017365 )
694;10569488505;10569488509;132.821912305724;5.555555555555555;420.0;1.0;car;25;;unclassified;1133637443;LINESTRING( 629608.7416421928 4801624.8166017365, 629602.901339429 4801493.463886232 )
695;10569488505;10569488503;338.68968169205897;5.555555555555555;420.0;1.0;car;44;;unclassified;1133637443;LINESTRING( 629608.7416421928 4801624.8166017365, 629918.5245880566 4801488.144496809 )
696;10569488503;10569488505;338.68968169205897;5.555555555555555;420.0;1.0;car;5;;unclassified;1133637443;LINESTRING( 629918.5245880566 4801488.144496809, 629608.7416421928 4801624.8166017365 )
697;7869367206;7869367190;107.83123848797004;5.555555555555555;420.0;1.0;car;40;;residential;487559642;LINESTRING( 632300.6700497768 4803409.191113199, 632265.1781974327 4803307.372461137 )
698;7869367190;7869367206;107.83123848797004;5.555555555555555;420.0;1.0;car;40;;residential;487559642;LINESTRING( 632265.1781974327 4803307.372461137, 632300.6700497768 4803409.191113199 )
699;7869367190;4800144410;294.73648015705237;5.555555555555555;420.0;1.0;car;177;;residential;487559642;LINESTRING( 632265.1781974327 4803307.372461137, 632169.2891182965 4803034.255308578 )
7;10569461106;10569461100;68.87066385464325;5.555555555555555;420.0;1.0;car;27;;unclassified;1133637525;LINESTRING( 629762.5202107767 4801019.767700882, 629712.9648762167 4800974.244254352 )
70;6342427422;6342424900;19.124067132659093;5.555555555555555;420.0;1.0;car;149;;unclassified;677355644;LINESTRING( 630976.4513696313 4802163.119890025, 630972.8611736002 4802181.90393741 )
700;4800144410;7869367190;294.73648015705237;5.555555555555555;420.0;1.0;car;322;;residential;487559642;LINESTRING( 632169.2891182965 4803034.255308578, 632265.1781974327 4803307.372461137 )
701;4800144410;6342369765;164.2165188151762;5.555555555555555;420.0;1.0;car;194;;residential;487559642;LINESTRING( 632169.2891182965 4803034.255308578, 632153.4581744748 4802893.39239824 )
702;6342369765;4800144410;164.2165188151762;5.555555555555555;420.0;1.0;car;299;;residential;487559642;LINESTRING( 632153.4581744748 4802893.39239824, 632169.2891182965 4803034.255308578 )
703;10569488518;10569488517;67.2541398565658;5.555555555555555;420.0;1.0;car;79;;unclassified;1133637444;LINESTRING( 629910.1560356703 4801278.118146947, 629848.4339016519 4801304.82952093 )
704;10569488517;10569488518;67.2541398565658;5.555555555555555;420.0;1.0;car;70;;unclassified;1133637444;LINESTRING( 629848.4339016519 4801304.82952093, 629910.1560356703 4801278.118146947 )
705;10569488517;10569488409;269.6799524636757;5.555555555555555;420.0;1.0;car;40;;unclassified;1133637444;LINESTRING( 629848.4339016519 4801304.82952093, 629643.8911415266 4801462.953212731 )
706;10569488409;10569488517;269.6799524636757;5.555555555555555;420.0;1.0;car;24;;unclassified;1133637444;LINESTRING( 629643.8911415266 4801462.953212731, 629848.4339016519 4801304.82952093 )
707;10569488409;10569488509;52.32961121322931;5.555555555555555;420.0;1.0;car;26;;unclassified;1133637444;LINESTRING( 629643.8911415266 4801462.953212731, 629602.901339429 4801493.463886232 )
708;10569488509;10569488409;52.32961121322931;5.555555555555555;420.0;1.0;car;14;;unclassified;1133637444;LINESTRING( 629602.901339429 4801493.463886232, 629643.8911415266 4801462.953212731 )
709;10569488509;10569488513;131.78357202247463;5.555555555555555;420.0;1.0;car;25;;unclassified;1133637444;LINESTRING( 629602.901339429 4801493.463886232, 629480.717164721 4801542.839358948 )
71;6342424900;6342427422;19.124067132659093;5.555555555555555;420.0;1.0;car;617;;unclassified;677355644;LINESTRING( 630972.8611736002 4802181.90393741, 630976.4513696313 4802163.119890025 )
710;10569488513;10569488509;131.78357202247463;5.555555555555555;420.0;1.0;car;25;;unclassified;1133637444;LINESTRING( 629480.717164721 4801542.839358948, 629602.901339429 4801493.463886232 )
711;6344443282;6344443283;74.17032762063583;5.555555555555555;420.0;1.0;car;51;;unclassified;677587125;LINESTRING( 630378.6497429856 4802970.554721498, 630340.6982378261 4802906.8293673955 )
712;6344443283;6344443282;74.17032762063583;5.555555555555555;420.0;1.0;car;177;;unclassified;677587125;LINESTRING( 630340.6982378261 4802906.8293673955, 630378.6497429856 4802970.554721498 )
713;10569489802;10569488557;27.663285472418657;5.555555555555555;420.0;1.0;car;22;;unclassified;1133637451;LINESTRING( 629845.7245541228 4801162.204545848, 629818.5249730673 4801167.248369154 )
714;10569488557;10569489802;27.663285472418657;5.555555555555555;420.0;1.0;car;10;;unclassified;1133637451;LINESTRING( 629818.5249730673 4801167.248369154, 629845.7245541228 4801162.204545848 )
715;5223441885;1959466495;654.9507206505009;19.444444444444443;1275.0;1.0;car;404;;primary;27464063;LINESTRING( 636420.7622357619 4803184.610801646, 637053.7214715639 4803017.129195796 )
716;1959466495;5223441885;654.9507206505009;19.444444444444443;1275.0;1.0;car;404;;primary;27464063;LINESTRING( 637053.7214715639 4803017.129195796, 636420.7622357619 4803184.610801646 )
717;1959466495;3697306307;2154.9758202460175;19.444444444444443;1275.0;1.0;car;230;;primary;27464063;LINESTRING( 637053.7214715639 4803017.129195796, 639192.7763736248 4802954.606669208 )
718;3697306307;1959466495;2154.9758202460175;19.444444444444443;1275.0;1.0;car;230;;primary;27464063;LINESTRING( 639192.7763736248 4802954.606669208, 637053.7214715639 4803017.129195796 )
719;7007738191;7007738193;56.17250296317053;5.555555555555555;420.0;1.0;car;0;;unclassified;749368436;LINESTRING( 633848.3138450946 4802684.16569968, 633822.4184588012 4802687.719269944 )
72;6342424900;6342425290;14.181325205490662;5.555555555555555;420.0;1.0;car;305;;unclassified;677355644;LINESTRING( 630972.8611736002 4802181.90393741, 630967.8860961815 4802195.183944535 )
720;7007738193;7007738191;56.17250296317053;5.555555555555555;420.0;1.0;car;0;;unclassified;749368436;LINESTRING( 633822.4184588012 4802687.719269944, 633848.3138450946 4802684.16569968 )
721;6342425121;6342425120;67.81609521212711;5.555555555555555;420.0;1.0;car;429;;unclassified;677355648;LINESTRING( 630712.6028525585 4802241.10430608, 630682.2342685139 4802180.467915415 )
722;6342425120;6342425121;67.81609521212711;5.555555555555555;420.0;1.0;car;60;;unclassified;677355648;LINESTRING( 630682.2342685139 4802180.467915415, 630712.6028525585 4802241.10430608 )
723;10568494629;10568494638;167.81834772502748;5.555555555555555;420.0;1.0;car;106;;residential;1133544304;LINESTRING( 631018.7821654065 4804562.553192916, 631051.267184139 4804469.470392229 )
724;10568494638;10568494629;167.81834772502748;5.555555555555555;420.0;1.0;car;106;;residential;1133544304;LINESTRING( 631051.267184139 4804469.470392229, 631018.7821654065 4804562.553192916 )
725;2679393202;1844618278;155.46104602918533;5.555555555555555;420.0;1.0;car;68;;residential;262276931;LINESTRING( 634172.7801288706 4804098.628205855, 634032.8480710466 4804166.356041849 )
726;1844618278;2679393202;155.46104602918533;5.555555555555555;420.0;1.0;car;68;;residential;262276931;LINESTRING( 634032.8480710466 4804166.356041849, 634172.7801288706 4804098.628205855 )
727;1844618278;2679393215;126.105614202661;5.555555555555555;420.0;1.0;car;36;;residential;262276931;LINESTRING( 634032.8480710466 4804166.356041849, 633920.5011815312 4804223.63433049 )
728;2679393215;1844618278;126.105614202661;5.555555555555555;420.0;1.0;car;148;;residential;262276931;LINESTRING( 633920.5011815312 4804223.63433049, 634032.8480710466 4804166.356041849 )
729;2679393215;2679393221;123.00227307302343;5.555555555555555;420.0;1.0;car;39;;residential;262276931;LINESTRING( 633920.5011815312 4804223.63433049, 633806.689249282 4804270.286267843 )
73;6342425290;6342424900;14.181325205490662;5.555555555555555;420.0;1.0;car;456;;unclassified;677355644;LINESTRING( 630967.8860961815 4802195.183944535, 630972.8611736002 4802181.90393741 )
730;2679393221;2679393215;123.00227307302343;5.555555555555555;420.0;1.0;car;143;;residential;262276931;LINESTRING( 633806.689249282 4804270.286267843, 633920.5011815312 4804223.63433049 )
731;2679393221;7007677684;187.99144427518763;5.555555555555555;420.0;1.0;car;353;;residential;262276931;LINESTRING( 633806.689249282 4804270.286267843, 633627.6950559494 4804321.694361013 )
732;7007677684;2679393221;187.99144427518763;5.555555555555555;420.0;1.0;car;123;;residential;262276931;LINESTRING( 633627.6950559494 4804321.694361013, 633806.689249282 4804270.286267843 )
733;10569484194;10569488721;99.95870747384785;5.555555555555555;420.0;1.0;car;28;;unclassified;1133637488;LINESTRING( 629502.9436809315 4801256.397612542, 629546.2367505801 4801346.494523256 )
734;10569488721;10569484194;99.95870747384785;5.555555555555555;420.0;1.0;car;17;;unclassified;1133637488;LINESTRING( 629546.2367505801 4801346.494523256, 629502.9436809315 4801256.397612542 )
735;10569488721;10569489801;71.97243725819017;5.555555555555555;420.0;1.0;car;11;;unclassified;1133637488;LINESTRING( 629546.2367505801 4801346.494523256, 629612.3022712657 4801337.139533171 )
736;10569489801;10569488721;71.97243725819017;5.555555555555555;420.0;1.0;car;17;;unclassified;1133637488;LINESTRING( 629612.3022712657 4801337.139533171, 629546.2367505801 4801346.494523256 )
737;4800142922;4797622982;191.12305288960215;5.555555555555555;420.0;1.0;car;1754;;residential;677576833;LINESTRING( 632480.7224812051 4803996.35404909, 632453.6641972649 4803807.3629871 )
738;4797622982;4800142922;191.12305288960215;5.555555555555555;420.0;1.0;car;908;;residential;677576833;LINESTRING( 632453.6641972649 4803807.3629871, 632480.7224812051 4803996.35404909 )
739;4797622982;4797624214;118.1382230037183;5.555555555555555;420.0;1.0;car;1356;;residential;677576833;LINESTRING( 632453.6641972649 4803807.3629871, 632438.373890379 4803690.218434304 )
74;6342425290;10578216756;11.860952916167241;5.555555555555555;420.0;1.0;car;66;;unclassified;677355644;LINESTRING( 630967.8860961815 4802195.183944535, 630964.2304853121 4802206.467503958 )
740;4797624214;4797622982;118.1382230037183;5.555555555555555;420.0;1.0;car;707;;residential;677576833;LINESTRING( 632438.373890379 4803690.218434304, 632453.6641972649 4803807.3629871 )
741;2679393188;2679393212;203.0632430870903;5.555555555555555;420.0;1.0;car;1841;;residential;262276929;LINESTRING( 633678.5361160794 4803958.519504501, 633753.1164064375 4804147.391050751 )
742;2679393212;2679393188;203.0632430870903;5.555555555555555;420.0;1.0;car;880;;residential;262276929;LINESTRING( 633753.1164064375 4804147.391050751, 633678.5361160794 4803958.519504501 )
743;2679393212;2679393221;134.06447655691446;5.555555555555555;420.0;1.0;car;1780;;residential;262276929;LINESTRING( 633753.1164064375 4804147.391050751, 633806.689249282 4804270.286267843 )
744;2679393221;2679393212;134.06447655691446;5.555555555555555;420.0;1.0;car;752;;residential;262276929;LINESTRING( 633806.689249282 4804270.286267843, 633753.1164064375 4804147.391050751 )
745;2679393221;5232898749;182.42820901553895;5.555555555555555;420.0;1.0;car;1317;;residential;262276929;LINESTRING( 633806.689249282 4804270.286267843, 633881.3416863405 4804436.740661254 )
746;5232898749;2679393221;182.42820901553895;5.555555555555555;420.0;1.0;car;623;;residential;262276929;LINESTRING( 633881.3416863405 4804436.740661254, 633806.689249282 4804270.286267843 )
747;5232898749;7007691687;6.291049240838621;5.555555555555555;420.0;1.0;car;1198;;residential;262276929;LINESTRING( 633881.3416863405 4804436.740661254, 633883.8938387745 4804442.490775906 )
748;7007691687;5232898749;6.291049240838621;5.555555555555555;420.0;1.0;car;401;;residential;262276929;LINESTRING( 633883.8938387745 4804442.490775906, 633881.3416863405 4804436.740661254 )
749;7007691687;7007682397;90.84562073455547;5.555555555555555;420.0;1.0;car;1164;;residential;262276929;LINESTRING( 633883.8938387745 4804442.490775906, 633920.6747250468 4804525.557575601 )
75;10578216756;6342425290;11.860952916167241;5.555555555555555;420.0;1.0;car;41;;unclassified;677355644;LINESTRING( 630964.2304853121 4802206.467503958, 630967.8860961815 4802195.183944535 )
750;7007682397;7007691687;90.84562073455547;5.555555555555555;420.0;1.0;car;441;;residential;262276929;LINESTRING( 633920.6747250468 4804525.557575601, 633883.8938387745 4804442.490775906 )
751;7007682397;2679393242;59.766411047489065;5.555555555555555;420.0;1.0;car;1144;;residential;262276929;LINESTRING( 633920.6747250468 4804525.557575601, 633945.6183877198 4804579.869982857 )
752;2679393242;7007682397;59.766411047489065;5.555555555555555;420.0;1.0;car;364;;residential;262276929;LINESTRING( 633945.6183877198 4804579.869982857, 633920.6747250468 4804525.557575601 )
753;2679393242;2679393248;160.2539985594355;5.555555555555555;420.0;1.0;car;1059;;residential;262276929;LINESTRING( 633945.6183877198 4804579.869982857, 634010.7670467277 4804726.28376733 )
754;2679393248;2679393242;160.2539985594355;5.555555555555555;420.0;1.0;car;320;;residential;262276929;LINESTRING( 634010.7670467277 4804726.28376733, 633945.6183877198 4804579.869982857 )
755;2679393248;5937710491;182.04982581813502;5.555555555555555;420.0;1.0;car;857;;residential;262276929;LINESTRING( 634010.7670467277 4804726.28376733, 634082.3517155523 4804893.668875 )
756;5937710491;2679393248;182.04982581813502;5.555555555555555;420.0;1.0;car;220;;residential;262276929;LINESTRING( 634082.3517155523 4804893.668875, 634010.7670467277 4804726.28376733 )
757;5937710491;5937710486;174.28830430549843;5.555555555555555;420.0;1.0;car;630;;residential;262276929;LINESTRING( 634082.3517155523 4804893.668875, 634151.4048390503 4805053.6941203615 )
758;5937710486;5937710491;174.28830430549843;5.555555555555555;420.0;1.0;car;158;;residential;262276929;LINESTRING( 634151.4048390503 4805053.6941203615, 634082.3517155523 4804893.668875 )
759;5937710486;2679393266;226.60487675548183;5.555555555555555;420.0;1.0;car;190;;residential;262276929;LINESTRING( 634151.4048390503 4805053.6941203615, 634232.9728438566 4805265.109424352 )
76;10578216756;6342424899;33.880903911083095;5.555555555555555;420.0;1.0;car;45;;unclassified;677355644;LINESTRING( 630964.2304853121 4802206.467503958, 630953.217756603 4802238.506379454 )
760;2679393266;5937710486;226.60487675548183;5.555555555555555;420.0;1.0;car;130;;residential;262276929;LINESTRING( 634232.9728438566 4805265.109424352, 634151.4048390503 4805053.6941203615 )
761;5190977754;4797729170;190.6386448108196;5.555555555555555;420.0;1.0;car;24;;residential;535602959;LINESTRING( 630418.4971037264 4803170.3581553325, 630307.6043824956 4803015.290759426 )
762;4797729170;5190977754;190.6386448108196;5.555555555555555;420.0;1.0;car;36;;residential;535602959;LINESTRING( 630307.6043824956 4803015.290759426, 630418.4971037264 4803170.3581553325 )
763;2679393245;2679393242;84.96585943427277;5.555555555555555;420.0;1.0;car;42;;residential;262276934;LINESTRING( 633873.0269202276 4804613.405886269, 633945.6183877198 4804579.869982857 )
764;2679393242;2679393245;84.96585943427277;5.555555555555555;420.0;1.0;car;34;;residential;262276934;LINESTRING( 633945.6183877198 4804579.869982857, 633873.0269202276 4804613.405886269 )
765;2679393242;1844618288;125.58086934168439;5.555555555555555;420.0;1.0;car;64;;residential;262276934;LINESTRING( 633945.6183877198 4804579.869982857, 634060.8990242758 4804530.061052133 )
766;1844618288;2679393242;125.58086934168439;5.555555555555555;420.0;1.0;car;15;;residential;262276934;LINESTRING( 634060.8990242758 4804530.061052133, 633945.6183877198 4804579.869982857 )
767;1844618288;2679393236;124.41181238960674;5.555555555555555;420.0;1.0;car;51;;residential;262276934;LINESTRING( 634060.8990242758 4804530.061052133, 634175.2344246272 4804481.012960544 )
768;2679393236;1844618288;124.41181238960674;5.555555555555555;420.0;1.0;car;83;;residential;262276934;LINESTRING( 634175.2344246272 4804481.012960544, 634060.8990242758 4804530.061052133 )
769;2679393236;2679393233;83.82895757694955;5.555555555555555;420.0;1.0;car;15;;residential;262276934;LINESTRING( 634175.2344246272 4804481.012960544, 634252.6167703628 4804448.775300938 )
77;6342424899;10578216756;33.880903911083095;5.555555555555555;420.0;1.0;car;12;;unclassified;677355644;LINESTRING( 630953.217756603 4802238.506379454, 630964.2304853121 4802206.467503958 )
770;2679393233;2679393236;83.82895757694955;5.555555555555555;420.0;1.0;car;143;;residential;262276934;LINESTRING( 634252.6167703628 4804448.775300938, 634175.2344246272 4804481.012960544 )
771;6344311782;13572819201;98.38693161032575;5.555555555555555;420.0;1.0;car;20;;residential;1135050563;LINESTRING( 632143.4166748734 4801176.7950730445, 632181.6552723616 4801267.433634197 )
772;13572819201;6344311782;98.38693161032575;5.555555555555555;420.0;1.0;car;17;;residential;1135050563;LINESTRING( 632181.6552723616 4801267.433634197, 632143.4166748734 4801176.7950730445 )
773;13572819201;6344317891;8.282642083553856;5.555555555555555;420.0;1.0;car;13;;residential;1135050563;LINESTRING( 632181.6552723616 4801267.433634197, 632182.044845895 4801275.707109425 )
774;6344317891;13572819201;8.282642083553856;5.555555555555555;420.0;1.0;car;21;;residential;1135050563;LINESTRING( 632182.044845895 4801275.707109425, 632181.6552723616 4801267.433634197 )
775;10580859117;13572770390;26.859030486799938;5.555555555555555;420.0;1.0;car;1;;residential;1135050562;LINESTRING( 632135.5047333308 4801158.075621433, 632150.8097847379 4801137.843378672 )
776;13572770390;10580859117;26.859030486799938;5.555555555555555;420.0;1.0;car;1;;residential;1135050562;LINESTRING( 632150.8097847379 4801137.843378672, 632135.5047333308 4801158.075621433 )
777;5937710485;7007686697;509.630646667155;5.555555555555555;420.0;1.0;car;185;;residential;262276933;LINESTRING( 633955.3824751807 4805147.840083279, 633795.3452336437 4804790.229986909 )
778;7007686697;5937710485;509.630646667155;5.555555555555555;420.0;1.0;car;225;;residential;262276933;LINESTRING( 633795.3452336437 4804790.229986909, 633955.3824751807 4805147.840083279 )
779;2679393262;5937710488;235.9974627103435;5.555555555555555;420.0;1.0;car;79;;residential;262276936;LINESTRING( 634483.2321126318 4805169.162563317, 634385.2131075755 4804954.483553972 )
78;12383753471;12488176663;3.7984774052222794;5.555555555555555;420.0;1.0;car;11;;unclassified;1349959774;LINESTRING( 634422.799411477 4800845.064429524, 634420.6213618387 4800848.176427335 )
780;5937710488;2679393262;235.9974627103435;5.555555555555555;420.0;1.0;car;47;;residential;262276936;LINESTRING( 634385.2131075755 4804954.483553972, 634483.2321126318 4805169.162563317 )
781;5937710488;5937710493;180.74876516978128;5.555555555555555;420.0;1.0;car;106;;residential;262276936;LINESTRING( 634385.2131075755 4804954.483553972, 634316.6234871452 4804787.254429476 )
782;5937710493;5937710488;180.74876516978128;5.555555555555555;420.0;1.0;car;24;;residential;262276936;LINESTRING( 634316.6234871452 4804787.254429476, 634385.2131075755 4804954.483553972 )
783;5937710493;1844618279;167.24115584781643;5.555555555555555;420.0;1.0;car;117;;residential;262276936;LINESTRING( 634316.6234871452 4804787.254429476, 634245.3963950934 4804635.939177214 )
784;1844618279;5937710493;167.24115584781643;5.555555555555555;420.0;1.0;car;34;;residential;262276936;LINESTRING( 634245.3963950934 4804635.939177214, 634316.6234871452 4804787.254429476 )
785;1844618279;2679393236;170.07302758369607;5.555555555555555;420.0;1.0;car;369;;residential;262276936;LINESTRING( 634245.3963950934 4804635.939177214, 634175.2344246272 4804481.012960544 )
786;2679393236;1844618279;170.07302758369607;5.555555555555555;420.0;1.0;car;105;;residential;262276936;LINESTRING( 634175.2344246272 4804481.012960544, 634245.3963950934 4804635.939177214 )
787;2679393236;5232898751;171.633588078861;5.555555555555555;420.0;1.0;car;478;;residential;262276936;LINESTRING( 634175.2344246272 4804481.012960544, 634104.0877172693 4804324.901527026 )
788;5232898751;2679393236;171.633588078861;5.555555555555555;420.0;1.0;car;118;;residential;262276936;LINESTRING( 634104.0877172693 4804324.901527026, 634175.2344246272 4804481.012960544 )
789;5232898751;1844618278;173.815298705168;5.555555555555555;420.0;1.0;car;515;;residential;262276936;LINESTRING( 634104.0877172693 4804324.901527026, 634032.8480710466 4804166.356041849 )
79;12488176663;12383753471;3.7984774052222794;5.555555555555555;420.0;1.0;car;11;;unclassified;1349959774;LINESTRING( 634420.6213618387 4800848.176427335, 634422.799411477 4800845.064429524 )
790;1844618278;5232898751;173.815298705168;5.555555555555555;420.0;1.0;car;144;;residential;262276936;LINESTRING( 634032.8480710466 4804166.356041849, 634104.0877172693 4804324.901527026 )
791;1844618278;2679393197;129.83147306966407;5.555555555555555;420.0;1.0;car;670;;residential;262276936;LINESTRING( 634032.8480710466 4804166.356041849, 633981.3686050199 4804047.166797464 )
792;2679393197;1844618278;129.83147306966407;5.555555555555555;420.0;1.0;car;187;;residential;262276936;LINESTRING( 633981.3686050199 4804047.166797464, 634032.8480710466 4804166.356041849 )
793;2679393197;1844618173;169.05954774077446;5.555555555555555;420.0;1.0;car;675;;residential;262276936;LINESTRING( 633981.3686050199 4804047.166797464, 633916.0760222916 4803891.251697052 )
794;1844618173;2679393197;169.05954774077446;5.555555555555555;420.0;1.0;car;298;;residential;262276936;LINESTRING( 633916.0760222916 4803891.251697052, 633981.3686050199 4804047.166797464 )
795;4800144415;4800157425;109.44888830652519;5.555555555555555;420.0;1.0;car;795;;residential;487560677;LINESTRING( 631619.2219688614 4801938.494327517, 631523.0903442714 4801990.818030609 )
796;4800157425;4800144415;109.44888830652519;5.555555555555555;420.0;1.0;car;931;;residential;487560677;LINESTRING( 631523.0903442714 4801990.818030609, 631619.2219688614 4801938.494327517 )
797;4800157425;4800157426;128.72875117755015;5.555555555555555;420.0;1.0;car;844;;residential;487560677;LINESTRING( 631523.0903442714 4801990.818030609, 631401.5911705325 4802033.350866871 )
798;4800157426;4800157425;128.72875117755015;5.555555555555555;420.0;1.0;car;848;;residential;487560677;LINESTRING( 631401.5911705325 4802033.350866871, 631523.0903442714 4801990.818030609 )
799;4800157426;10583216897;16.13945888190662;5.555555555555555;420.0;1.0;car;915;;residential;487560677;LINESTRING( 631401.5911705325 4802033.350866871, 631387.2997836669 4802040.850093128 )
8;10569461100;10569461106;68.87066385464325;5.555555555555555;420.0;1.0;car;27;;unclassified;1133637525;LINESTRING( 629712.9648762167 4800974.244254352, 629762.5202107767 4801019.767700882 )
80;12488176669;12488176672;15.729240448756336;5.555555555555555;420.0;1.0;car;0;;unclassified;1349959775;LINESTRING( 634482.243467472 4800759.231319979, 634494.4797202634 4800768.96273264 )
800;10583216897;4800157426;16.13945888190662;5.555555555555555;420.0;1.0;car;838;;residential;487560677;LINESTRING( 631387.2997836669 4802040.850093128, 631401.5911705325 4802033.350866871 )
801;10583216897;4800157428;120.56281329056264;5.555555555555555;420.0;1.0;car;864;;residential;487560677;LINESTRING( 631387.2997836669 4802040.850093128, 631280.8584953817 4802097.442963218 )
802;4800157428;10583216897;120.56281329056264;5.555555555555555;420.0;1.0;car;847;;residential;487560677;LINESTRING( 631280.8584953817 4802097.442963218, 631387.2997836669 4802040.850093128 )
803;4800157428;4800157429;98.14254029051817;5.555555555555555;420.0;1.0;car;931;;residential;487560677;LINESTRING( 631280.8584953817 4802097.442963218, 631199.1682837039 4802150.229304654 )
804;4800157429;4800157428;98.14254029051817;5.555555555555555;420.0;1.0;car;1053;;residential;487560677;LINESTRING( 631199.1682837039 4802150.229304654, 631280.8584953817 4802097.442963218 )
805;5244141479;5244141477;118.12356842808525;5.555555555555555;420.0;1.0;car;63;;residential;542414014;LINESTRING( 632977.4178865736 4803024.33241056, 633095.1893270634 4803015.218398099 )
806;5244141477;5244141479;118.12356842808525;5.555555555555555;420.0;1.0;car;47;;residential;542414014;LINESTRING( 633095.1893270634 4803015.218398099, 632977.4178865736 4803024.33241056 )
807;5244141477;5244141478;60.559408000577015;5.555555555555555;420.0;1.0;car;25;;residential;542414014;LINESTRING( 633095.1893270634 4803015.218398099, 633155.5687377478 4803010.5527081415 )
808;5244141478;5244141477;60.559408000577015;5.555555555555555;420.0;1.0;car;25;;residential;542414014;LINESTRING( 633155.5687377478 4803010.5527081415, 633095.1893270634 4803015.218398099 )
809;10593381862;10659790479;643.7860697458368;5.555555555555555;420.0;1.0;car;195;;unclassified;1136369492;LINESTRING( 633320.2001000795 4803308.650344896, 633435.0440549115 4803773.866083508 )
81;12488176672;12488176669;15.729240448756336;5.555555555555555;420.0;1.0;car;0;;unclassified;1349959775;LINESTRING( 634494.4797202634 4800768.96273264, 634482.243467472 4800759.231319979 )
810;10659790479;10593381862;643.7860697458368;5.555555555555555;420.0;1.0;car;93;;unclassified;1136369492;LINESTRING( 633435.0440549115 4803773.866083508, 633320.2001000795 4803308.650344896 )
811;4800156849;4800159499;109.24365316927145;5.555555555555555;420.0;1.0;car;632;;residential;487560692;LINESTRING( 631720.7539615612 4801883.266335577, 631817.4718831059 4801832.63436673 )
812;4800159499;4800156849;109.24365316927145;5.555555555555555;420.0;1.0;car;388;;residential;487560692;LINESTRING( 631817.4718831059 4801832.63436673, 631720.7539615612 4801883.266335577 )
813;4800159499;4800157270;110.9120549050837;5.555555555555555;420.0;1.0;car;75;;residential;487560692;LINESTRING( 631817.4718831059 4801832.63436673, 631917.5714078965 4801785.347159967 )
814;4800157270;4800159499;110.9120549050837;5.555555555555555;420.0;1.0;car;54;;residential;487560692;LINESTRING( 631917.5714078965 4801785.347159967, 631817.4718831059 4801832.63436673 )
815;6344425810;10568494629;35.697390635804254;5.555555555555555;420.0;1.0;car;277;;residential;1133544302;LINESTRING( 631030.6994212607 4804596.114381271, 631018.7821654065 4804562.553192916 )
816;10568494629;6344425810;35.697390635804254;5.555555555555555;420.0;1.0;car;277;;residential;1133544302;LINESTRING( 631018.7821654065 4804562.553192916, 631030.6994212607 4804596.114381271 )
817;10568494629;10568494628;17.733992453117487;5.555555555555555;420.0;1.0;car;169;;residential;1133544302;LINESTRING( 631018.7821654065 4804562.553192916, 631013.6171460983 4804545.588020831 )
818;10568494628;10568494629;17.733992453117487;5.555555555555555;420.0;1.0;car;169;;residential;1133544302;LINESTRING( 631013.6171460983 4804545.588020831, 631018.7821654065 4804562.553192916 )
819;10568494628;10568494623;53.083084284890205;5.555555555555555;420.0;1.0;car;16;;residential;1133544302;LINESTRING( 631013.6171460983 4804545.588020831, 631020.6954839372 4804499.418787182 )
82;12488176657;12488176663;62.877336053429545;5.555555555555555;420.0;1.0;car;0;;unclassified;1349959772;LINESTRING( 634367.9541703025 4800814.177064232, 634420.6213618387 4800848.176427335 )
820;10568494623;10568494628;53.083084284890205;5.555555555555555;420.0;1.0;car;16;;residential;1133544302;LINESTRING( 631020.6954839372 4804499.418787182, 631013.6171460983 4804545.588020831 )
821;10568494624;10568494628;154.86769693824198;5.555555555555555;420.0;1.0;car;153;;residential;1133544303;LINESTRING( 630860.479382502 4804568.217116168, 631013.6171460983 4804545.588020831 )
822;10568494628;10568494624;154.86769693824198;5.555555555555555;420.0;1.0;car;153;;residential;1133544303;LINESTRING( 631013.6171460983 4804545.588020831, 630860.479382502 4804568.217116168 )
823;10585819115;10585819113;43.06572538917568;5.555555555555555;420.0;1.0;car;311;;residential;1135603375;LINESTRING( 632271.1297549149 4803628.958953902, 632285.008938153 4803669.726894443 )
824;10585819113;10585819115;43.06572538917568;5.555555555555555;420.0;1.0;car;781;;residential;1135603375;LINESTRING( 632285.008938153 4803669.726894443, 632271.1297549149 4803628.958953902 )
825;10585819113;10225248524;157.18056162050385;5.555555555555555;420.0;1.0;car;312;;residential;1135603375;LINESTRING( 632285.008938153 4803669.726894443, 632418.8508107886 4803685.225115324 )
826;10225248524;10585819113;157.18056162050385;5.555555555555555;420.0;1.0;car;782;;residential;1135603375;LINESTRING( 632418.8508107886 4803685.225115324, 632285.008938153 4803669.726894443 )
827;6344293647;6344295247;219.8722171106471;5.555555555555555;210.0;1.0;car;257;;living_street;677571943;LINESTRING( 631335.9011020085 4802566.764817463, 631129.372223209 4802641.702552076 )
828;6344295247;6344293647;219.8722171106471;5.555555555555555;210.0;1.0;car;179;;living_street;677571943;LINESTRING( 631129.372223209 4802641.702552076, 631335.9011020085 4802566.764817463 )
829;7869467583;7869467576;54.15538998637457;5.555555555555555;420.0;1.0;car;26;;residential;843641664;LINESTRING( 632441.8369635947 4802725.242446244, 632495.2208974129 4802716.134105304 )
83;12488176663;12488176657;62.877336053429545;5.555555555555555;420.0;1.0;car;26;;unclassified;1349959772;LINESTRING( 634420.6213618387 4800848.176427335, 634367.9541703025 4800814.177064232 )
830;7869467576;7869467583;54.15538998637457;5.555555555555555;420.0;1.0;car;26;;residential;843641664;LINESTRING( 632495.2208974129 4802716.134105304, 632441.8369635947 4802725.242446244 )
831;7869467578;7869467577;156.8903415736441;5.555555555555555;420.0;1.0;car;29;;residential;843641665;LINESTRING( 632384.8880757899 4802747.5245777955, 632360.0139101546 4802592.618621929 )
832;7869467577;7869467578;156.8903415736441;5.555555555555555;420.0;1.0;car;29;;residential;843641665;LINESTRING( 632360.0139101546 4802592.618621929, 632384.8880757899 4802747.5245777955 )
833;7869467582;7869467579;118.17141418228468;5.555555555555555;420.0;1.0;car;44;;residential;843641666;LINESTRING( 632440.0043792898 4802719.073777389, 632421.9958771634 4802602.287402986 )
834;7869467579;7869467582;118.17141418228468;5.555555555555555;420.0;1.0;car;44;;residential;843641666;LINESTRING( 632421.9958771634 4802602.287402986, 632440.0043792898 4802719.073777389 )
835;6344285640;6344285633;158.52135322391277;5.555555555555555;420.0;1.0;car;35;;unclassified;677570921;LINESTRING( 631506.6325786287 4803199.522069033, 631627.0967676394 4803235.33072137 )
836;6344285633;6344285640;158.52135322391277;5.555555555555555;420.0;1.0;car;35;;unclassified;677570921;LINESTRING( 631627.0967676394 4803235.33072137, 631506.6325786287 4803199.522069033 )
837;7007691687;5232898750;122.724405545319;5.555555555555555;420.0;1.0;car;103;;residential;749363617;LINESTRING( 633883.8938387745 4804442.490775906, 633988.4416601966 4804378.235662897 )
838;5232898750;7007691687;122.724405545319;5.555555555555555;420.0;1.0;car;29;;residential;749363617;LINESTRING( 633988.4416601966 4804378.235662897, 633883.8938387745 4804442.490775906 )
839;5232898750;5232898751;127.35203400654385;5.555555555555555;420.0;1.0;car;53;;residential;749363617;LINESTRING( 633988.4416601966 4804378.235662897, 634104.0877172693 4804324.901527026 )
84;12383753465;12488176669;56.09218230857234;5.555555555555555;420.0;1.0;car;2;;unclassified;1349959773;LINESTRING( 634512.6846728647 4800712.185149674, 634482.243467472 4800759.231319979 )
840;5232898751;5232898750;127.35203400654385;5.555555555555555;420.0;1.0;car;42;;residential;749363617;LINESTRING( 634104.0877172693 4804324.901527026, 633988.4416601966 4804378.235662897 )
841;5232898751;5232898752;81.14473582106687;5.555555555555555;420.0;1.0;car;27;;residential;749363617;LINESTRING( 634104.0877172693 4804324.901527026, 634182.0328833063 4804302.34007222 )
842;5232898752;5232898751;81.14473582106687;5.555555555555555;420.0;1.0;car;27;;residential;749363617;LINESTRING( 634182.0328833063 4804302.34007222, 634104.0877172693 4804324.901527026 )
843;7869503687;7869503685;51.86529253256105;5.555555555555555;420.0;1.0;car;123;;residential;843641667;LINESTRING( 632285.8209159704 4802798.491022509, 632328.9075494476 4802773.359133744 )
844;7869503685;7869503687;51.86529253256105;5.555555555555555;420.0;1.0;car;123;;residential;843641667;LINESTRING( 632328.9075494476 4802773.359133744, 632285.8209159704 4802798.491022509 )
845;7869503685;7869467578;61.65455810809151;5.555555555555555;420.0;1.0;car;107;;residential;843641667;LINESTRING( 632328.9075494476 4802773.359133744, 632384.8880757899 4802747.5245777955 )
846;7869467578;7869503685;61.65455810809151;5.555555555555555;420.0;1.0;car;107;;residential;843641667;LINESTRING( 632384.8880757899 4802747.5245777955, 632328.9075494476 4802773.359133744 )
847;7869467578;7869467583;61.1528348377149;5.555555555555555;420.0;1.0;car;72;;residential;843641667;LINESTRING( 632384.8880757899 4802747.5245777955, 632441.8369635947 4802725.242446244 )
848;7869467583;7869467578;61.1528348377149;5.555555555555555;420.0;1.0;car;72;;residential;843641667;LINESTRING( 632441.8369635947 4802725.242446244, 632384.8880757899 4802747.5245777955 )
849;7869467583;7869467582;6.4351255369890605;5.555555555555555;420.0;1.0;car;44;;residential;843641667;LINESTRING( 632441.8369635947 4802725.242446244, 632440.0043792898 4802719.073777389 )
85;12488176669;12383753465;56.09218230857234;5.555555555555555;420.0;1.0;car;2;;unclassified;1349959773;LINESTRING( 634482.243467472 4800759.231319979, 634512.6846728647 4800712.185149674 )
850;7869467582;7869467583;6.4351255369890605;5.555555555555555;420.0;1.0;car;44;;residential;843641667;LINESTRING( 632440.0043792898 4802719.073777389, 632441.8369635947 4802725.242446244 )
851;5190925036;7869503687;215.1350168252726;5.555555555555555;420.0;1.0;car;151;;residential;843641668;LINESTRING( 632323.768519424 4803010.169592146, 632285.8209159704 4802798.491022509 )
852;7869503687;5190925036;215.1350168252726;5.555555555555555;420.0;1.0;car;151;;residential;843641668;LINESTRING( 632285.8209159704 4802798.491022509, 632323.768519424 4803010.169592146 )
853;7869503687;7869503688;100.27707063387264;5.555555555555555;420.0;1.0;car;3;;residential;843641668;LINESTRING( 632285.8209159704 4802798.491022509, 632270.0076245877 4802699.468647711 )
854;7869503688;7869503687;100.27707063387264;5.555555555555555;420.0;1.0;car;3;;residential;843641668;LINESTRING( 632270.0076245877 4802699.468647711, 632285.8209159704 4802798.491022509 )
855;6344310683;10580863127;53.457044422684234;5.555555555555555;420.0;1.0;car;9;;residential;1135051435;LINESTRING( 631295.5010798468 4801137.525654984, 631342.3628380276 4801112.027280656 )
856;10580863127;6344310683;53.457044422684234;5.555555555555555;420.0;1.0;car;9;;residential;1135051435;LINESTRING( 631342.3628380276 4801112.027280656, 631295.5010798468 4801137.525654984 )
857;4833981556;4833981557;445.9952260113102;5.555555555555555;420.0;1.0;car;180;;residential;749398458;LINESTRING( 634951.4936360864 4804430.358636498, 634785.1980034534 4804016.758889264 )
858;4833981557;4833981556;445.9952260113102;5.555555555555555;420.0;1.0;car;100;;residential;749398458;LINESTRING( 634785.1980034534 4804016.758889264, 634951.4936360864 4804430.358636498 )
859;4833981557;7008007473;361.50223666602307;5.555555555555555;420.0;1.0;car;149;;residential;749398458;LINESTRING( 634785.1980034534 4804016.758889264, 634681.4830087768 4803676.694672814 )
86;12488176669;12383753471;104.41608717477524;5.555555555555555;420.0;1.0;car;6;;unclassified;1349959773;LINESTRING( 634482.243467472 4800759.231319979, 634422.799411477 4800845.064429524 )
860;7008007473;4833981557;361.50223666602307;5.555555555555555;420.0;1.0;car;181;;residential;749398458;LINESTRING( 634681.4830087768 4803676.694672814, 634785.1980034534 4804016.758889264 )
861;4797729171;5190976168;161.26343382972533;5.555555555555555;420.0;1.0;car;144;;residential;535601913;LINESTRING( 630457.0878658118 4802923.728992135, 630548.2966848484 4803056.720895725 )
862;5190976168;4797729171;161.26343382972533;5.555555555555555;420.0;1.0;car;22;;residential;535601913;LINESTRING( 630548.2966848484 4803056.720895725, 630457.0878658118 4802923.728992135 )
865;6342388095;6342387586;50.491998174208696;5.555555555555555;420.0;1.0;car;7;;residential;677351748;LINESTRING( 631801.2122949029 4802986.5709442105, 631776.8510157631 4802942.34459507 )
866;6342387586;6342388095;50.491998174208696;5.555555555555555;420.0;1.0;car;7;;residential;677351748;LINESTRING( 631776.8510157631 4802942.34459507, 631801.2122949029 4802986.5709442105 )
867;6342387586;4800189369;371.5671396049828;5.555555555555555;420.0;1.0;car;71;;residential;677351748;LINESTRING( 631776.8510157631 4802942.34459507, 631591.5985517758 4802621.644142538 )
868;4800189369;6342387586;371.5671396049828;5.555555555555555;420.0;1.0;car;150;;residential;677351748;LINESTRING( 631591.5985517758 4802621.644142538, 631776.8510157631 4802942.34459507 )
869;4800189369;4800157428;611.9761891496255;5.555555555555555;420.0;1.0;car;142;;residential;677351748;LINESTRING( 631591.5985517758 4802621.644142538, 631280.8584953817 4802097.442963218 )
87;12383753471;12488176669;104.41608717477524;5.555555555555555;420.0;1.0;car;6;;unclassified;1349959773;LINESTRING( 634422.799411477 4800845.064429524, 634482.243467472 4800759.231319979 )
870;4800157428;4800189369;611.9761891496255;5.555555555555555;420.0;1.0;car;193;;residential;677351748;LINESTRING( 631280.8584953817 4802097.442963218, 631591.5985517758 4802621.644142538 )
871;4800157428;6342394779;328.9672395246025;5.555555555555555;420.0;1.0;car;281;;residential;677351748;LINESTRING( 631280.8584953817 4802097.442963218, 631155.0406795152 4801794.0761732375 )
872;6342394779;4800157428;328.9672395246025;5.555555555555555;420.0;1.0;car;193;;residential;677351748;LINESTRING( 631155.0406795152 4801794.0761732375, 631280.8584953817 4802097.442963218 )
873;6342394779;4800189375;187.90313900257544;5.555555555555555;420.0;1.0;car;22;;residential;677351748;LINESTRING( 631155.0406795152 4801794.0761732375, 631070.8619612461 4801626.349814293 )
874;4800189375;6342394779;187.90313900257544;5.555555555555555;420.0;1.0;car;22;;residential;677351748;LINESTRING( 631070.8619612461 4801626.349814293, 631155.0406795152 4801794.0761732375 )
875;4800133570;10585819567;255.3734631256384;5.555555555555555;420.0;1.0;car;985;;residential;677349698;LINESTRING( 632221.2491969428 4803496.272798424, 632102.6835014604 4803275.407834849 )
876;10585819567;4800133570;255.3734631256384;5.555555555555555;420.0;1.0;car;1104;;residential;677349698;LINESTRING( 632102.6835014604 4803275.407834849, 632221.2491969428 4803496.272798424 )
877;10585819567;4797756502;219.71391508854907;5.555555555555555;420.0;1.0;car;912;;residential;677349698;LINESTRING( 632102.6835014604 4803275.407834849, 631995.2180732875 4803083.7926976215 )
878;4797756502;10585819567;219.71391508854907;5.555555555555555;420.0;1.0;car;990;;residential;677349698;LINESTRING( 631995.2180732875 4803083.7926976215, 632102.6835014604 4803275.407834849 )
879;4797756502;4800189364;120.19077165401674;5.555555555555555;420.0;1.0;car;754;;residential;677349698;LINESTRING( 631995.2180732875 4803083.7926976215, 631935.0255869355 4802979.760557503 )
88;6342423950;6342425121;35.372929271696115;5.555555555555555;420.0;1.0;car;51;;residential;677355635;LINESTRING( 630680.8810948341 4802256.755958138, 630712.6028525585 4802241.10430608 )
880;4800189364;4797756502;120.19077165401674;5.555555555555555;420.0;1.0;car;756;;residential;677349698;LINESTRING( 631935.0255869355 4802979.760557503, 631995.2180732875 4803083.7926976215 )
881;4800189364;6342387588;105.18446546755251;5.555555555555555;420.0;1.0;car;588;;residential;677349698;LINESTRING( 631935.0255869355 4802979.760557503, 631886.086834146 4802886.669826285 )
882;6342387588;4800189364;105.18446546755251;5.555555555555555;420.0;1.0;car;601;;residential;677349698;LINESTRING( 631886.086834146 4802886.669826285, 631935.0255869355 4802979.760557503 )
883;6342387588;4800133575;384.59422345461104;5.555555555555555;420.0;1.0;car;530;;residential;677349698;LINESTRING( 631886.086834146 4802886.669826285, 631696.0784868604 4802552.297156517 )
884;4800133575;6342387588;384.59422345461104;5.555555555555555;420.0;1.0;car;464;;residential;677349698;LINESTRING( 631696.0784868604 4802552.297156517, 631886.086834146 4802886.669826285 )
885;4800133575;4800157426;596.8167538158456;5.555555555555555;420.0;1.0;car;475;;residential;677349698;LINESTRING( 631696.0784868604 4802552.297156517, 631401.5911705325 4802033.350866871 )
886;4800157426;4800133575;596.8167538158456;5.555555555555555;420.0;1.0;car;413;;residential;677349698;LINESTRING( 631401.5911705325 4802033.350866871, 631696.0784868604 4802552.297156517 )
887;4800157426;10560829576;216.5855047508311;5.555555555555555;420.0;1.0;car;364;;residential;677349698;LINESTRING( 631401.5911705325 4802033.350866871, 631296.7266291088 4801843.865864701 )
888;10560829576;4800157426;216.5855047508311;5.555555555555555;420.0;1.0;car;383;;residential;677349698;LINESTRING( 631296.7266291088 4801843.865864701, 631401.5911705325 4802033.350866871 )
889;10560829576;6342394778;92.71219703434944;5.555555555555555;420.0;1.0;car;208;;residential;677349698;LINESTRING( 631296.7266291088 4801843.865864701, 631250.0882388183 4801763.746183682 )
89;6342425121;6342423950;35.372929271696115;5.555555555555555;420.0;1.0;car;126;;residential;677355635;LINESTRING( 630712.6028525585 4802241.10430608, 630680.8810948341 4802256.755958138 )
890;6342394778;10560829576;92.71219703434944;5.555555555555555;420.0;1.0;car;323;;residential;677349698;LINESTRING( 631250.0882388183 4801763.746183682, 631296.7266291088 4801843.865864701 )
891;6342394778;10560829578;33.57942961065964;5.555555555555555;420.0;1.0;car;437;;residential;677349698;LINESTRING( 631250.0882388183 4801763.746183682, 631232.7303879262 4801735.00104313 )
892;10560829578;6342394778;33.57942961065964;5.555555555555555;420.0;1.0;car;464;;residential;677349698;LINESTRING( 631232.7303879262 4801735.00104313, 631250.0882388183 4801763.746183682 )
893;10560829578;4800133582;262.0794849215022;5.555555555555555;420.0;1.0;car;345;;residential;677349698;LINESTRING( 631232.7303879262 4801735.00104313, 631103.1341021146 4801507.254579221 )
894;4800133582;10560829578;262.0794849215022;5.555555555555555;420.0;1.0;car;422;;residential;677349698;LINESTRING( 631103.1341021146 4801507.254579221, 631232.7303879262 4801735.00104313 )
895;4800133582;6344310681;222.92153115675637;5.555555555555555;420.0;1.0;car;329;;residential;677349698;LINESTRING( 631103.1341021146 4801507.254579221, 631001.9039587964 4801308.813070132 )
896;6344310681;4800133582;222.92153115675637;5.555555555555555;420.0;1.0;car;647;;residential;677349698;LINESTRING( 631001.9039587964 4801308.813070132, 631103.1341021146 4801507.254579221 )
897;6344310681;6344301308;69.50150686551098;5.555555555555555;420.0;1.0;car;624;;residential;677349698;LINESTRING( 631001.9039587964 4801308.813070132, 630943.589827532 4801296.195898332 )
898;6344301308;6344310681;69.50150686551098;5.555555555555555;420.0;1.0;car;700;;residential;677349698;LINESTRING( 630943.589827532 4801296.195898332, 631001.9039587964 4801308.813070132 )
899;6344301308;4800133585;129.1423341325945;5.555555555555555;420.0;1.0;car;617;;residential;677349698;LINESTRING( 630943.589827532 4801296.195898332, 630823.0391225651 4801342.512957794 )
9;10569461100;10569461101;150.28291638062888;5.555555555555555;420.0;1.0;car;11;;unclassified;1133637525;LINESTRING( 629712.9648762167 4800974.244254352, 629629.8441233652 4800852.975154862 )
90;6342425121;6342427427;254.8530022779792;5.555555555555555;420.0;1.0;car;69;;residential;677355635;LINESTRING( 630712.6028525585 4802241.10430608, 630940.9924098182 4802128.092087489 )
900;4800133585;6344301308;129.1423341325945;5.555555555555555;420.0;1.0;car;693;;residential;677349698;LINESTRING( 630823.0391225651 4801342.512957794, 630943.589827532 4801296.195898332 )
901;6342387586;6342387588;123.11166758448539;5.555555555555555;420.0;1.0;car;152;;unclassified;677351746;LINESTRING( 631776.8510157631 4802942.34459507, 631886.086834146 4802886.669826285 )
902;6342387588;6342387586;123.11166758448539;5.555555555555555;420.0;1.0;car;73;;unclassified;677351746;LINESTRING( 631886.086834146 4802886.669826285, 631776.8510157631 4802942.34459507 )
905;4797729172;5190976164;148.16750751233334;5.555555555555555;420.0;1.0;car;81;;residential;535601906;LINESTRING( 630557.6146534729 4802867.642912587, 630636.5850547202 4802993.011513159 )
906;5190976164;4797729172;148.16750751233334;5.555555555555555;420.0;1.0;car;68;;residential;535601906;LINESTRING( 630636.5850547202 4802993.011513159, 630557.6146534729 4802867.642912587 )
907;7869367186;10585819118;74.4764813115653;5.555555555555555;420.0;1.0;car;385;;residential;1135603377;LINESTRING( 632228.9010969377 4803498.2890203325, 632233.3366607864 4803571.891171846 )
908;10585819118;7869367186;74.4764813115653;5.555555555555555;420.0;1.0;car;803;;residential;1135603377;LINESTRING( 632233.3366607864 4803571.891171846, 632228.9010969377 4803498.2890203325 )
909;10585819118;10585819117;80.18748517274595;5.555555555555555;420.0;1.0;car;25;;residential;1135603377;LINESTRING( 632233.3366607864 4803571.891171846, 632162.2859732216 4803609.064180533 )
91;6342427427;6342425121;254.8530022779792;5.555555555555555;420.0;1.0;car;513;;residential;677355635;LINESTRING( 630940.9924098182 4802128.092087489, 630712.6028525585 4802241.10430608 )
910;10585819117;10585819118;80.18748517274595;5.555555555555555;420.0;1.0;car;25;;residential;1135603377;LINESTRING( 632162.2859732216 4803609.064180533, 632233.3366607864 4803571.891171846 )
911;4800158649;4800159498;229.64468659889573;5.555555555555555;420.0;1.0;car;528;;residential;487561232;LINESTRING( 632186.548545779 4802539.650988966, 632079.9883523544 4802337.253872573 )
912;4800159498;4800158649;229.64468659889573;5.555555555555555;420.0;1.0;car;259;;residential;487561232;LINESTRING( 632079.9883523544 4802337.253872573, 632186.548545779 4802539.650988966 )
913;4800159498;10580857975;251.17951325655835;5.555555555555555;420.0;1.0;car;441;;residential;487561232;LINESTRING( 632079.9883523544 4802337.253872573, 631959.9400502028 4802116.619439562 )
914;10580857975;4800159498;251.17951325655835;5.555555555555555;420.0;1.0;car;236;;residential;487561232;LINESTRING( 631959.9400502028 4802116.619439562, 632079.9883523544 4802337.253872573 )
915;10580857975;4800159499;317.7179570422737;5.555555555555555;420.0;1.0;car;450;;residential;487561232;LINESTRING( 631959.9400502028 4802116.619439562, 631817.4718831059 4801832.63436673 )
916;4800159499;10580857975;317.7179570422737;5.555555555555555;420.0;1.0;car;238;;residential;487561232;LINESTRING( 631817.4718831059 4801832.63436673, 631959.9400502028 4802116.619439562 )
917;4800159499;4800159500;167.07494355676792;5.555555555555555;420.0;1.0;car;847;;residential;487561232;LINESTRING( 631817.4718831059 4801832.63436673, 631730.1743908048 4801690.180217607 )
918;4800159500;4800159499;167.07494355676792;5.555555555555555;420.0;1.0;car;412;;residential;487561232;LINESTRING( 631730.1743908048 4801690.180217607, 631817.4718831059 4801832.63436673 )
919;4800159500;4800159501;35.69604200620027;5.555555555555555;420.0;1.0;car;875;;residential;487561232;LINESTRING( 631730.1743908048 4801690.180217607, 631716.0259963281 4801657.407815366 )
92;6342427427;6342423952;48.089093569901536;5.555555555555555;420.0;1.0;car;6;;residential;677355635;LINESTRING( 630940.9924098182 4802128.092087489, 630985.9789452346 4802111.098778464 )
920;4800159501;4800159500;35.69604200620027;5.555555555555555;420.0;1.0;car;585;;residential;487561232;LINESTRING( 631716.0259963281 4801657.407815366, 631730.1743908048 4801690.180217607 )
921;10585819118;10585819115;69.55048174851758;5.555555555555555;420.0;1.0;car;373;;residential;1135603376;LINESTRING( 632233.3366607864 4803571.891171846, 632271.1297549149 4803628.958953902 )
922;10585819115;10585819118;69.55048174851758;5.555555555555555;420.0;1.0;car;791;;residential;1135603376;LINESTRING( 632271.1297549149 4803628.958953902, 632233.3366607864 4803571.891171846 )
923;10585819115;4797630252;125.67771108713484;5.555555555555555;420.0;1.0;car;108;;residential;1135603376;LINESTRING( 632271.1297549149 4803628.958953902, 632385.8019214941 4803585.886632318 )
924;4797630252;10585819115;125.67771108713484;5.555555555555555;420.0;1.0;car;56;;residential;1135603376;LINESTRING( 632385.8019214941 4803585.886632318, 632271.1297549149 4803628.958953902 )
925;6342372023;3795376652;58.952907878794754;5.555555555555555;420.0;1.0;car;124;;residential;376129358;LINESTRING( 632419.2471325676 4802145.08775557, 632367.9410944716 4802174.124556397 )
926;3795376652;6342372023;58.952907878794754;5.555555555555555;420.0;1.0;car;60;;residential;376129358;LINESTRING( 632367.9410944716 4802174.124556397, 632419.2471325676 4802145.08775557 )
927;3795376652;4800173284;112.04198193607903;5.555555555555555;420.0;1.0;car;198;;residential;376129358;LINESTRING( 632367.9410944716 4802174.124556397, 632269.5286030583 4802227.68188316 )
928;4800173284;3795376652;112.04198193607903;5.555555555555555;420.0;1.0;car;50;;residential;376129358;LINESTRING( 632269.5286030583 4802227.68188316, 632367.9410944716 4802174.124556397 )
929;4800173284;4800142932;109.24444994224784;5.555555555555555;420.0;1.0;car;291;;residential;376129358;LINESTRING( 632269.5286030583 4802227.68188316, 632174.5466630483 4802281.652068588 )
93;6342423952;6342427427;48.089093569901536;5.555555555555555;420.0;1.0;car;2;;residential;677355635;LINESTRING( 630985.9789452346 4802111.098778464, 630940.9924098182 4802128.092087489 )
930;4800142932;4800173284;109.24444994224784;5.555555555555555;420.0;1.0;car;209;;residential;376129358;LINESTRING( 632174.5466630483 4802281.652068588, 632269.5286030583 4802227.68188316 )
931;4800142932;4800159498;109.69427846394791;5.555555555555555;420.0;1.0;car;296;;residential;376129358;LINESTRING( 632174.5466630483 4802281.652068588, 632079.9883523544 4802337.253872573 )
932;4800159498;4800142932;109.69427846394791;5.555555555555555;420.0;1.0;car;143;;residential;376129358;LINESTRING( 632079.9883523544 4802337.253872573, 632174.5466630483 4802281.652068588 )
933;4800159498;4800156847;112.88395780488695;5.555555555555555;420.0;1.0;car;400;;residential;376129358;LINESTRING( 632079.9883523544 4802337.253872573, 631980.6709128836 4802390.908640737 )
934;4800156847;4800159498;112.88395780488695;5.555555555555555;420.0;1.0;car;183;;residential;376129358;LINESTRING( 631980.6709128836 4802390.908640737, 632079.9883523544 4802337.253872573 )
935;4800156847;4800144414;113.85519184848535;5.555555555555555;420.0;1.0;car;442;;residential;376129358;LINESTRING( 631980.6709128836 4802390.908640737, 631881.4659178718 4802446.777895927 )
936;4800144414;4800156847;113.85519184848535;5.555555555555555;420.0;1.0;car;270;;residential;376129358;LINESTRING( 631881.4659178718 4802446.777895927, 631980.6709128836 4802390.908640737 )
937;4800144414;4800150589;107.77168082523558;5.555555555555555;420.0;1.0;car;599;;residential;376129358;LINESTRING( 631881.4659178718 4802446.777895927, 631788.2236112787 4802500.8205406545 )
938;4800150589;4800144414;107.77168082523558;5.555555555555555;420.0;1.0;car;367;;residential;376129358;LINESTRING( 631788.2236112787 4802500.8205406545, 631881.4659178718 4802446.777895927 )
939;4800150589;4800133575;105.54887936290403;5.555555555555555;420.0;1.0;car;713;;residential;376129358;LINESTRING( 631788.2236112787 4802500.8205406545, 631696.0784868604 4802552.297156517 )
94;6342424655;11237649759;134.37989028885153;5.555555555555555;420.0;1.0;car;21;;unclassified;1153095831;LINESTRING( 630964.8492930959 4802043.974096526, 631074.5717484576 4801967.719762193 )
940;4800133575;4800150589;105.54887936290403;5.555555555555555;420.0;1.0;car;431;;residential;376129358;LINESTRING( 631696.0784868604 4802552.297156517, 631788.2236112787 4802500.8205406545 )
941;4800133575;10583216895;26.630698587649412;5.555555555555555;420.0;1.0;car;701;;residential;376129358;LINESTRING( 631696.0784868604 4802552.297156517, 631673.7327937476 4802566.760351008 )
942;10583216895;4800133575;26.630698587649412;5.555555555555555;420.0;1.0;car;415;;residential;376129358;LINESTRING( 631673.7327937476 4802566.760351008, 631696.0784868604 4802552.297156517 )
943;10583216895;4800189369;98.78392722017624;5.555555555555555;420.0;1.0;car;735;;residential;376129358;LINESTRING( 631673.7327937476 4802566.760351008, 631591.5985517758 4802621.644142538 )
944;4800189369;10583216895;98.78392722017624;5.555555555555555;420.0;1.0;car;389;;residential;376129358;LINESTRING( 631591.5985517758 4802621.644142538, 631673.7327937476 4802566.760351008 )
945;4800189369;4800187749;90.4143452392031;5.555555555555555;420.0;1.0;car;748;;residential;376129358;LINESTRING( 631591.5985517758 4802621.644142538, 631518.6771857284 4802675.097189213 )
946;4800187749;4800189369;90.4143452392031;5.555555555555555;420.0;1.0;car;430;;residential;376129358;LINESTRING( 631518.6771857284 4802675.097189213, 631591.5985517758 4802621.644142538 )
947;4800187749;10585822708;74.93403669750073;5.555555555555555;420.0;1.0;car;840;;residential;376129358;LINESTRING( 631518.6771857284 4802675.097189213, 631465.1987355344 4802727.062645638 )
948;10585822708;4800187749;74.93403669750073;5.555555555555555;420.0;1.0;car;408;;residential;376129358;LINESTRING( 631465.1987355344 4802727.062645638, 631518.6771857284 4802675.097189213 )
949;10585822708;3795376656;89.33312410329091;5.555555555555555;420.0;1.0;car;837;;residential;376129358;LINESTRING( 631465.1987355344 4802727.062645638, 631399.2159285997 4802787.284537431 )
95;11237649759;6342424655;134.37989028885153;5.555555555555555;420.0;1.0;car;29;;unclassified;1153095831;LINESTRING( 631074.5717484576 4801967.719762193, 630964.8492930959 4802043.974096526 )
950;3795376656;10585822708;89.33312410329091;5.555555555555555;420.0;1.0;car;405;;residential;376129358;LINESTRING( 631399.2159285997 4802787.284537431, 631465.1987355344 4802727.062645638 )
951;3795376656;5244146876;104.81861994229952;5.555555555555555;420.0;1.0;car;848;;residential;376129358;LINESTRING( 631399.2159285997 4802787.284537431, 631321.7893969889 4802857.939157162 )
952;5244146876;3795376656;104.81861994229952;5.555555555555555;420.0;1.0;car;1024;;residential;376129358;LINESTRING( 631321.7893969889 4802857.939157162, 631399.2159285997 4802787.284537431 )
953;5244146876;3795376655;240.5251669812049;5.555555555555555;420.0;1.0;car;848;;residential;376129358;LINESTRING( 631321.7893969889 4802857.939157162, 631144.1340976143 4803020.084001531 )
954;3795376655;5244146876;240.5251669812049;5.555555555555555;420.0;1.0;car;1024;;residential;376129358;LINESTRING( 631144.1340976143 4803020.084001531, 631321.7893969889 4802857.939157162 )
955;10569480645;10569487958;89.26646950350968;5.555555555555555;420.0;1.0;car;15;;unclassified;1133637303;LINESTRING( 630140.5986709697 4800728.965970262, 630080.769007409 4800699.973614669 )
956;10569487958;10569480645;89.26646950350968;5.555555555555555;420.0;1.0;car;3;;unclassified;1133637303;LINESTRING( 630080.769007409 4800699.973614669, 630140.5986709697 4800728.965970262 )
957;4800167840;4800167841;191.12917350821908;5.555555555555555;420.0;1.0;car;91;;residential;487562279;LINESTRING( 632002.7903393323 4801554.422144939, 631939.3036699726 4801374.145125384 )
958;4800167841;4800167840;191.12917350821908;5.555555555555555;420.0;1.0;car;27;;residential;487562279;LINESTRING( 631939.3036699726 4801374.145125384, 632002.7903393323 4801554.422144939 )
959;4800167841;10580860365;79.19615272069716;5.555555555555555;420.0;1.0;car;8;;residential;487562279;LINESTRING( 631939.3036699726 4801374.145125384, 631911.7036262586 4801299.913944653 )
96;11237649759;6344305634;23.696616881289447;5.555555555555555;420.0;1.0;car;2;;unclassified;1153095831;LINESTRING( 631074.5717484576 4801967.719762193, 631082.8492989384 4801945.515892943 )
960;10580860365;4800167841;79.19615272069716;5.555555555555555;420.0;1.0;car;8;;residential;487562279;LINESTRING( 631911.7036262586 4801299.913944653, 631939.3036699726 4801374.145125384 )
961;4800133567;5244147130;52.32069593134181;5.555555555555555;420.0;1.0;car;356;;residential;487558180;LINESTRING( 631970.3050758237 4803496.211196626, 632009.2022196947 4803461.218805718 )
962;5244147130;4800133567;52.32069593134181;5.555555555555555;420.0;1.0;car;264;;residential;487558180;LINESTRING( 632009.2022196947 4803461.218805718, 631970.3050758237 4803496.211196626 )
963;5244147130;4800133568;45.07249504310593;5.555555555555555;420.0;1.0;car;433;;residential;487558180;LINESTRING( 632009.2022196947 4803461.218805718, 632034.6394875987 4803424.063797402 )
964;4800133568;5244147130;45.07249504310593;5.555555555555555;420.0;1.0;car;386;;residential;487558180;LINESTRING( 632034.6394875987 4803424.063797402, 632009.2022196947 4803461.218805718 )
965;4797651865;4797651866;82.51818383182626;5.555555555555555;420.0;1.0;car;202;;residential;677577038;LINESTRING( 632474.7890165127 4803569.010141599, 632455.2235378041 4803488.845045043 )
966;4797651866;4797651865;82.51818383182626;5.555555555555555;420.0;1.0;car;667;;residential;677577038;LINESTRING( 632455.2235378041 4803488.845045043, 632474.7890165127 4803569.010141599 )
967;10585819113;10585819034;112.80233110366414;5.555555555555555;420.0;1.0;car;32;;residential;1135603358;LINESTRING( 632285.008938153 4803669.726894443, 632194.0419960292 4803663.624774702 )
968;10585819034;10585819113;112.80233110366414;5.555555555555555;420.0;1.0;car;32;;residential;1135603358;LINESTRING( 632194.0419960292 4803663.624774702, 632285.008938153 4803669.726894443 )
969;4800158649;4800158650;78.14080391595476;5.555555555555555;420.0;1.0;car;163;;residential;677350762;LINESTRING( 632186.548545779 4802539.650988966, 632263.0937102742 4802550.747434851 )
97;6344305634;11237649759;23.696616881289447;5.555555555555555;420.0;1.0;car;1;;unclassified;1153095831;LINESTRING( 631082.8492989384 4801945.515892943, 631074.5717484576 4801967.719762193 )
970;4800158650;4800158649;78.14080391595476;5.555555555555555;420.0;1.0;car;446;;residential;677350762;LINESTRING( 632263.0937102742 4802550.747434851, 632186.548545779 4802539.650988966 )
971;7007732202;7007731808;161.627387512708;5.555555555555555;420.0;1.0;car;6;;unclassified;749367708;LINESTRING( 633571.1776823462 4802166.039084786, 633684.2965349973 4802075.327618354 )
972;7007731808;7007732202;161.627387512708;5.555555555555555;420.0;1.0;car;6;;unclassified;749367708;LINESTRING( 633684.2965349973 4802075.327618354, 633571.1776823462 4802166.039084786 )
973;2397237028;2397236997;102.1338332724733;5.555555555555555;420.0;1.0;car;180;;residential;487261235;LINESTRING( 631921.7337529688 4804740.856375729, 631881.1380678192 4804658.6157149635 )
974;2397236997;2397237028;102.1338332724733;5.555555555555555;420.0;1.0;car;40;;residential;487261235;LINESTRING( 631881.1380678192 4804658.6157149635, 631921.7337529688 4804740.856375729 )
975;2397236997;2397236966;71.26686196278307;5.555555555555555;420.0;1.0;car;137;;residential;487261235;LINESTRING( 631881.1380678192 4804658.6157149635, 631865.2830635087 4804589.134894212 )
976;2397236966;2397236997;71.26686196278307;5.555555555555555;420.0;1.0;car;96;;residential;487261235;LINESTRING( 631865.2830635087 4804589.134894212, 631881.1380678192 4804658.6157149635 )
977;2397236966;2397236914;82.3391894009534;5.555555555555555;420.0;1.0;car;172;;residential;487261235;LINESTRING( 631865.2830635087 4804589.134894212, 631848.5430255344 4804508.515682369 )
978;2397236914;2397236966;82.3391894009534;5.555555555555555;420.0;1.0;car;110;;residential;487261235;LINESTRING( 631848.5430255344 4804508.515682369, 631865.2830635087 4804589.134894212 )
979;3795376656;6341089272;558.8040702019331;5.555555555555555;420.0;1.0;car;833;;residential;376129361;LINESTRING( 631399.2159285997 4802787.284537431, 631761.4218817104 4803212.806377535 )
98;10595531666;1844618398;79.33941041318846;5.555555555555555;420.0;1.0;car;659;;unclassified;1153095828;LINESTRING( 630620.782081291 4803826.019863778, 630679.0313579217 4803772.151841569 )
980;6341089272;3795376656;558.8040702019331;5.555555555555555;420.0;1.0;car;531;;residential;376129361;LINESTRING( 631761.4218817104 4803212.806377535, 631399.2159285997 4802787.284537431 )
981;6341089272;5244146856;158.90144899613685;5.555555555555555;420.0;1.0;car;695;;residential;376129361;LINESTRING( 631761.4218817104 4803212.806377535, 631864.8545362456 4803333.434651112 )
982;5244146856;6341089272;158.90144899613685;5.555555555555555;420.0;1.0;car;1038;;residential;376129361;LINESTRING( 631864.8545362456 4803333.434651112, 631761.4218817104 4803212.806377535 )
983;5244146856;4800133567;197.86778178860618;5.555555555555555;420.0;1.0;car;260;;residential;376129361;LINESTRING( 631864.8545362456 4803333.434651112, 631970.3050758237 4803496.211196626 )
984;4800133567;5244146856;197.86778178860618;5.555555555555555;420.0;1.0;car;152;;residential;376129361;LINESTRING( 631970.3050758237 4803496.211196626, 631864.8545362456 4803333.434651112 )
985;4800133567;2015570256;17.03319595363098;5.555555555555555;420.0;1.0;car;454;;residential;376129361;LINESTRING( 631970.3050758237 4803496.211196626, 631981.0860776986 4803509.398302562 )
986;2015570256;4800133567;17.03319595363098;5.555555555555555;420.0;1.0;car;438;;residential;376129361;LINESTRING( 631981.0860776986 4803509.398302562, 631970.3050758237 4803496.211196626 )
987;2015570256;5244147134;210.86848990458193;5.555555555555555;420.0;1.0;car;200;;residential;376129361;LINESTRING( 631981.0860776986 4803509.398302562, 632078.6019879413 4803696.363987339 )
988;5244147134;2015570256;210.86848990458193;5.555555555555555;420.0;1.0;car;183;;residential;376129361;LINESTRING( 632078.6019879413 4803696.363987339, 631981.0860776986 4803509.398302562 )
989;5244147134;3795446059;4.78668705505763;5.555555555555555;420.0;1.0;car;222;;residential;376129361;LINESTRING( 632078.6019879413 4803696.363987339, 632080.7552478886 4803700.639013018 )
99;1844618398;10595531666;79.33941041318846;5.555555555555555;420.0;1.0;car;659;;unclassified;1153095828;LINESTRING( 630679.0313579217 4803772.151841569, 630620.782081291 4803826.019863778 )
990;3795446059;5244147134;4.78668705505763;5.555555555555555;420.0;1.0;car;156;;residential;376129361;LINESTRING( 632080.7552478886 4803700.639013018, 632078.6019879413 4803696.363987339 )
991;6344317889;6344317891;237.80731992017874;5.555555555555555;420.0;1.0;car;44;;residential;677573977;LINESTRING( 632271.5453424951 4801495.602766411, 632182.044845895 4801275.707109425 )
992;6344317891;6344317889;237.80731992017874;5.555555555555555;420.0;1.0;car;36;;residential;677573977;LINESTRING( 632182.044845895 4801275.707109425, 632271.5453424951 4801495.602766411 )
993;9958389868;4800161970;22.68919084024619;5.555555555555555;420.0;1.0;car;1460;;residential;1086851574;LINESTRING( 632601.4817798911 4801280.130601404, 632620.1939350651 4801267.298819387 )
994;4800161970;9958389868;22.68919084024619;5.555555555555555;420.0;1.0;car;1582;;residential;1086851574;LINESTRING( 632620.1939350651 4801267.298819387, 632601.4817798911 4801280.130601404 )
995;4800161970;6344327385;166.60820635541276;5.555555555555555;420.0;1.0;car;1446;;residential;1086851574;LINESTRING( 632620.1939350651 4801267.298819387, 632771.1516286066 4801275.6606364725 )
996;6344327385;4800161970;166.60820635541276;5.555555555555555;420.0;1.0;car;1568;;residential;1086851574;LINESTRING( 632771.1516286066 4801275.6606364725, 632620.1939350651 4801267.298819387 )
997;6344327385;4800161973;41.75004065074533;5.555555555555555;420.0;1.0;car;1468;;residential;1086851574;LINESTRING( 632771.1516286066 4801275.6606364725, 632783.4290535625 4801315.564655453 )
998;4800161973;6344327385;41.75004065074533;5.555555555555555;420.0;1.0;car;1590;;residential;1086851574;LINESTRING( 632783.4290535625 4801315.564655453, 632771.1516286066 4801275.6606364725 )
999;4800161973;4800161974;72.00784554605217;5.555555555555555;420.0;1.0;car;1478;;residential;1086851574;LINESTRING( 632783.4290535625 4801315.564655453, 632785.4936366968 4801387.54289742 )
pt_0;pt_ptStop_node_13323336515;pt_ptStop_node_13323336515;50.0;8.333333333333334;10000.0;1.0;pt;171;16.666666666666664;;;LINESTRING( 634565.6642575064 4803719.994662269, 634565.6642575064 4803719.994662269 )
pt_1;pt_ptStop_node_13323336515;pt_ptStop_node_6094479839;734.2325498962044;8.333333333333334;10000.0;1.0;pt;171;244.74418329873478;;;LINESTRING( 634565.6642575064 4803719.994662269, 633855.9400081353 4803908.114111507 )
pt_10;pt_ptStop_node_10699433596;pt_ptStop_node_10705124687;143.05785712692673;8.333333333333334;10000.0;1.0;pt;171;47.68595237564224;;;LINESTRING( 630345.8965099852 4801569.828367747, 630394.039330335 4801704.542210149 )
pt_11;pt_ptStop_node_10705124687;pt_ptStop_node_10581598642;1234.4388699751285;8.333333333333334;10000.0;1.0;pt;171;411.47962332504284;;;LINESTRING( 630394.039330335 4801704.542210149, 630950.2779400975 4802806.55760601 )
pt_12;pt_ptStop_node_10581598642;pt_ptStop_node_10698921185;2018.6691435832126;8.333333333333334;10000.0;1.0;pt;171;672.8897145277374;;;LINESTRING( 630950.2779400975 4802806.55760601, 632963.1591651685 4802959.313244241 )
pt_13;pt_ptStop_node_10698921185;pt_ptStop_node_12523335138;39.36963868839637;8.333333333333334;10000.0;1.0;pt;171;13.123212896132122;;;LINESTRING( 632963.1591651685 4802959.313244241, 632983.3739037018 4802993.096861521 )
pt_14;pt_ptStop_node_12523335138;pt_ptStop_node_12523335135;1068.1501017163366;8.333333333333334;10000.0;1.0;pt;171;356.0500339054455;;;LINESTRING( 632983.3739037018 4802993.096861521, 633078.5450921156 4804056.9986825045 )
pt_15;pt_ptStop_node_12523335135;pt_ptStop_node_10705149058;51.067867974140846;8.333333333333334;10000.0;1.0;pt;171;17.02262265804695;;;LINESTRING( 633078.5450921156 4804056.9986825045, 633129.552527644 4804054.5150037315 )
pt_16;pt_ptStop_node_10705149058;pt_ptStop_node_6094479839;740.9939224167357;8.333333333333334;10000.0;1.0;pt;171;246.99797413891187;;;LINESTRING( 633129.552527644 4804054.5150037315, 633855.9400081353 4803908.114111507 )
pt_17;pt_ptStop_node_6094479839;pt_ptStop_node_13323336515;734.2325498962044;8.333333333333334;10000.0;1.0;pt;0;244.74418329873478;;;LINESTRING( 633855.9400081353 4803908.114111507, 634565.6642575064 4803719.994662269 )
pt_2;pt_ptStop_node_6094479839;pt_ptStop_node_10705149058;740.9939224167357;8.333333333333334;10000.0;1.0;pt;171;246.99797413891187;;;LINESTRING( 633855.9400081353 4803908.114111507, 633129.552527644 4804054.5150037315 )
pt_3;pt_ptStop_node_10705149058;pt_ptStop_node_12523335135;51.067867974140846;8.333333333333334;10000.0;1.0;pt;171;17.02262265804695;;;LINESTRING( 633129.552527644 4804054.5150037315, 633078.5450921156 4804056.9986825045 )
pt_4;pt_ptStop_node_12523335135;pt_ptStop_node_12523335138;1068.1501017163366;8.333333333333334;10000.0;1.0;pt;171;356.0500339054455;;;LINESTRING( 633078.5450921156 4804056.9986825045, 632983.3739037018 4802993.096861521 )
pt_5;pt_ptStop_node_12523335138;pt_ptStop_node_10698921185;39.36963868839637;8.333333333333334;10000.0;1.0;pt;171;13.123212896132122;;;LINESTRING( 632983.3739037018 4802993.096861521, 632963.1591651685 4802959.313244241 )
pt_6;pt_ptStop_node_10698921185;pt_ptStop_node_10581598642;2018.6691435832126;8.333333333333334;10000.0;1.0;pt;171;672.8897145277374;;;LINESTRING( 632963.1591651685 4802959.313244241, 630950.2779400975 4802806.55760601 )
pt_7;pt_ptStop_node_10581598642;pt_ptStop_node_10705124687;1234.4388699751285;8.333333333333334;10000.0;1.0;pt;171;411.47962332504284;;;LINESTRING( 630950.2779400975 4802806.55760601, 630394.039330335 4801704.542210149 )
pt_8;pt_ptStop_node_10705124687;pt_ptStop_node_10699433596;143.05785712692673;8.333333333333334;10000.0;1.0;pt;0;47.68595237564224;;;LINESTRING( 630394.039330335 4801704.542210149, 630345.8965099852 4801569.828367747 )
pt_9;pt_ptStop_node_10699433596;pt_ptStop_node_10699433596;50.0;8.333333333333334;10000.0;1.0;pt;171;16.666666666666664;;;LINESTRING( 630345.8965099852 4801569.828367747, 630345.8965099852 4801569.828367747 )
