link_id,lane_km,road_capacity_utilization,avg_speed,congestion_index,speed_performance_index,simulated_traffic_volume,vol_car
1,0.14411115482571865,0.05133986928104575,67.16283596580952,0.9593825956240163,0.9593825956240163,3142.0,3142.0
10,0.15028291638062888,0.0010912698412698415,20.000683880601255,1.0,1.0,11.0,11.0
100,0.10442396757429796,0.0020833333333333337,20.000334287479923,1.0,1.0,21.0,21.0
1000,0.07200784554605216,0.15873015873015875,19.939840085401695,0.9969770966280701,0.9969770966280701,1600.0,1600.0
1001,0.07445904260810506,0.005753968253968254,19.751758344143013,0.9875547431137273,0.9875547431137273,58.0,58.0
1002,0.07445904260810506,0.005853174603174603,19.72506066527067,0.9862213227330552,0.9862213227330552,59.0,59.0
1003,0.2255610965455277,0.005952380952380952,19.941546781883087,0.9970601940974733,0.9970601940974733,60.0,60.0
1004,0.2255610965455277,0.006051587301587301,19.93341650085898,0.9966547036281592,0.9966547036281592,61.0,61.0
1005,0.09578222870802401,0.006646825396825397,19.70893242890307,0.9854156404921632,0.9854156404921632,67.0,67.0
1006,0.09578222870802401,0.006845238095238095,19.684248045970367,0.98418335765509,0.98418335765509,69.0,69.0
1007,0.07509856836496631,0.007738095238095238,19.74394790517621,0.9871625004293594,0.9871625004293594,78.0,78.0
1008,0.07509856836496631,0.006349206349206349,19.735146224713937,0.9867235604990147,0.9867235604990147,64.0,64.0
1009,0.09649582058913089,0.005753968253968254,19.77388153600694,0.9886844206524018,0.9886844206524018,58.0,58.0
101,0.10442396757429796,0.0020833333333333337,19.966781095089743,0.9983249520014279,0.9983249520014279,21.0,21.0
1010,0.09649582058913089,0.00882936507936508,19.686241397265878,0.9843041963888155,0.9843041963888155,89.0,89.0
1011,0.08365022812716105,0.005654761904761905,19.62016150355051,0.9810062002531593,0.9810062002531593,57.0,57.0
1012,0.08365022812716105,0.013293650793650793,19.443035859007452,0.9721503441451806,0.9721503441451806,134.0,134.0
1013,0.06212791322100216,4.960317460317462E-4,20.000043601502977,1.0,1.0,5.0,5.0
1014,0.06212791322100216,4.960317460317462E-4,19.957491425402903,0.9978724593223448,0.9978724593223448,5.0,5.0
1015,0.13130766969909682,0.14503968253968255,19.49816602972983,0.9749005864502981,0.9749005864502981,1462.0,1462.0
1016,0.13130766969909682,0.15714285714285717,19.835923123816368,0.991788608872803,0.991788608872803,1584.0,1584.0
1017,0.21251749825949143,0.004464285714285714,19.877097375179105,0.9938519747167939,0.9938519747167939,45.0,45.0
1018,0.21251749825949143,8.928571428571429E-4,19.964164659351436,0.9982046867468953,0.9982046867468953,9.0,9.0
1019,0.12055718392236316,0.0026785714285714286,19.946292141993627,0.9973037732076147,0.9973037732076147,27.0,27.0
102,0.0870462555166407,0.0025793650793650797,20.000416125855665,1.0,1.0,26.0,26.0
1020,0.12055718392236316,2.9761904761904765E-4,19.99174730141136,0.9995742799801497,0.9995742799801497,3.0,3.0
1021,0.14497455712625718,0.00505952380952381,19.867642511415163,0.9933692073193671,0.9933692073193671,51.0,51.0
1022,0.14497455712625718,0.0016865079365079368,19.895575060051396,0.9947651636731846,0.9947651636731846,17.0,17.0
1023,0.051317803031423234,0.0019841269841269845,19.84148102997586,0.9920542140172519,0.9920542140172519,20.0,20.0
1024,0.051317803031423234,0.0011904761904761904,19.825584844642563,0.9912596354189771,0.9912596354189771,12.0,12.0
1025,0.18522283054987854,0.002182539682539682,19.939403722311557,0.9969674149769215,0.9969674149769215,22.0,22.0
1026,0.18522283054987854,1.984126984126984E-4,19.99197742439122,0.9995956553302562,0.9995956553302562,2.0,2.0
1028,0.13052688152032413,0.0072420634920634915,19.89529351733714,0.9947379028506078,0.9947379028506078,73.0,73.0
1029,0.13052688152032413,0.003869047619047619,19.87605311616964,0.9937758827922327,0.9937758827922327,39.0,39.0
103,0.0870462555166407,0.0025793650793650793,19.913955993644933,0.9956813280337933,0.9956813280337933,26.0,26.0
1030,0.35261361445813,0.0027777777777777775,19.982889262466422,0.9991381031941136,0.9991381031941136,28.0,28.0
1031,0.35261361445813,3.9682539682539693E-4,19.993240898456882,0.9996552412776454,0.9996552412776454,4.0,4.0
1032,0.08388083955529349,0.03572303921568627,59.563760824752066,0.8507073944035686,0.8507073944035686,2915.0,2915.0
1033,0.11111047009477866,0.0037847222222222223,44.77536222967708,0.9949511127143371,0.9949511127143371,109.0,109.0
1034,0.6799975470234192,0.03719362745098039,68.93859175030373,0.9848195669374165,0.9848195669374165,3035.0,3035.0
1035,0.17136183917207273,0.0019841269841269845,19.991751605145204,0.9995836856208954,0.9995836856208954,20.0,20.0
1036,0.17136183917207273,0.004265873015873016,19.976126538759356,0.9988030961600743,0.9988030961600743,43.0,43.0
1037,0.15433437400228575,0.009027777777777779,19.943721740553695,0.9971813809788314,0.9971813809788314,91.0,91.0
1038,0.15433437400228575,0.005952380952380952,19.953026896385552,0.997646498291354,0.997646498291354,60.0,60.0
1039,0.03409697133343416,0.008531746031746033,19.17951661094617,0.9589264209532452,0.9589264209532452,86.0,86.0
104,0.12756337269387802,0.004662698412698413,19.992582711207234,0.9996154691430058,0.9996154691430058,47.0,47.0
1040,0.03409697133343416,0.007142857142857143,19.128143756141437,0.956359322262823,0.956359322262823,72.0,72.0
1041,1.1524316891204218,0.008134920634920636,20.000067880048007,1.0,1.0,82.0,82.0
1042,1.1524316891204218,0.006746031746031746,19.983714659481222,0.9991833642432193,0.9991833642432193,68.0,68.0
1043,0.21117506057242869,0.0035714285714285713,19.905171386492942,0.9952476485722941,0.9952476485722941,36.0,36.0
1044,0.21117506057242869,9.920634920634922E-4,19.94743691183806,0.9973598047623856,0.9973598047623856,10.0,10.0
1045,0.22549671517007813,0.003670634920634921,19.96887486472975,0.9984352466867914,0.9984352466867914,37.0,37.0
1046,0.22549671517007813,0.003373015873015873,19.9584326864075,0.9979136622490552,0.9979136622490552,34.0,34.0
1047,0.19843134306943078,0.0033730158730158727,19.98234398410239,0.9991012903001947,0.9991012903001947,34.0,34.0
1048,0.19843134306943078,0.00248015873015873,19.97251741865585,0.9986110850093919,0.9986110850093919,25.0,25.0
1049,0.062430951036258876,0.0031746031746031746,19.70957819304407,0.9854397275204732,0.9854397275204732,32.0,32.0
105,0.12756337269387802,0.01130952380952381,19.967266508621208,0.9983509517829139,0.9983509517829139,114.0,114.0
1050,0.062430951036258876,0.0022817460317460314,19.78906139970621,0.9894107109239805,0.9894107109239805,23.0,23.0
1051,0.05366130940990679,0.012797619047619047,19.687489419372195,0.9843724692983977,0.9843724692983977,129.0,129.0
1052,0.05366130940990679,0.00873015873015873,19.6849442702334,0.9842450193731684,0.9842450193731684,88.0,88.0
1057,0.08793847958665045,6.944444444444445E-4,20.001170489761286,1.0,1.0,7.0,7.0
1058,0.08793847958665045,6.944444444444445E-4,19.987732203338478,0.9993317434593636,0.9993317434593636,7.0,7.0
1059,0.18124037411599403,0.022023809523809525,19.883598526021828,0.9941756581454616,0.9941756581454616,222.0,222.0
106,0.4274254683934626,0.002182539682539683,19.998593441901203,0.9999227893394764,0.9999227893394764,22.0,22.0
1060,0.18124037411599403,0.011805555555555555,19.893060746760906,0.9946486838193029,0.9946486838193029,119.0,119.0
1061,1.3579123159231932,0.010714285714285714,20.00001774508025,1.0,1.0,108.0,108.0
1062,1.3579123159231932,0.010714285714285714,19.981405483668503,0.9990697381341259,0.9990697381341259,108.0,108.0
1065,0.23861103757979749,0.0041666666666666675,44.16841812610406,0.9814929360671709,0.9814929360671709,120.0,120.0
1066,0.26398049694006603,0.008531746031746033,19.980140369761603,0.9989969323622846,0.9989969323622846,43.0,43.0
1067,0.26398049694006603,0.012896825396825396,19.93505840041104,0.9967458382726531,0.9967458382726531,65.0,65.0
1068,0.25456519642867836,0.013392857142857142,19.956547749569307,0.9978178586965749,0.9978178586965749,135.0,135.0
1069,0.25456519642867836,6.944444444444445E-4,19.996267462414707,0.9997981605040331,0.9997981605040331,7.0,7.0
107,0.4274254683934626,0.0021825396825396826,19.997208149995036,0.9998541576412332,0.9998541576412332,22.0,22.0
1070,0.11471143742894678,0.014682539682539684,19.836224013004657,0.9918097190395638,0.9918097190395638,148.0,148.0
1071,0.11471143742894678,0.05892857142857143,19.809297186720126,0.9904634962541908,0.9904634962541908,594.0,594.0
1072,0.10736992091483961,0.017857142857142856,19.656218555503244,0.9827954572147314,0.9827954572147314,180.0,180.0
1073,0.10736992091483961,0.010317460317460317,19.76634611706757,0.9882970994071014,0.9882970994071014,104.0,104.0
1074,0.20919408770458373,0.020535714285714286,19.904696463897515,0.9952221381895121,0.9952221381895121,207.0,207.0
1075,0.20919408770458373,0.015476190476190477,19.908413175347313,0.9954077148843414,0.9954077148843414,156.0,156.0
1076,0.13900922423416975,0.020734126984126987,19.598333173067545,0.9799031875751756,0.9799031875751756,209.0,209.0
1077,0.13900922423416975,0.008928571428571428,19.72729278528182,0.9863475942263665,0.9863475942263665,90.0,90.0
1078,0.13954472616120042,0.006845238095238095,19.792922956618852,0.9896447178251147,0.9896447178251147,69.0,69.0
1079,0.13954472616120042,0.010813492063492063,19.73038888864158,0.9865182247212256,0.9865182247212256,109.0,109.0
108,0.024934838178183028,8.928571428571429E-4,19.873199369392506,0.9936033859009118,0.9936033859009118,9.0,9.0
1080,0.06671382135126841,0.007142857142857143,19.419456356510157,0.9709465798659569,0.9709465798659569,72.0,72.0
1081,0.06671382135126841,0.01507936507936508,19.29399670141172,0.9646774058470989,0.9646774058470989,152.0,152.0
1082,0.06575973778028477,0.0016865079365079366,19.969950615688475,0.9984412159765311,0.9984412159765311,17.0,17.0
1083,0.06575973778028477,0.001388888888888889,19.961408405749545,0.9980160930610396,0.9980160930610396,14.0,14.0
1084,0.047041841200794535,0.0030753968253968257,19.729803042973685,0.9864417721703084,0.9864417721703084,31.0,31.0
1085,0.047041841200794535,0.002777777777777778,19.766819254973246,0.9882906214198117,0.9882906214198117,28.0,28.0
1086,0.1724664785231249,0.0014880952380952382,20.00062244896594,1.0,1.0,15.0,15.0
1087,0.1724664785231249,0.001488095238095238,19.919623834419202,0.9959542837708699,0.9959542837708699,15.0,15.0
1088,0.11558060665775233,0.04246031746031746,19.844977478337807,0.9922368908824856,0.9922368908824856,428.0,428.0
1089,0.11558060665775233,0.06240079365079365,19.89876298745804,0.9949259113803184,0.9949259113803184,629.0,629.0
109,0.024934838178183028,8.928571428571429E-4,19.809195506689147,0.9904050788513677,0.9904050788513677,9.0,9.0
1090,0.39385507223142474,0.01904761904761905,19.957119281008374,0.997848451541432,0.997848451541432,192.0,192.0
1091,0.39385507223142474,0.009424603174603174,19.98675681101375,0.9993307304975392,0.9993307304975392,95.0,95.0
1092,0.19825676680608684,0.0026785714285714286,20.00012219082869,1.0,1.0,27.0,27.0
1093,0.19825676680608684,0.0026785714285714286,19.963779376199522,0.9981841320896738,0.9981841320896738,27.0,27.0
1094,0.19171792931952136,0.003472222222222222,19.970905337757635,0.9985393668973627,0.9985393668973627,35.0,35.0
1095,0.19171792931952136,0.014186507936507936,19.897839380355308,0.9948877841407693,0.9948877841407693,143.0,143.0
1096,0.15290896422754138,0.005257936507936508,20.00044585325542,1.0,1.0,53.0,53.0
1097,0.15290896422754138,0.005257936507936508,19.904617824183966,0.9952148683578316,0.9952148683578316,53.0,53.0
1098,0.2531680016099883,0.009623015873015874,19.92001912600706,0.9959974409789004,0.9959974409789004,97.0,97.0
1099,0.2531680016099883,0.0035714285714285713,19.94752366064302,0.99737239307621,0.99737239307621,36.0,36.0
11,0.09152055455296894,0.08212418300653596,61.832772455044,0.883250193757832,0.883250193757832,5026.0,5026.0
110,0.03261655848059739,6.944444444444445E-4,19.98076759136681,0.9988800392926,0.9988800392926,7.0,7.0
1100,0.07594176626209623,0.0016865079365079364,20.000757812828034,1.0,1.0,17.0,17.0
1101,0.07594176626209623,0.0016865079365079364,19.931796866619223,0.996557478408097,0.996557478408097,17.0,17.0
1102,0.0328728142678657,0.008333333333333335,19.87820114744209,0.9938984255813231,0.9938984255813231,84.0,84.0
1103,0.0328728142678657,0.009226190476190476,19.866060163064187,0.9932915639719566,0.9932915639719566,93.0,93.0
1104,0.029867331155952952,0.0017857142857142857,19.740439185887652,0.9870024918348236,0.9870024918348236,18.0,18.0
1105,0.029867331155952952,0.004067460317460318,19.523767698707193,0.9761712350305098,0.9761712350305098,41.0,41.0
1106,0.025008222360711367,0.13506944444444444,33.983768795127375,0.6841525943561683,0.7550441188342333,1556.0,1556.0
1107,0.025008222360711367,0.11744791666666667,36.10544337482562,0.7898136890427375,0.8021890168438979,1353.0,1353.0
1108,0.09730828448927517,0.13541666666666669,43.431035642634114,0.9650951011618132,0.9650951011618132,1560.0,1560.0
1109,0.09730828448927517,0.12092013888888889,43.9389159553966,0.9763804434199934,0.9763804434199934,1393.0,1393.0
111,0.03261655848059739,6.944444444444445E-4,19.971738305586406,0.9984320550096402,0.9984320550096402,7.0,7.0
1110,0.08883758604040336,0.134375,41.77986477111677,0.9284409954556896,0.9284409954556896,1548.0,1548.0
1111,0.08883758604040336,0.12100694444444444,42.08741362693388,0.9352754043851553,0.9352754043851553,1394.0,1394.0
1112,0.09364274838742734,0.1332465277777778,43.07056587219197,0.9570974125834154,0.9570974125834154,1535.0,1535.0
1113,0.09364274838742734,0.11970486111111112,43.341169262497864,0.9631108212568796,0.9631108212568796,1379.0,1379.0
1114,0.08645100348686344,0.1284722222222222,44.534249801782494,0.9896444335656073,0.9896444335656073,1480.0,1480.0
1115,0.08645100348686344,0.12048611111111113,44.505785038400944,0.9890121250956116,0.9890121250956116,1388.0,1388.0
1116,0.08058123304801049,0.12994791666666666,42.70980905983269,0.9490698010544469,0.9490698010544469,1497.0,1497.0
1117,0.08058123304801049,0.11753472222222222,42.89714916462936,0.9532337202974563,0.9532337202974563,1354.0,1354.0
1118,0.027921734641735512,0.13289930555555554,37.80912180241078,0.8229162922820515,0.8400441780145247,1531.0,1531.0
1119,0.027921734641735512,0.11536458333333334,38.89198993938087,0.864111360667849,0.864111360667849,1329.0,1329.0
112,0.035430795830908454,0.005654761904761905,19.470673254377626,0.973472433202842,0.973472433202842,57.0,57.0
1120,0.08595467489851903,0.13211805555555553,44.16328074352311,0.9813801764350061,0.9813801764350061,1522.0,1522.0
1121,0.08595467489851903,0.14296875,44.33740127245273,0.9852500880942864,0.9852500880942864,1647.0,1647.0
1122,0.015199120290310723,0.1290798611111111,35.74185475882445,0.7879278079421519,0.7938968181286825,1487.0,1487.0
1123,0.015199120290310723,0.140625,35.078557190671944,0.7567330796765595,0.7791648421905272,1620.0,1620.0
1124,0.08674134336959949,0.1271701388888889,44.57362690503748,0.9905038102880529,0.9905038102880529,1465.0,1465.0
1125,0.08674134336959949,0.13871527777777778,44.75574425616029,0.9945513241014464,0.9945513241014464,1598.0,1598.0
1126,0.07631455966186254,0.12682291666666667,41.79909605361756,0.9288558685617339,0.9288558685617339,1461.0,1461.0
1127,0.07631455966186254,0.13836805555555556,41.76530406475528,0.9281052166200308,0.9281052166200308,1594.0,1594.0
1128,0.09362552868397533,0.12751736111111112,43.24799310810212,0.9610638077431461,0.9610638077431461,1469.0,1469.0
1129,0.09362552868397533,0.1359375,43.36602567912728,0.9636868125870196,0.9636868125870196,1566.0,1566.0
113,0.035430795830908454,0.01378968253968254,19.315603668041575,0.9657278277289439,0.9657278277289439,139.0,139.0
1130,0.0204297173424342,9.92063492063492E-5,20.00189894826302,1.0,1.0,1.0,1.0
1131,0.0204297173424342,9.92063492063492E-5,19.985074434303932,0.9991597633375994,0.9991597633375994,1.0,1.0
1132,0.1723409068991626,0.0035714285714285713,19.887499330544845,0.9943647206738491,0.9943647206738491,36.0,36.0
1133,0.1723409068991626,0.005853174603174603,19.808044814262676,0.9903939464508631,0.9903939464508631,59.0,59.0
1134,0.3597492907993896,0.00882936507936508,19.97739701092376,0.9988603081201525,0.9988603081201525,89.0,89.0
1135,0.3597492907993896,0.01359126984126984,19.967942074631463,0.9983893855928678,0.9983893855928678,137.0,137.0
1136,0.10886586793853589,0.017956349206349205,19.8135202025665,0.9906514309613558,0.9906514309613558,181.0,181.0
1137,0.10886586793853589,0.022123015873015874,19.819459749155335,0.9909488634605562,0.9909488634605562,223.0,223.0
1138,0.031111557498990125,0.00744047619047619,19.56972523039156,0.9784765466048001,0.9784765466048001,75.0,75.0
1139,0.031111557498990125,0.0031746031746031746,19.680837935745096,0.9840309861906582,0.9840309861906582,32.0,32.0
114,0.0056440287159689176,0.034623015873015875,15.113294262067999,0.7251078650221495,0.7551994701349489,349.0,349.0
1140,0.14250184928761891,9.92063492063492E-4,20.0002595491395,1.0,1.0,10.0,10.0
1141,0.14250184928761891,9.92063492063492E-4,19.977823360542708,0.9988792720249083,0.9988792720249083,10.0,10.0
1142,0.08856304991907672,0.014087301587301588,19.966635023011406,0.998319892811906,0.998319892811906,142.0,142.0
1143,0.08856304991907672,0.0028769841269841267,19.986609418620976,0.9993126834230525,0.9993126834230525,29.0,29.0
1144,0.06234099233793196,0.012202380952380952,19.432634843704093,0.9716127622176784,0.9716127622176784,123.0,123.0
1145,0.06234099233793196,9.920634920634922E-4,19.892476748130633,0.9945929070890817,0.9945929070890817,10.0,10.0
1146,0.10665127283092644,0.008630952380952382,19.74093351508034,0.9870385949982133,0.9870385949982133,87.0,87.0
1147,0.10665127283092644,0.004365079365079365,19.782756930889075,0.9891291441920499,0.9891291441920499,44.0,44.0
1148,0.04100945551802066,1.984126984126984E-4,20.001902162969024,1.0,1.0,2.0,2.0
1149,0.04100945551802066,1.984126984126984E-4,19.969659513388613,0.9983898489407389,0.9983898489407389,2.0,2.0
115,0.0056440287159689176,0.0061507936507936515,16.816963948881835,0.8351602313548065,0.8402310384043099,62.0,62.0
1150,0.08057703291118036,0.04345238095238095,19.641089239214327,0.9820252306317199,0.9820252306317199,438.0,438.0
1151,0.08057703291118036,0.03482142857142857,19.611233523612608,0.9805312009652937,0.9805312009652937,351.0,351.0
1152,0.2219818509113399,0.032341269841269844,20.000366985704865,1.0,1.0,326.0,326.0
1153,0.2219818509113399,0.03234126984126984,19.98982512560615,0.99948169936091,0.99948169936091,326.0,326.0
1154,0.2163811328401812,9.920634920634922E-4,20.00031011155008,1.0,1.0,10.0,10.0
1155,0.2163811328401812,9.920634920634922E-4,19.998087854871017,0.9998901792975056,0.9998901792975056,10.0,10.0
1156,0.2412445777911584,0.0015873015873015873,20.000011054904437,1.0,1.0,16.0,16.0
1157,0.2412445777911584,0.0015873015873015875,19.964556489852562,0.9982273465983217,0.9982273465983217,16.0,16.0
1158,0.08350526700593461,0.006944444444444444,19.54654537756804,0.9772878451812866,0.9772878451812866,70.0,70.0
1159,0.08350526700593461,9.920634920634922E-4,19.900213518143328,0.9949528544847304,0.9949528544847304,10.0,10.0
116,0.30829526998097356,0.0061507936507936515,19.969874902830746,0.9984915136802834,0.9984915136802834,62.0,62.0
1160,0.029637210199897054,0.007837301587301589,19.100623567454747,0.9549534993112454,0.9549534993112454,79.0,79.0
1161,0.029637210199897054,0.0018849206349206352,19.655696176935386,0.9826744228120174,0.9826744228120174,19.0,19.0
1162,0.08800965735897032,8.928571428571428E-4,20.000932169199743,1.0,1.0,9.0,9.0
1163,0.08800965735897032,8.928571428571428E-4,19.984368897247126,0.9991757204407014,0.9991757204407014,9.0,9.0
1164,0.09389524817920737,0.0025793650793650797,20.00017119964183,1.0,1.0,26.0,26.0
1165,0.09389524817920737,0.0025793650793650797,19.975906286054027,0.9987885376502124,0.9987885376502124,26.0,26.0
1166,0.2019273997396251,0.0071428571428571435,19.897402071023738,0.9948519410719906,0.9948519410719906,72.0,72.0
1167,0.2019273997396251,5.952380952380953E-4,19.978417661816668,0.9988968445154266,0.9988968445154266,6.0,6.0
1168,0.07855354341901702,6.944444444444445E-4,19.9411078433704,0.9970126313035523,0.9970126313035523,7.0,7.0
1169,0.07855354341901702,9.92063492063492E-5,19.988943334482766,0.9994025262607105,0.9994025262607105,1.0,1.0
117,0.30829526998097356,0.0020833333333333337,19.969874902830746,0.9984915136802834,0.9984915136802834,21.0,21.0
1170,0.1493643119258694,0.43452380952380953,13.091837640726009,0.5884806016861844,0.6545820599341037,4380.0,4380.0
1171,0.1493643119258694,0.4246031746031746,13.59076115688116,0.6111101144931298,0.6795282357418612,4280.0,4280.0
1172,0.07226888835216663,0.004464285714285715,19.64631825156159,0.9822928554176784,0.9822928554176784,45.0,45.0
1173,0.07226888835216663,0.006349206349206349,19.5363066594117,0.9767945174785564,0.9767945174785564,64.0,64.0
1174,0.179598453928425,0.009126984126984126,19.84573475413996,0.992272551895439,0.992272551895439,92.0,92.0
1175,0.179598453928425,0.0038690476190476187,19.89847453076792,0.9949069826296704,0.9949069826296704,39.0,39.0
1176,0.08615634856899586,0.0047619047619047615,19.83362005563908,0.9916742912128259,0.9916742912128259,48.0,48.0
1177,0.08615634856899586,0.002281746031746032,19.865799628147013,0.9932823110426328,0.9932823110426328,23.0,23.0
118,0.25925118805989594,0.004563492063492063,19.97336280771472,0.998664416957904,0.998664416957904,46.0,46.0
1182,0.11631767797926366,0.020833333333333336,19.92101845758768,0.9960463039384142,0.9960463039384142,210.0,210.0
1183,0.11631767797926366,0.015873015873015872,19.973923661312373,0.9986912924222388,0.9986912924222388,160.0,160.0
1186,0.10909259793284377,0.059722222222222225,19.70831150730531,0.9853999919406231,0.9853999919406231,602.0,602.0
1187,0.10909259793284377,0.022321428571428572,19.742795226359743,0.9871231153871189,0.9871231153871189,225.0,225.0
1188,0.187736454970378,0.007837301587301587,19.964059212059798,0.9981906627830452,0.9981906627830452,79.0,79.0
1189,0.187736454970378,0.03630952380952381,19.916095779557395,0.9957963017500207,0.9957963017500207,366.0,366.0
119,0.25925118805989594,0.005952380952380953,19.95530730816622,0.9977620238705129,0.9977620238705129,60.0,60.0
1190,0.1365508136405281,0.0071428571428571435,19.912410315128824,0.9956161089093235,0.9956161089093235,72.0,72.0
1191,0.1365508136405281,0.031746031746031744,19.820997339791482,0.9910467015078416,0.9910467015078416,320.0,320.0
1192,0.1688825232418566,0.010615079365079366,19.87514180895121,0.9937380644118144,0.9937380644118144,107.0,107.0
1193,0.1688825232418566,0.03601190476190476,19.75699924803601,0.987836205114415,0.987836205114415,363.0,363.0
1194,0.16824444834089625,0.0051587301587301595,19.908575729889215,0.9954287679186375,0.9954287679186375,52.0,52.0
1195,0.16824444834089625,0.024305555555555556,19.752212606197546,0.9876106180064099,0.9876106180064099,245.0,245.0
1196,0.17003825057051608,0.004265873015873016,19.955563642467894,0.997754383987157,0.997754383987157,43.0,43.0
1197,0.17003825057051608,0.015376984126984128,19.895990734850137,0.9947823659353479,0.9947823659353479,155.0,155.0
1198,0.17246092423059703,0.004563492063492063,19.863404802262988,0.9931462434743373,0.9931462434743373,46.0,46.0
1199,0.17246092423059703,0.009523809523809523,19.77472370517151,0.9887164042455008,0.9887164042455008,96.0,96.0
12,0.09152055455296894,0.08212418300653596,61.99005517602724,0.8854953823394122,0.8854953823394122,5026.0,5026.0
1200,0.17647010786712156,0.018948412698412697,19.910094534034684,0.9954939607624568,0.9954939607624568,191.0,191.0
1201,0.17647010786712156,0.007638888888888889,19.94968589764534,0.9974714976336921,0.9974714976336921,77.0,77.0
1202,0.22886221543230956,0.001884920634920635,20.00009650579717,1.0,1.0,19.0,19.0
1203,0.22886221543230956,0.004662698412698413,19.882999679431972,0.9941465157945126,0.9941465157945126,47.0,47.0
1204,0.9169229435116253,0.03174603174603175,20.000015732837216,1.0,1.0,320.0,320.0
1205,0.9169229435116253,0.031746031746031744,19.940151227914,0.9970071844631418,0.9970071844631418,320.0,320.0
1206,0.04716128239219377,0.03988095238095238,19.39974839511501,0.9699855660097889,0.9699855660097889,402.0,402.0
1207,0.04716128239219377,0.04950396825396825,19.096113068107346,0.9548039509856066,0.9548039509856066,499.0,499.0
1208,0.45303463086740814,0.00882936507936508,19.953958234036403,0.9976957636246602,0.9976957636246602,89.0,89.0
1209,0.45303463086740814,0.0024801587301587305,19.980448486058755,0.9990200673849426,0.9990200673849426,25.0,25.0
1210,0.33795758018599525,0.012797619047619047,19.98118527671046,0.9990553323607944,0.9990553323607944,129.0,129.0
1211,0.33795758018599525,0.0076388888888888895,19.98008898359013,0.9990003928960562,0.9990003928960562,77.0,77.0
1212,0.09372087095534692,0.0017857142857142857,19.9832371279827,0.999122135105139,0.999122135105139,18.0,18.0
1213,0.09372087095534692,0.0014880952380952382,19.98002619962774,0.9989625233060734,0.9989625233060734,15.0,15.0
1214,0.020322812000876513,0.0014880952380952382,19.687357051704375,0.9843427611956413,0.9843427611956413,15.0,15.0
1215,0.020322812000876513,0.0014880952380952382,19.76901120706504,0.9884254689636746,0.9884254689636746,15.0,15.0
1216,0.19498501682423483,0.0012896825396825399,20.000172680492504,1.0,1.0,13.0,13.0
1217,0.19498501682423483,0.0012896825396825399,19.937463805733877,0.9968656355151468,0.9968656355151468,13.0,13.0
1218,0.054412511842855914,0.0,20.000514869744872,1.0,1.0,0.0,0.0
1219,0.054412511842855914,0.0,20.000514869744872,1.0,1.0,0.0,0.0
122,0.15449261521158292,0.016170634920634922,19.934766535798385,0.9967257641190128,0.9967257641190128,163.0,163.0
1220,0.03232271334206455,9.92063492063492E-5,20.000303889899005,1.0,1.0,1.0,1.0
1221,0.03232271334206455,9.92063492063492E-5,19.993984349433795,0.9996841812527285,0.9996841812527285,1.0,1.0
1222,0.1164562142907107,0.0019841269841269845,20.00011313073936,1.0,1.0,20.0,20.0
1223,0.1164562142907107,0.0019841269841269845,19.993704364329414,0.999680563357924,0.999680563357924,20.0,20.0
1224,0.1395495182380567,3.968253968253969E-4,20.00072719392484,1.0,1.0,4.0,4.0
1225,0.1395495182380567,3.968253968253969E-4,19.979524499952433,0.9989410015418873,0.9989410015418873,4.0,4.0
1226,0.3816019157889315,0.09007936507936508,19.940610810645964,0.9970280303266751,0.9970280303266751,908.0,908.0
1227,0.3816019157889315,0.09007936507936508,19.951114655051153,0.9975534317307365,0.9975534317307365,908.0,908.0
1228,0.5953923508948127,0.09255952380952381,19.913511832208968,0.9956727448317599,0.9956727448317599,933.0,933.0
1229,0.5953923508948127,0.09255952380952381,19.91649437677174,0.9958220537691767,0.9958220537691767,933.0,933.0
123,0.15449261521158292,0.02847222222222222,19.911125581096634,0.9955442188907615,0.9955442188907615,287.0,287.0
1230,0.15697340227721418,0.09742063492063492,19.466757867540974,0.9733344478085886,0.9733344478085886,982.0,982.0
1231,0.15697340227721418,0.09742063492063492,19.70255446195032,0.9851241209123078,0.9851241209123078,982.0,982.0
1232,0.0184334007759167,0.09226190476190477,18.224025009870182,0.9111994973522144,0.9111994973522144,930.0,930.0
1233,0.0184334007759167,0.09226190476190477,18.152983083281264,0.907647477246303,0.907647477246303,930.0,930.0
1234,0.6104370756713108,0.0047619047619047615,20.00012261250404,1.0,1.0,48.0,48.0
1235,0.6104370756713108,0.0047619047619047615,19.99342181384845,0.999666812026917,0.999666812026917,48.0,48.0
1236,0.08507249796890708,0.0,20.000064826491574,1.0,1.0,0.0,0.0
1237,0.08507249796890708,0.0,20.000064826491574,1.0,1.0,0.0,0.0
1238,0.0645538819194024,0.001984126984126984,20.001202763563874,1.0,1.0,20.0,20.0
1239,0.0645538819194024,0.001984126984126984,19.895363065606684,0.9947180381318393,0.9947180381318393,20.0,20.0
124,0.11766283717811318,0.01130952380952381,19.665979779976855,0.983290890037214,0.983290890037214,114.0,114.0
1240,0.08886973594240345,0.002182539682539682,19.999961567880096,0.9999685771971724,0.9999685771971724,22.0,22.0
1241,0.08886973594240345,0.002380952380952381,19.99970114221916,0.9999573547675911,0.9999573547675911,24.0,24.0
1242,0.019342540636994556,0.003472222222222222,19.327867727954175,0.9662537314231133,0.9662537314231133,35.0,35.0
1243,0.019342540636994556,0.0036706349206349206,19.35490408224515,0.9676035821661888,0.9676035821661888,37.0,37.0
1244,0.031096977070233147,0.001388888888888889,19.861687036427163,0.993011386677812,0.993011386677812,14.0,14.0
1245,0.031096977070233147,0.002976190476190476,19.721745083603064,0.9860227733556238,0.9860227733556238,30.0,30.0
1246,0.07783204998666603,0.03640873015873016,19.316044478625784,0.9657753491787534,0.9657753491787534,367.0,367.0
1247,0.07783204998666603,0.029365079365079365,19.276935163794505,0.9638210270436802,0.9638210270436802,296.0,296.0
1248,0.2955154154466812,0.0016865079365079366,20.00029131463476,1.0,1.0,17.0,17.0
1249,0.2955154154466812,0.02638888888888889,19.84754217618395,0.9923699776697007,0.9923699776697007,266.0,266.0
125,0.11766283717811318,0.023412698412698413,19.6158210745176,0.9807837188172353,0.9807837188172353,236.0,236.0
1254,1.0410598553378174,0.08432539682539683,20.00008260428061,1.0,1.0,850.0,850.0
1255,1.0410598553378174,0.08432539682539682,19.96438312978148,0.9982172634743101,0.9982172634743101,850.0,850.0
1256,0.11821747831192585,0.0,20.000137314861274,1.0,1.0,0.0,0.0
1257,0.11821747831192585,0.0,20.000137314861274,1.0,1.0,0.0,0.0
1258,0.028880577878150866,0.0021825396825396826,19.5563405185678,0.9777362227240877,0.9777362227240877,22.0,22.0
1259,0.028880577878150866,0.0015873015873015873,19.667740208151663,0.9833021670430657,0.9833021670430657,16.0,16.0
126,0.18088050959256588,0.004464285714285714,19.947283584459424,0.9973520652798533,0.9973520652798533,45.0,45.0
1260,0.33382607652098256,0.0125,19.937935118020185,0.9968876153475985,0.9968876153475985,126.0,126.0
1261,0.33382607652098256,0.003869047619047619,19.94104990808138,0.9970432345802186,0.9970432345802186,39.0,39.0
1262,0.11380529386814317,0.02212301587301587,19.695713619072723,0.9847614522806025,0.9847614522806025,223.0,223.0
1263,0.11380529386814317,0.013492063492063491,19.77056252219139,0.9885034128630752,0.9885034128630752,136.0,136.0
1264,0.019083902487733576,0.0020833333333333333,19.5003211569187,0.9749915146157936,0.9749915146157936,21.0,21.0
1265,0.019083902487733576,0.0020833333333333337,19.5003211569187,0.9749915146157936,0.9749915146157936,21.0,21.0
1267,0.14699530233793662,0.01130952380952381,19.828225721063223,0.9914078815852418,0.9914078815852418,114.0,114.0
1268,0.14699530233793662,0.023412698412698413,19.763426272213554,0.9881684562893883,0.9881684562893883,236.0,236.0
1269,0.24708376153752518,0.009523809523809523,19.888233229904777,0.9944105422431355,0.9944105422431355,96.0,96.0
127,0.18088050959256588,8.928571428571429E-4,19.977978492485068,0.998885080117833,0.998885080117833,9.0,9.0
1270,0.24708376153752518,0.029960317460317458,19.883367791856156,0.9941675230750503,0.9941675230750503,302.0,302.0
1271,0.2463320022999534,0.01795634920634921,19.86875278036693,0.9934281707874165,0.9934281707874165,181.0,181.0
1272,0.2463320022999534,0.037896825396825394,19.855129876625647,0.9927477401838187,0.9927477401838187,382.0,382.0
1273,0.09928175624123448,0.0020833333333333333,19.975221752420264,0.9987281100105194,0.9987281100105194,21.0,21.0
1274,0.09928175624123448,0.0020833333333333337,19.975221752420264,0.9987281100105194,0.9987281100105194,21.0,21.0
1275,0.10952744321340141,0.011607142857142858,19.90822077601153,0.9953782652559673,0.9953782652559673,117.0,117.0
1276,0.10952744321340141,0.012103174603174604,19.8619652163577,0.9930724392372838,0.9930724392372838,122.0,122.0
1277,0.03303371841859699,0.005357142857142857,19.884217151708544,0.9942026002071701,0.9942026002071701,54.0,54.0
1278,0.03303371841859699,0.011706349206349206,19.79876648105367,0.9899315238588248,0.9899315238588248,118.0,118.0
1279,0.08034583551538259,0.03630952380952381,19.651604322758928,0.9825711985124139,0.9825711985124139,366.0,366.0
128,0.3816432368755137,0.01121031746031746,19.970908183533204,0.9985372205054381,0.9985372205054381,113.0,113.0
1280,0.08034583551538259,0.01636904761904762,19.686507509826676,0.9843156364557586,0.9843156364557586,165.0,165.0
1281,0.20504391965104027,0.0016865079365079364,20.00049071297437,1.0,1.0,17.0,17.0
1282,0.20504391965104027,0.0016865079365079364,19.993683113517164,0.9996629425629038,0.9996629425629038,17.0,17.0
1283,0.09808563898748246,0.09593253968253969,19.759376471375937,0.9879582943495516,0.9879582943495516,967.0,967.0
1284,0.09808563898748246,0.09593253968253969,19.474368760233073,0.9737074190612809,0.9737074190612809,967.0,967.0
1285,5.10727179231022,0.025496031746031746,20.00002007196369,1.0,1.0,257.0,257.0
1286,5.10727179231022,0.025496031746031746,19.99249832528445,0.9996244144651303,0.9996244144651303,257.0,257.0
1287,0.09202355206811379,0.0025793650793650793,19.920140810062428,0.9959948471715118,0.9959948471715118,26.0,26.0
1288,0.09202355206811379,0.0014880952380952384,19.94151366794435,0.9970628879257752,0.9970628879257752,15.0,15.0
1289,0.09475799139204102,0.04573412698412698,19.420075509200377,0.9709914577479603,0.9709914577479603,461.0,461.0
129,0.3816432368755137,0.0028769841269841267,19.979967966024745,0.9989896162480426,0.9989896162480426,29.0,29.0
1290,0.09475799139204102,0.048313492063492065,19.37911441216197,0.9689428673433418,0.9689428673433418,487.0,487.0
1291,0.5101951546375298,0.006845238095238095,19.99367592907903,0.9996826509500499,0.9996826509500499,69.0,69.0
1292,0.5101951546375298,0.006845238095238095,19.983272979430037,0.9991627354683906,0.9991627354683906,69.0,69.0
1293,0.11995726115837578,0.0021825396825396826,20.000284372459838,1.0,1.0,22.0,22.0
1294,0.11995726115837578,0.002182539682539683,19.93460162037301,0.9967183802768135,0.9967183802768135,22.0,22.0
1295,0.19857488059097436,0.05476190476190476,19.832712087130524,0.9916275161266126,0.9916275161266126,552.0,552.0
1296,0.19857488059097436,0.04573412698412698,19.91598751394366,0.9957932397986279,0.9957932397986279,461.0,461.0
1297,0.11731426406095645,0.06160714285714286,19.5945365825493,0.979710871014436,0.979710871014436,621.0,621.0
1298,0.11731426406095645,0.07698412698412699,19.55847856042246,0.9779116094777321,0.9779116094777321,776.0,776.0
1299,0.7324013001418205,0.09900793650793652,19.940466572158698,0.9970225149837755,0.9970225149837755,998.0,998.0
13,0.11013882169809666,0.0012896825396825399,20.0009966764098,1.0,1.0,13.0,13.0
130,0.003310856890207939,0.016865079365079364,16.578922233946574,0.8102962665569053,0.8280105820527904,170.0,170.0
1300,0.7324013001418205,0.08363095238095238,19.316116306142533,0.9475893387776448,0.9658049462085926,843.0,843.0
1301,0.32959207183228834,0.012202380952380952,19.96508864060189,0.9982462836713851,0.9982462836713851,123.0,123.0
1302,0.32959207183228834,0.009424603174603174,19.910609853634345,0.9955243562634298,0.9955243562634298,95.0,95.0
1303,0.18376503112446765,0.0029761904761904765,19.983459368617126,0.9991523029433862,0.9991523029433862,30.0,30.0
1304,0.18376503112446765,0.001884920634920635,19.926901789601004,0.9963266460880068,0.9963266460880068,19.0,19.0
1305,0.008578885599603741,0.0025793650793650797,19.004954176920087,0.9501468102421986,0.9501468102421986,26.0,26.0
1306,0.008578885599603741,0.0014880952380952382,19.432509388636092,0.9715124629955421,0.9715124629955421,15.0,15.0
1307,0.02779750445249226,8.928571428571429E-4,20.00220188466363,1.0,1.0,9.0,9.0
1308,0.02779750445249226,8.928571428571429E-4,19.690605083429105,0.9844304812726344,0.9844304812726344,9.0,9.0
1309,0.149117621215467,0.026190476190476188,19.90927352324567,0.9954604088037263,0.9954604088037263,264.0,264.0
131,0.003310856890207939,0.008630952380952382,16.905193547911523,0.8442740300915091,0.8442740300915091,87.0,87.0
1310,0.149117621215467,0.02093253968253968,19.931669449661904,0.9965801384437512,0.9965801384437512,211.0,211.0
1311,0.11762314863631768,0.017261904761904763,19.647313835520897,0.9823615075540593,0.9823615075540593,174.0,174.0
1312,0.11762314863631768,0.0033730158730158727,19.811974223315048,0.9905928040288317,0.9905928040288317,34.0,34.0
1313,0.23546004800072645,0.0035714285714285713,20.000381596022258,1.0,1.0,36.0,36.0
1314,0.23546004800072645,0.0035714285714285713,19.91953703029764,0.9959631379078321,0.9959631379078321,36.0,36.0
1315,0.26167498758768576,0.03829365079365079,19.77641932330737,0.9888159023074625,0.9888159023074625,386.0,386.0
1316,0.26167498758768576,0.021626984126984126,19.81681966600884,0.9908355891909335,0.9908355891909335,218.0,218.0
1317,0.10262458031089713,0.011805555555555555,19.752958265796053,0.9876347486138283,0.9876347486138283,119.0,119.0
1318,0.10262458031089713,0.02599206349206349,19.706235625461126,0.9853002921012968,0.9853002921012968,262.0,262.0
1319,0.11980710477048939,0.013392857142857142,19.823125649242904,0.9911491434297292,0.9911491434297292,135.0,135.0
132,0.1727181149792475,0.00496031746031746,19.893364960510436,0.9946612601234622,0.9946612601234622,50.0,50.0
1320,0.11980710477048939,0.02589285714285714,19.802528791997698,0.990119974061093,0.990119974061093,261.0,261.0
1321,0.024654597422136867,0.005158730158730159,19.229460779445258,0.9613506430989437,0.9613506430989437,52.0,52.0
1322,0.024654597422136867,0.0062499999999999995,19.15907265394494,0.9578370651988477,0.9578370651988477,63.0,63.0
1323,0.5035991756042891,0.03859126984126984,19.926694459776073,0.9963301234602885,0.9963301234602885,389.0,389.0
1324,0.5035991756042891,0.0691468253968254,19.808196051889073,0.9904053009282474,0.9904053009282474,697.0,697.0
1325,0.17467778131758885,0.01011904761904762,19.884233976668064,0.9942116851124414,0.9942116851124414,102.0,102.0
1326,0.17467778131758885,0.02400793650793651,19.81723218687406,0.9908615983669337,0.9908615983669337,242.0,242.0
1327,0.2609450357146498,0.033234126984126984,19.979547390282384,0.9989762837773679,0.9989762837773679,335.0,335.0
1328,0.2609450357146498,0.022718253968253967,19.984228534447194,0.9992102229707441,0.9992102229707441,229.0,229.0
1329,0.18133868595682998,0.0012896825396825397,20.00059036288566,1.0,1.0,13.0,13.0
133,0.1727181149792475,6.944444444444445E-4,19.970512513061717,0.9985176769144931,0.9985176769144931,7.0,7.0
1330,0.18133868595682998,0.0012896825396825397,19.98013521365089,0.998980009864288,0.998980009864288,13.0,13.0
1331,0.10351188395604925,0.04136904761904762,19.803104462804548,0.9901514899905692,0.9901514899905692,417.0,417.0
1332,0.10351188395604925,0.018948412698412697,19.79451967758316,0.9897221729555485,0.9897221729555485,191.0,191.0
1333,0.19220202379563572,0.042460317460317455,19.883318851191795,0.99416034869158,0.99416034869158,428.0,428.0
1334,0.19220202379563572,0.013888888888888888,19.862839569816114,0.993136384622796,0.993136384622796,140.0,140.0
1335,0.4419558140422189,0.00734126984126984,19.981345019821074,0.9990667635991655,0.9990667635991655,74.0,74.0
1336,0.4419558140422189,0.010813492063492063,19.94767490479173,0.9973833918804674,0.9973833918804674,109.0,109.0
1337,0.4713067950528805,0.1419642857142857,19.34567125051086,0.9529767156623309,0.967282302354101,1431.0,1431.0
1338,0.4713067950528805,0.1386904761904762,19.41271574536215,0.9560413646057115,0.9706343901215088,1398.0,1398.0
1339,0.15725211578509668,0.004861111111111111,20.00026909826349,1.0,1.0,49.0,49.0
134,0.08497624678695535,0.1681111111111111,26.98838392312569,0.875827242994915,0.8996059197513173,3026.0,3026.0
1340,0.15725211578509668,0.00486111111111111,19.855475483437523,0.992764383763723,0.992764383763723,49.0,49.0
1341,0.8008636521261048,0.01646825396825397,19.99884937275849,0.999939328834964,0.999939328834964,166.0,166.0
1342,0.8008636521261048,0.01646825396825397,19.951500084595573,0.9975731533985599,0.9975731533985599,166.0,166.0
1343,0.43830016841266556,0.007638888888888889,20.00000768481248,1.0,1.0,77.0,77.0
1344,0.43830016841266556,0.007638888888888889,19.99218067758562,0.9996087617088389,0.9996087617088389,77.0,77.0
1345,0.20973861749847714,0.01011904761904762,20.000503893688222,1.0,1.0,102.0,102.0
1346,0.20973861749847714,0.010119047619047618,19.936948881473764,0.9968316973959314,0.9968316973959314,102.0,102.0
1347,0.14006537347193884,0.007936507936507938,19.841391131636502,0.9920467324688687,0.9920467324688687,80.0,80.0
1348,0.14006537347193884,0.001984126984126984,19.91209633408961,0.9955788225758357,0.9955788225758357,20.0,20.0
1349,0.1279644137886237,0.006150793650793651,19.82564389839215,0.9912614931410343,0.9912614931410343,62.0,62.0
135,0.08497624678695535,0.16255555555555556,28.821721120387977,0.9607171596600601,0.9607171596600601,2926.0,2926.0
1350,0.1279644137886237,0.002976190476190476,19.849418550461852,0.9924499568902521,0.9924499568902521,30.0,30.0
1351,0.2072749259239318,0.009325396825396825,19.88281965924389,0.9941321509472422,0.9941321509472422,94.0,94.0
1352,0.2072749259239318,0.01140873015873016,19.830426396867303,0.9915141183542502,0.9915141183542502,115.0,115.0
1353,0.011977045414050681,0.04880952380952381,17.07284750871784,0.8534493358557506,0.8534493358557506,492.0,492.0
1354,0.011977045414050681,0.04880952380952381,16.873742576197817,0.8434940892297493,0.8434940892297493,492.0,492.0
1355,0.02551073082721402,0.04196428571428571,19.168847049479197,0.9583430122833909,0.9583430122833909,423.0,423.0
1356,0.02551073082721402,0.04196428571428571,19.151801924928453,0.9574928696769296,0.9574928696769296,423.0,423.0
1357,0.11307518342127115,0.04196428571428572,19.678084483490824,0.9838914026904265,0.9838914026904265,423.0,423.0
1358,0.11307518342127115,0.04196428571428571,19.679582826821292,0.9839665926544843,0.9839665926544843,423.0,423.0
1359,0.3412605019719549,0.04196428571428571,19.90191126160685,0.9950884666888276,0.9950884666888276,423.0,423.0
136,0.37057646628548513,0.16866666666666666,29.791714743778492,0.993055303383128,0.993055303383128,3036.0,3036.0
1360,0.3412605019719549,0.04196428571428571,19.90414096139826,0.995199951678398,0.995199951678398,423.0,423.0
1361,0.034655456989618284,0.04027777777777778,18.774086739805615,0.9386272330604889,0.9386272330604889,406.0,406.0
1362,0.034655456989618284,0.04027777777777778,18.890266205037303,0.9444362063220734,0.9444362063220734,406.0,406.0
1363,0.0730316904647764,0.009623015873015874,19.523541872456764,0.9761441654372756,0.9761441654372756,97.0,97.0
1364,0.0730316904647764,0.011607142857142858,19.466667930514593,0.9733032588643672,0.9733032588643672,117.0,117.0
1365,0.1096092407746745,0.0062499999999999995,19.91466459913035,0.9957090637431507,0.9957090637431507,63.0,63.0
1366,0.1096092407746745,0.01259920634920635,19.867990906878326,0.9933823838300762,0.9933823838300762,127.0,127.0
1367,0.022864753455130227,0.00753968253968254,18.6073204404453,0.9302664439658492,0.9302664439658492,76.0,76.0
1368,0.022864753455130227,0.015178571428571428,18.207413777059518,0.9102910264078433,0.9102910264078433,153.0,153.0
1369,0.07822376968696453,0.020734126984126987,19.423582176283748,0.9711681869882807,0.9711681869882807,209.0,209.0
137,0.37057646628548513,0.16311111111111112,29.728289196530007,0.990941077258338,0.990941077258338,2936.0,2936.0
1370,0.07822376968696453,0.026587301587301587,19.322687072097725,0.9661250803564749,0.9661250803564749,268.0,268.0
1371,0.012535431329057427,0.04811507936507937,17.3546487725409,0.8676522293490295,0.8676522293490295,485.0,485.0
1372,0.012535431329057427,0.030555555555555555,17.21100705972481,0.8526875918609204,0.860468400028268,308.0,308.0
1373,0.09136842070548885,0.03630952380952381,19.66770600077347,0.983375901116674,0.983375901116674,366.0,366.0
1374,0.09136842070548885,0.01636904761904762,19.681284692822004,0.9840544357649729,0.9840544357649729,165.0,165.0
1375,0.10078408181363954,0.03501984126984127,19.497105925513516,0.9748516603224767,0.9748516603224767,353.0,353.0
1376,0.10078408181363954,0.01865079365079365,19.55538572620644,0.9777654182750037,0.9777654182750037,188.0,188.0
1377,0.1027401416370588,0.03432539682539683,19.694459419666703,0.9847170012416775,0.9847170012416775,346.0,346.0
1378,0.1027401416370588,0.01974206349206349,19.738957789603795,0.9869416657069723,0.9869416657069723,199.0,199.0
1379,0.01059723692569213,0.03343253968253968,19.433100159675323,0.9715259637205504,0.9715259637205504,337.0,337.0
138,0.07481737219038596,0.16877777777777778,29.943621187403984,0.9981162859183064,0.9981162859183064,3038.0,3038.0
1380,0.01059723692569213,0.021527777777777778,19.52492100686403,0.9761142604573643,0.9761142604573643,217.0,217.0
1381,0.08874673402589987,0.017956349206349205,19.984456320231107,0.9992088411654364,0.9992088411654364,181.0,181.0
1382,0.08874673402589987,0.01865079365079365,19.95812671475852,0.99789343587997,0.99789343587997,188.0,188.0
1383,0.09929660362780209,0.044047619047619044,19.858642666469855,0.9929214872073739,0.9929214872073739,444.0,444.0
1384,0.09929660362780209,0.025,19.903591036898895,0.995168905728826,0.995168905728826,252.0,252.0
1385,0.10967897179147108,0.026587301587301587,19.87408261496988,0.9936984606652325,0.9936984606652325,268.0,268.0
1386,0.10967897179147108,0.0318452380952381,19.81214093686893,0.9906017169651806,0.9906017169651806,321.0,321.0
1387,0.18242094762185462,0.027777777777777776,19.919599825475295,0.995967768354658,0.995967768354658,280.0,280.0
1388,0.18242094762185462,0.04712301587301587,19.885569594715218,0.9942677235669469,0.9942677235669469,475.0,475.0
1389,0.09253902865563714,0.020535714285714286,19.718028122630372,0.9859005880215373,0.9859005880215373,207.0,207.0
139,0.07481737219038596,0.16194444444444445,28.176341247397662,0.9250223851208192,0.9392068563552403,2915.0,2915.0
1390,0.09253902865563714,0.02361111111111111,19.776692444628512,0.9888338827858657,0.9888338827858657,238.0,238.0
1391,0.07258777242640892,0.02023809523809524,19.355086269461385,0.9677224600497368,0.9677224600497368,204.0,204.0
1392,0.07258777242640892,0.023313492063492064,19.299472409314763,0.9649436782478058,0.9649436782478058,235.0,235.0
1393,0.08125254734258892,0.025,19.715458391040166,0.9857569170152316,0.9857569170152316,252.0,252.0
1394,0.08125254734258892,0.022023809523809522,19.660363031964977,0.9830028022262386,0.9830028022262386,222.0,222.0
1395,0.165025955688773,0.030456349206349206,19.838129407262393,0.9918953940185268,0.9918953940185268,307.0,307.0
1396,0.165025955688773,0.02023809523809524,19.890084759970364,0.9944926903201127,0.9944926903201127,204.0,204.0
1397,0.12083751996582823,0.012996031746031745,19.90836021537323,0.9953974385227814,0.9953974385227814,131.0,131.0
1398,0.12083751996582823,0.03492063492063492,19.851442422306956,0.9925562407851948,0.9925562407851948,352.0,352.0
1399,0.00816148925230373,0.014980158730158729,17.68563414835601,0.8778869081090694,0.8842546789458979,151.0,151.0
14,0.11013882169809666,0.0012896825396825399,19.98082900476109,0.9989973265428288,0.9989973265428288,13.0,13.0
140,0.0614314629045632,0.09433333333333332,28.628364535357623,0.954229497755486,0.954229497755486,1698.0,1698.0
1400,0.00816148925230373,0.036904761904761905,17.01539072420567,0.8440062731075786,0.8507482995537885,372.0,372.0
1401,0.3286880793467474,0.0373015873015873,19.807206909178554,0.9903534265458068,0.9903534265458068,376.0,376.0
1402,0.3286880793467474,0.025892857142857145,19.834873772932347,0.9917366193223418,0.9917366193223418,261.0,261.0
1403,0.12502355498156004,0.011011904761904761,20.000213203591187,1.0,1.0,111.0,111.0
1404,0.12502355498156004,0.011011904761904761,19.838472348988233,0.991916954837187,0.991916954837187,111.0,111.0
1405,0.12377111241079723,0.0031746031746031746,19.91569723752273,0.9957538057252109,0.9957538057252109,32.0,32.0
1406,0.12377111241079723,0.003174603174603175,19.869916607617508,0.9934673934234013,0.9934673934234013,32.0,32.0
1407,0.17631937076876142,0.16394444444444445,29.157289443126917,0.9719027785755608,0.9719027785755608,2951.0,2951.0
1408,0.17631937076876142,0.15655555555555556,23.13826507542919,0.7149559098259127,0.7712684732291558,2818.0,2818.0
1409,0.03944781089806984,0.06646825396825397,18.8992473452026,0.9449179158478228,0.9449179158478228,670.0,670.0
141,0.0614314629045632,0.09555555555555556,28.735572873973837,0.9578020130406983,0.9578020130406983,1720.0,1720.0
1410,0.03944781089806984,0.06646825396825397,18.782852917927798,0.9391035286535595,0.9391035286535595,670.0,670.0
1411,0.121434013982979,0.08511904761904762,19.785154965490804,0.9892549457094332,0.9892549457094332,858.0,858.0
1412,0.121434013982979,0.08511904761904762,19.76264544676912,0.9881297033204411,0.9881297033204411,858.0,858.0
1413,0.053086403469506833,0.055853174603174606,19.50438884045313,0.9751917288625348,0.9751917288625348,563.0,563.0
1414,0.053086403469506833,0.061507936507936505,19.374628563436396,0.9687037150116978,0.9687037150116978,620.0,620.0
1415,0.2565666048866277,0.04861111111111111,19.79925121385563,0.9899514080227508,0.9899514080227508,490.0,490.0
1416,0.2565666048866277,0.04365079365079365,19.788516743765328,0.9894153536784376,0.9894153536784376,440.0,440.0
1417,0.09919677089537803,0.04325396825396825,19.881698913949606,0.994072730364239,0.994072730364239,436.0,436.0
1418,0.09919677089537803,0.024206349206349207,19.92830302444233,0.9964022029688807,0.9964022029688807,244.0,244.0
1419,0.10707774233203556,0.04623015873015873,19.599544159362914,0.9799508934302377,0.9799508934302377,466.0,466.0
142,0.005890397371748265,0.016777777777777777,25.712710878453397,0.8564775122568772,0.8564775122568772,302.0,302.0
1420,0.10707774233203556,0.027182539682539683,19.632998452254043,0.98162414510618,0.98162414510618,274.0,274.0
1421,0.12699841027344266,0.0503968253968254,19.900462564384558,0.99500718874072,0.99500718874072,508.0,508.0
1422,0.12699841027344266,0.026686507936507935,19.929274570650858,0.9964471384630755,0.9964471384630755,269.0,269.0
1423,0.06206467737652505,0.07886904761904762,18.930155044276287,0.9464802174906962,0.9464802174906962,795.0,795.0
1424,0.06206467737652505,0.04712301587301587,19.23264574297147,0.9616035552635808,0.9616035552635808,475.0,475.0
1425,0.302451334323991,0.013492063492063493,19.98950106643268,0.9994708713809833,0.9994708713809833,136.0,136.0
1426,0.302451334323991,0.0022817460317460314,19.964091863425857,0.9982009626953433,0.9982009626953433,23.0,23.0
1427,0.23252328045201714,0.010515873015873017,19.97521306601099,0.998757666647075,0.998757666647075,106.0,106.0
1428,0.23252328045201714,6.944444444444445E-4,19.995745763949362,0.9997830215496475,0.9997830215496475,7.0,7.0
1429,0.13695270454440014,0.011507936507936509,19.882741658742436,0.9941249458950437,0.9941249458950437,116.0,116.0
143,0.005890397371748265,0.09544444444444444,25.372836730259248,0.8451858954342432,0.8451858954342432,1718.0,1718.0
1430,0.13695270454440014,0.011607142857142858,19.884059337417582,0.9941914469665338,0.9941914469665338,117.0,117.0
1431,0.3442185935852177,0.0036706349206349206,20.00011195963111,1.0,1.0,37.0,37.0
1432,0.3442185935852177,0.0036706349206349206,19.99680548950875,0.9998360759892709,0.9998360759892709,37.0,37.0
1433,0.039345980162170086,0.04880952380952381,18.80542149668814,0.9402523716920974,0.9402523716920974,492.0,492.0
1434,0.039345980162170086,0.04880952380952381,18.80542149668814,0.9402523716920974,0.9402523716920974,492.0,492.0
1435,0.19181422175163448,0.020436507936507937,19.86642618935051,0.9933120183592602,0.9933120183592602,206.0,206.0
1436,0.19181422175163448,0.016865079365079368,19.84334734319124,0.9921579071220554,0.9921579071220554,170.0,170.0
1437,0.18831251188008521,0.01865079365079365,19.9397594725883,0.9969835569671508,0.9969835569671508,188.0,188.0
1438,0.18831251188008521,0.009126984126984128,19.973375455628847,0.9986639686926637,0.9986639686926637,92.0,92.0
1439,0.145470842218634,0.018452380952380953,19.73244228643428,0.986605669019368,0.986605669019368,186.0,186.0
144,0.2053894022730554,0.016833333333333336,29.785754440164887,0.9928430910632217,0.9928430910632217,303.0,303.0
1440,0.145470842218634,0.006448412698412699,19.79156314198738,0.9895593197530453,0.9895593197530453,65.0,65.0
1441,0.7075079810031163,0.03841911764705882,68.41880223627196,0.9774098535646493,0.9774098535646493,3135.0,3135.0
1442,0.13393009715788856,0.012400793650793652,19.732441723285813,0.9866112623262991,0.9866112623262991,125.0,125.0
1443,0.13393009715788856,0.012103174603174604,19.717558132200818,0.985867443566649,0.985867443566649,122.0,122.0
1444,4.669808138691313,0.038419117647058826,69.71770533810479,0.9959641715021923,0.9959641715021923,3135.0,3135.0
1445,0.13441545676863537,0.005952380952380952,19.846158293821688,0.9922833295925627,0.9922833295925627,60.0,60.0
1446,0.13441545676863537,0.005952380952380952,19.80993141072542,0.9904736693486069,0.9904736693486069,60.0,60.0
1447,0.11204482282303539,3.968253968253969E-4,20.00006754080362,1.0,1.0,4.0,4.0
1448,0.11204482282303539,3.968253968253969E-4,19.967051556291818,0.9983493414844175,0.9983493414844175,4.0,4.0
1449,0.013706846314961966,0.04880952380952381,18.15101481766979,0.9075056140092281,0.9075056140092281,492.0,492.0
145,0.2053894022730554,0.0955,29.779629942085936,0.9926401723493052,0.9926401723493052,1719.0,1719.0
1450,0.013706846314961966,0.04880952380952381,18.15101481766979,0.9075056140092281,0.9075056140092281,492.0,492.0
1451,0.058423863232884454,0.003472222222222222,19.835557141533606,0.9917550349190773,0.9917550349190773,35.0,35.0
1452,0.058423863232884454,0.00505952380952381,19.70722020346974,0.9853422843005819,0.9853422843005819,51.0,51.0
1453,0.2697436474294595,0.0030753968253968257,20.000352825696748,1.0,1.0,31.0,31.0
1454,0.2697436474294595,0.0030753968253968257,19.96234195106628,0.9981031315361509,0.9981031315361509,31.0,31.0
1455,0.0678909924816198,0.006448412698412698,19.625608096671186,0.9812591020839319,0.9812591020839319,65.0,65.0
1456,0.0678909924816198,0.008035714285714287,19.530852074249577,0.9765235603453876,0.9765235603453876,81.0,81.0
1457,0.10949198890498299,0.0019841269841269845,19.976232248149735,0.9987856583454039,0.9987856583454039,20.0,20.0
1458,0.10949198890498299,0.0015873015873015875,19.961023484214916,0.9980266948112814,0.9980266948112814,16.0,16.0
1459,0.11392777503171252,0.003869047619047619,19.907855224210053,0.9953536659764171,0.9953536659764171,39.0,39.0
146,0.06442364854694616,0.016944444444444443,29.518042752931905,0.9838783072645088,0.9838783072645088,305.0,305.0
1460,0.11392777503171252,0.004166666666666667,19.873547996529336,0.9936418587045708,0.9936418587045708,42.0,42.0
1461,0.2921976096563233,0.00625,19.952456699746133,0.9976153876069469,0.9976153876069469,63.0,63.0
1462,0.2921976096563233,0.0036706349206349206,19.971560680273683,0.9985692325641682,0.9985692325641682,37.0,37.0
1463,0.025234701174670762,0.00625,19.409468752582548,0.9704367344888809,0.9704367344888809,63.0,63.0
1464,0.025234701174670762,0.004563492063492063,19.638481166149244,0.9818805792028625,0.9818805792028625,46.0,46.0
1465,0.3248545261401271,0.0020833333333333337,19.99841775867876,0.9999071000538882,0.9999071000538882,21.0,21.0
1466,0.3248545261401271,0.0011904761904761906,19.98353054560816,0.9991639004849939,0.9991639004849939,12.0,12.0
1467,0.03461437526026524,0.004563492063492064,19.337240175994484,0.9667961887776556,0.9667961887776556,46.0,46.0
1468,0.03461437526026524,0.0020833333333333333,19.63518493896908,0.9816806558773272,0.9816806558773272,21.0,21.0
1469,0.03276782895261529,0.014484126984126985,19.846676855086564,0.9923135204860251,0.9923135204860251,146.0,146.0
147,0.06442364854694616,0.09544444444444444,29.475134711970764,0.982452555325795,0.982452555325795,1718.0,1718.0
1470,0.03276782895261529,0.012301587301587301,19.841154617611757,0.9920363001249226,0.9920363001249226,124.0,124.0
1471,0.06099003205260194,5.952380952380953E-4,19.998708178151873,0.999917446096471,0.999917446096471,6.0,6.0
1472,0.06099003205260194,2.9761904761904765E-4,19.999124852628455,0.9999380845723532,0.9999380845723532,3.0,3.0
1473,0.0442705736198848,0.006944444444444445,19.97759639010276,0.9988182217393212,0.9988182217393212,70.0,70.0
1474,0.0442705736198848,0.006349206349206349,19.97759639010276,0.9988182217393212,0.9988182217393212,64.0,64.0
1475,0.3401859614197616,0.002876984126984127,19.97438146143457,0.9987121523110838,0.9987121523110838,29.0,29.0
1476,0.3401859614197616,5.952380952380953E-4,19.98469068086278,0.9992272913866502,0.9992272913866502,6.0,6.0
1477,0.022951151198359495,0.005654761904761905,19.20437993210298,0.9601803307197991,0.9601803307197991,57.0,57.0
1478,0.022951151198359495,0.005952380952380952,18.914698735423613,0.9457004509815443,0.9457004509815443,60.0,60.0
1479,0.11410786181824123,0.009126984126984128,19.840331553485093,0.9920037348486705,0.9920037348486705,92.0,92.0
148,0.29267028070455947,0.09533333333333333,29.560728103146513,0.9853519436408337,0.9853519436408337,1716.0,1716.0
1480,0.11410786181824123,0.0072420634920634915,19.83634087214966,0.9918037797056501,0.9918037797056501,73.0,73.0
1481,0.33006180019529147,0.0026785714285714286,20.0000417549452,1.0,1.0,27.0,27.0
1482,0.33006180019529147,0.0026785714285714286,19.957093748614138,0.99785305637816,0.99785305637816,27.0,27.0
1483,0.1970001897846664,0.0026785714285714286,19.956269225331216,0.9978126383846526,0.9978126383846526,27.0,27.0
1484,0.1970001897846664,0.009027777777777777,19.89689416813089,0.9948440761923955,0.9948440761923955,91.0,91.0
1485,0.1405568086429883,0.005357142857142857,19.876779768915142,0.993832116276536,0.993832116276536,54.0,54.0
1486,0.1405568086429883,0.011706349206349206,19.78703537908532,0.9893463826594712,0.9893463826594712,118.0,118.0
1487,0.6974715308039517,0.15952380952380954,19.76157863975308,0.9880756629219605,0.9880756629219605,1608.0,1608.0
1488,0.6974715308039517,0.14742063492063492,19.920530325376397,0.996023174557222,0.996023174557222,1486.0,1486.0
1489,0.057047880063429035,1.9841269841269844E-4,20.00120454113211,1.0,1.0,2.0,2.0
149,0.29267028070455947,0.09655555555555556,29.619814561687516,0.987321106363591,0.987321106363591,1738.0,1738.0
1490,0.057047880063429035,1.9841269841269844E-4,19.973475598472813,0.9986148075973811,0.9986148075973811,2.0,2.0
1491,0.06918959501392268,0.008134920634920636,19.702701078940585,0.985128462728531,0.985128462728531,82.0,82.0
1492,0.06918959501392268,0.0017857142857142859,19.8689527756478,0.9934390276743519,0.9934390276743519,18.0,18.0
1493,0.0701195235524446,9.92063492063492E-4,19.958297136975514,0.9978770830737822,0.9978770830737822,10.0,10.0
1494,0.0701195235524446,0.0014880952380952382,19.921853344450632,0.996057439994167,0.996057439994167,15.0,15.0
1495,0.06604211159713202,0.0067460317460317455,19.942118964410128,0.9970723981115563,0.9970723981115563,68.0,68.0
1496,0.06604211159713202,0.005357142857142857,19.938195161826172,0.9968772246523268,0.9968772246523268,54.0,54.0
1497,0.14106788754268457,0.0067460317460317455,19.868633492111382,0.9934254541095541,0.9934254541095541,68.0,68.0
1498,0.14106788754268457,0.00505952380952381,19.85888981804089,0.9929384507102618,0.9929384507102618,51.0,51.0
1499,0.10425323939373565,0.0012896825396825397,19.987737294152698,0.9993574097885757,0.9993574097885757,13.0,13.0
150,0.18620215212248553,0.09483333333333333,29.53387707356791,0.9844572716459307,0.9844572716459307,1707.0,1707.0
1500,0.10425323939373565,0.007837301587301587,19.913009094978534,0.9956303865623148,0.9956303865623148,79.0,79.0
1501,0.07231198767081028,5.952380952380953E-4,19.94167030264195,0.9970718981569817,0.9970718981569817,6.0,6.0
1502,0.07231198767081028,0.007440476190476191,19.51702229795248,0.9758431597950991,0.9758431597950991,75.0,75.0
1505,0.10778279084674318,0.009027777777777779,19.77591979479291,0.9887669191077583,0.9887669191077583,91.0,91.0
1506,0.10778279084674318,0.0031746031746031746,19.857173573975054,0.9928233094299567,0.9928233094299567,32.0,32.0
1507,0.598947975570734,0.007738095238095238,19.998285339114393,0.9999086784349596,0.9999086784349596,78.0,78.0
1508,0.598947975570734,0.0017857142857142857,19.99352065053012,0.9996712423658544,0.9996712423658544,18.0,18.0
151,0.18620215212248553,0.09522222222222222,29.56360256536792,0.9854477601812568,0.9854477601812568,1714.0,1714.0
1511,0.15352868058556218,0.004563492063492063,19.95666497192539,0.9978283482464356,0.9978283482464356,23.0,23.0
1512,0.15352868058556218,0.004563492063492064,19.953949182145976,0.9976926200118379,0.9976926200118379,23.0,23.0
1513,0.36171048472605405,0.004662698412698413,19.972084036101364,0.9985919937668715,0.9985919937668715,47.0,47.0
1514,0.36171048472605405,0.0024801587301587305,19.946714372197196,0.9973247881570557,0.9973247881570557,25.0,25.0
1515,0.07701372207223631,0.007738095238095238,20.00067807387467,1.0,1.0,78.0,78.0
1516,0.07701372207223631,0.007738095238095238,19.930854278098913,0.9965208177694094,0.9965208177694094,78.0,78.0
1517,0.16179010979915867,0.0012896825396825397,19.945275512239203,0.9972569367620268,0.9972569367620268,13.0,13.0
1518,0.16179010979915867,0.005456349206349206,19.805038342861916,0.990246886264984,0.990246886264984,55.0,55.0
1519,0.06442739019385343,9.920634920634922E-5,20.001604406508484,1.0,1.0,1.0,1.0
152,0.04888202877832013,0.0025793650793650793,19.917565454189695,0.9958076079187005,0.9958076079187005,26.0,26.0
1520,0.06442739019385343,0.0015873015873015875,19.90340208487375,0.995101582715721,0.995101582715721,16.0,16.0
1521,0.043180389985160536,4.960317460317461E-4,19.977458540837798,0.9988149489444214,0.9988149489444214,5.0,5.0
1522,0.043180389985160536,4.960317460317461E-4,19.977458540837798,0.9988149489444214,0.9988149489444214,5.0,5.0
1523,0.2759862843745709,0.0026785714285714286,20.000213856481977,1.0,1.0,27.0,27.0
1524,0.2759862843745709,0.0026785714285714286,19.97464274972422,0.9987235609502152,0.9987235609502152,27.0,27.0
1525,0.06597640748324056,0.006547619047619047,19.920968562127143,0.9960094390958179,0.9960094390958179,66.0,66.0
1526,0.06597640748324056,9.92063492063492E-4,19.981736305861705,0.999029323023307,0.999029323023307,10.0,10.0
1527,0.16376581674231713,0.039285714285714285,19.822906905138538,0.9911309778922514,0.9911309778922514,396.0,396.0
1528,0.16376581674231713,0.033730158730158735,19.808253695912068,0.9903983174309278,0.9903983174309278,340.0,340.0
1529,0.1792148651248077,0.03392857142857143,19.775565753918183,0.9887678139767483,0.9887678139767483,342.0,342.0
153,0.04888202877832013,0.003174603174603175,19.898860123786534,0.9948759652339673,0.9948759652339673,32.0,32.0
1530,0.1792148651248077,0.029563492063492066,19.77200899000823,0.9885897575787682,0.9885897575787682,298.0,298.0
1531,0.014490445905453522,0.027876984126984125,18.65838279888851,0.9328631697362452,0.9328631697362452,281.0,281.0
1532,0.014490445905453522,0.027876984126984125,18.69534217126918,0.9347133771636058,0.9347133771636058,281.0,281.0
1533,0.03817356269750435,0.0,20.000702330230773,1.0,1.0,0.0,0.0
1534,0.03817356269750435,0.0,20.000702330230773,1.0,1.0,0.0,0.0
1535,0.033877479483978415,4.960317460317461E-4,19.895587487995293,0.994630632780453,0.994630632780453,5.0,5.0
1536,0.033877479483978415,0.0030753968253968257,19.35800406334794,0.9677837966827183,0.9677837966827183,31.0,31.0
1537,0.10327713447064568,5.952380952380954E-4,19.982924147138657,0.9991006232559566,0.9991006232559566,6.0,6.0
1538,0.10327713447064568,0.003174603174603175,19.892788280990946,0.9946037395357398,0.9946037395357398,32.0,32.0
1539,0.16907090987840218,2.9761904761904765E-4,20.000501957224234,1.0,1.0,3.0,3.0
154,0.09132577425550653,0.00744047619047619,19.794152228566364,0.9896808706983672,0.9896808706983672,75.0,75.0
1540,0.16907090987840218,2.9761904761904765E-4,19.989050056910017,0.999428189292452,0.999428189292452,3.0,3.0
1541,0.1800443619632223,3.968253968253969E-4,20.000607988014945,1.0,1.0,4.0,4.0
1542,0.1800443619632223,0.0014880952380952382,19.948194778571605,0.9973837727737753,0.9973837727737753,15.0,15.0
1543,0.051787052609929586,0.005853174603174603,19.53459044806152,0.9766823880239394,0.9766823880239394,59.0,59.0
1544,0.051787052609929586,0.0014880952380952382,19.803380585541685,0.9901076797677318,0.9901076797677318,15.0,15.0
1545,0.01341469061542834,3.9682539682539693E-4,19.842516893334704,0.9918700598719041,0.9918700598719041,4.0,4.0
1546,0.01341469061542834,1.984126984126984E-4,19.923927505396023,0.9959350299359521,0.9959350299359521,2.0,2.0
1547,0.051170900504040065,4.960317460317461E-4,19.919356444172436,0.9958893858892042,0.9958893858892042,5.0,5.0
1548,0.051170900504040065,0.003472222222222222,19.639541625862478,0.9819132979124986,0.9819132979124986,35.0,35.0
1549,0.009166286629744596,0.0011904761904761906,19.572301019100344,0.9781207245846267,0.9781207245846267,12.0,12.0
155,0.09132577425550653,0.00753968253968254,19.739052046278985,0.9869291028845985,0.9869291028845985,76.0,76.0
1550,0.009166286629744596,9.920634920634922E-5,19.974715732685592,0.9981767270487188,0.9981767270487188,1.0,1.0
1551,0.09243069844477217,0.00753968253968254,19.849377209594333,0.992448452501229,0.992448452501229,76.0,76.0
1552,0.09243069844477217,0.0035714285714285713,19.88051789947428,0.9940031828686231,0.9940031828686231,36.0,36.0
1553,0.0655556900857707,0.008333333333333333,19.888929703988058,0.9944451170955202,0.9944451170955202,84.0,84.0
1554,0.0655556900857707,0.009523809523809525,19.847369566324208,0.9923671957188203,0.9923671957188203,96.0,96.0
1555,0.08741912793081603,0.004563492063492063,20.000563110958865,1.0,1.0,46.0,46.0
1556,0.08741912793081603,0.004563492063492063,19.921198897312188,0.9960385349176942,0.9960385349176942,46.0,46.0
1557,0.10842156895264002,0.005952380952380953,19.874596547417184,0.9936963855660834,0.9936963855660834,60.0,60.0
1558,0.10842156895264002,0.006944444444444444,19.714967627250488,0.9857187076484275,0.9857187076484275,70.0,70.0
1559,0.16936153876417506,0.044640522875817,68.77599210419352,0.9825130155813843,0.9825130155813843,1366.0,1366.0
156,0.11503898259799959,0.013111111111111112,29.772739670576975,0.9924006123434519,0.9924006123434519,236.0,236.0
1560,0.16936153876417506,0.044640522875817,68.72952286732473,0.9818491167342351,0.9818491167342351,1366.0,1366.0
1561,0.05597100683945692,0.013235294117647057,68.51622877539585,0.9787166941049328,0.9787166941049328,405.0,405.0
1562,0.05597100683945692,0.013235294117647059,68.58879323189599,0.979751487195345,0.979751487195345,405.0,405.0
1566,0.09978556686450836,0.14156746031746031,19.382222212906917,0.9691003850697183,0.9691003850697183,1427.0,1427.0
1567,0.09978556686450836,0.07757936507936508,19.893042801767216,0.9946416476774208,0.9946416476774208,782.0,782.0
1568,0.06642625533935421,0.14097222222222222,19.714560605426747,0.9856983030676524,0.9856983030676524,1421.0,1421.0
1569,0.06642625533935421,0.08253968253968254,19.879012068211413,0.9939221411942765,0.9939221411942765,832.0,832.0
157,0.11503898259799959,0.025111111111111112,29.7872662124433,0.992884318845185,0.992884318845185,452.0,452.0
1570,0.10541275137902878,0.17271825396825397,19.23941132746909,0.9619631102172459,0.9619631102172459,1741.0,1741.0
1571,0.10541275137902878,0.10962301587301587,19.870605491477143,0.9935229805080011,0.9935229805080011,1105.0,1105.0
1572,0.09554293867948868,0.16587301587301587,18.81207224892428,0.9328016315522145,0.9405837426385815,1672.0,1672.0
1573,0.09554293867948868,0.11031746031746031,19.38746843767701,0.9693535520762179,0.9693535520762179,1112.0,1112.0
1574,0.0855374149732663,0.1566468253968254,19.195831036508455,0.9597691831342469,0.9597691831342469,1579.0,1579.0
1575,0.0855374149732663,0.12430555555555556,19.451364071308358,0.9725458348742421,0.9725458348742421,1253.0,1253.0
1576,0.03225762542864423,0.1421626984126984,19.2485727963417,0.9623978911856869,0.9623978911856869,1433.0,1433.0
1577,0.03225762542864423,0.11378968253968255,19.58239714326527,0.9790897769803737,0.9790897769803737,1147.0,1147.0
1578,0.09795526073370028,0.16448412698412698,19.11500274246183,0.948443667828795,0.9557244018680492,1658.0,1658.0
1579,0.09795526073370028,0.13392857142857142,19.552021150449995,0.9775758817295237,0.9775758817295237,1350.0,1350.0
158,0.06148039044781599,0.02672222222222222,28.81707084673232,0.9605242722356986,0.9605242722356986,481.0,481.0
1580,0.02627306681594363,0.170734126984127,17.755133554957002,0.8562630698017374,0.8877416084741677,1721.0,1721.0
1581,0.02627306681594363,0.1586309523809524,18.812499111021612,0.9338198660356398,0.9406102211501469,1599.0,1599.0
1582,0.09265822715224507,0.16537698412698412,19.594301847170914,0.979701576591027,0.979701576591027,1667.0,1667.0
1583,0.09265822715224507,0.15327380952380953,19.63387231358324,0.9816804002620325,0.9816804002620325,1545.0,1545.0
1584,0.09204833084088937,0.16061507936507938,19.587872816294915,0.9793734089404476,0.9793734089404476,1619.0,1619.0
1585,0.09204833084088937,0.14851190476190476,19.635363429532422,0.9817488192490316,0.9817488192490316,1497.0,1497.0
1586,0.27078826451014815,0.15853174603174605,19.8839735435224,0.9941899511754166,0.9941899511754166,1598.0,1598.0
1587,0.27078826451014815,0.14742063492063492,19.930791079257126,0.9965312073534879,0.9965312073534879,1486.0,1486.0
1588,0.004167559253840087,0.16101190476190477,15.861488007331156,0.7226480625991439,0.7929717528416144,1623.0,1623.0
1589,0.004167559253840087,0.14890873015873016,17.295370903436364,0.8646703605827418,0.8646703605827418,1501.0,1501.0
159,0.06148039044781599,0.022722222222222224,28.806818749274733,0.9601834490413036,0.9601834490413036,409.0,409.0
1590,0.44465770222655226,0.03719362745098039,68.24006496652869,0.9748558079582643,0.9748558079582643,3035.0,3035.0
1594,0.5419917067085797,0.038419117647058826,69.83465801114095,0.9976067036123258,0.9976067036123258,3135.0,3135.0
1595,0.9306801807314643,0.0013357843137254903,69.92260603961049,0.9988747790304574,0.9988747790304574,109.0,109.0
1596,0.09670464110986106,3.9682539682539693E-4,19.994084568661748,0.9996567334489439,0.9996567334489439,4.0,4.0
1597,0.09670464110986106,0.0,20.000959898626903,1.0,1.0,0.0,0.0
16,0.09527247891020212,0.03601190476190476,19.446269916981624,0.9723122329154814,0.9723122329154814,363.0,363.0
160,0.06738602775486795,0.025500000000000002,28.541280108253073,0.9513551773227674,0.9513551773227674,459.0,459.0
1601,0.2761422981441981,0.0035714285714285718,19.980580013754807,0.9990187122198522,0.9990187122198522,36.0,36.0
1602,0.2761422981441981,0.0010912698412698413,19.98795510480775,0.9993866951374076,0.9993866951374076,11.0,11.0
1603,0.02212458043631781,3.968253968253969E-4,19.998381586878356,0.9998169216514292,0.9998169216514292,4.0,4.0
1604,0.02212458043631781,2.9761904761904765E-4,19.999319186815228,0.999862691238572,0.999862691238572,3.0,3.0
1605,0.16420062104058133,0.001884920634920635,20.00007564440698,1.0,1.0,19.0,19.0
1606,0.16420062104058133,0.001884920634920635,19.94765877948893,0.9973798265222843,0.9973798265222843,19.0,19.0
1607,0.09286831688647744,0.0013357843137254903,64.49739608387802,0.9213804516190177,0.9213804516190177,109.0,109.0
1608,0.05448417718789204,0.005853174603174603,19.871641106631973,0.9935717297940189,0.9935717297940189,59.0,59.0
1609,0.05448417718789204,0.05029761904761905,19.80328588127503,0.9901567112470914,0.9901567112470914,507.0,507.0
161,0.06738602775486795,0.02266666666666667,28.44784805210044,0.9482416085024398,0.9482416085024398,408.0,408.0
1610,0.19498714390046007,0.009722222222222222,19.808572871798553,0.9904164291897863,0.9904164291897863,98.0,98.0
1611,0.19498714390046007,0.005753968253968254,19.82271377741088,0.9911230673237313,0.9911230673237313,58.0,58.0
1612,0.190891689470378,0.008134920634920636,19.874808087072523,0.9937301650332078,0.9937301650332078,82.0,82.0
1613,0.190891689470378,0.010912698412698412,19.82029817999996,0.9910072677161036,0.9910072677161036,110.0,110.0
1614,0.19404636686832477,0.00744047619047619,19.98327998560866,0.999156775330184,0.999156775330184,75.0,75.0
1615,0.19404636686832477,0.002380952380952381,19.99130836478663,0.9995573686947684,0.9995573686947684,24.0,24.0
1616,0.5135040049775295,0.0695436507936508,19.920922942194913,0.9960425723975723,0.9960425723975723,701.0,701.0
1617,0.5135040049775295,0.0695436507936508,19.911509703724846,0.9955716667436936,0.9955716667436936,701.0,701.0
162,0.08746364503367718,0.026777777777777775,29.334483744555047,0.9777838598449978,0.9777838598449978,482.0,482.0
1622,0.9505710003244758,0.03572303921568627,69.17218212901008,0.9881691537487315,0.9881691537487315,2915.0,2915.0
1625,0.026984793941023908,7.936507936507938E-4,20.00108259989419,1.0,1.0,8.0,8.0
1626,0.026984793941023908,7.936507936507938E-4,19.959372008888995,0.997918417428521,0.997918417428521,8.0,8.0
1627,0.12791754230950567,0.14672619047619048,19.57152026166571,0.9785727329879601,0.9785727329879601,1479.0,1479.0
1628,0.12791754230950567,0.1588293650793651,19.554165660499116,0.9777050742360507,0.9777050742360507,1601.0,1601.0
1629,0.0385209697181209,0.0025793650793650793,19.944553339339926,0.997134567627874,0.997134567627874,26.0,26.0
163,0.08746364503367718,0.018444444444444444,29.307329805777453,0.97687999384549,0.97687999384549,332.0,332.0
1630,0.0385209697181209,0.027777777777777776,19.90850367569302,0.9953681604394387,0.9953681604394387,280.0,280.0
1631,0.33694016754327705,0.0037698412698412695,20.000075898296714,1.0,1.0,38.0,38.0
1632,0.33694016754327705,0.0020833333333333337,19.982094272681184,0.9991015116746667,0.9991015116746667,21.0,21.0
1633,0.03169336873573864,0.11602777777777779,29.182151834932196,0.9725965210418521,0.9725965210418521,4177.0,4177.0
1634,0.03169336873573864,0.11324999999999999,24.893716884382126,0.8072255913093336,0.8296453899741547,4077.0,4077.0
1635,0.15210166892236865,0.006845238095238095,19.83361047971344,0.9916736661521387,0.9916736661521387,69.0,69.0
1636,0.15210166892236865,0.006845238095238095,19.840365429317245,0.9920109564434267,0.9920109564434267,69.0,69.0
1637,0.10012764601198507,0.003373015873015873,19.765149600882573,0.9882157227014589,0.9882157227014589,34.0,34.0
1638,0.10012764601198507,0.0033730158730158727,19.765149600882573,0.9882157227014589,0.9882157227014589,34.0,34.0
1639,0.06481421030898345,0.0017857142857142859,19.931369717831338,0.9965266443293439,0.9965266443293439,18.0,18.0
164,0.013011823372246078,0.030722222222222224,26.505178673786634,0.883377398946326,0.883377398946326,553.0,553.0
1640,0.06481421030898345,0.0017857142857142857,19.913973052647897,0.99565830541168,0.99565830541168,18.0,18.0
1641,0.2119060069902761,0.012003968253968255,19.81692255893225,0.9908448852377104,0.9908448852377104,121.0,121.0
1642,0.2119060069902761,0.013392857142857142,19.798610554109242,0.9899293737614815,0.9899293737614815,135.0,135.0
1643,1.093553784187231,0.0628968253968254,20.000069209221913,1.0,1.0,634.0,634.0
1644,1.093553784187231,0.0628968253968254,19.99138580353891,0.9995676680858069,0.9995676680858069,634.0,634.0
1647,0.06868109356100169,0.028869047619047617,19.508171524485718,0.9753839331581398,0.9753839331581398,291.0,291.0
1648,0.06868109356100169,0.004464285714285714,19.745344290622036,0.9872315072311759,0.9872315072311759,45.0,45.0
1649,0.06469075787082519,0.028273809523809524,19.710083333287525,0.9854894197805393,0.9854894197805393,285.0,285.0
165,0.013011823372246078,0.025333333333333333,26.397191689243314,0.8797806275089377,0.8797806275089377,456.0,456.0
1650,0.06469075787082519,0.001388888888888889,19.926409027601785,0.9962951710077973,0.9962951710077973,14.0,14.0
1651,0.05907789429894686,0.0015873015873015875,20.000039446700082,1.0,1.0,16.0,16.0
1652,0.05907789429894686,0.0015873015873015875,19.88913013704111,0.994454863239552,0.994454863239552,16.0,16.0
1653,0.17442976892943798,0.02847222222222222,19.777197307159582,0.9888542765998157,0.9888542765998157,287.0,287.0
1654,0.17442976892943798,0.02738095238095238,19.825362748902375,0.9912615974089701,0.9912615974089701,276.0,276.0
1655,0.028443736212827576,0.019047619047619046,18.596016317673904,0.9297120413927298,0.9297120413927298,192.0,192.0
1656,0.028443736212827576,0.008928571428571428,18.810184760270733,0.9404080350938361,0.9404080350938361,90.0,90.0
1657,0.0209175519865246,0.018948412698412697,19.43780185719899,0.97186804804277,0.97186804804277,191.0,191.0
1658,0.0209175519865246,0.00882936507936508,19.52348256690475,0.9761489972536529,0.9761489972536529,89.0,89.0
1659,0.07205573466761252,0.009126984126984128,19.984184290936067,0.9992075832737326,0.9992075832737326,92.0,92.0
166,0.15523387367646083,0.029222222222222222,29.70835438535343,0.9902766303130275,0.9902766303130275,526.0,526.0
1660,0.07205573466761252,0.009722222222222222,19.961968882316064,0.9980969682020725,0.9980969682020725,98.0,98.0
1661,0.07131412901122186,0.008333333333333335,19.91674028055574,0.9958088005646137,0.9958088005646137,84.0,84.0
1662,0.07131412901122186,0.006547619047619048,19.919368596910097,0.9959397755469696,0.9959397755469696,66.0,66.0
1663,0.13390228053691913,0.002380952380952381,20.000340632848268,1.0,1.0,24.0,24.0
1664,0.13390228053691913,0.002380952380952381,19.85067141711245,0.9925200874720453,0.9925200874720453,24.0,24.0
1665,0.21752295226638813,0.014186507936507936,19.80122247761922,0.9900593059490467,0.9900593059490467,143.0,143.0
1666,0.21752295226638813,0.01121031746031746,19.81111652004548,0.9905539031896723,0.9905539031896723,113.0,113.0
1667,0.15612360758956703,0.014186507936507936,19.722775585331902,0.9861338802957071,0.9861338802957071,143.0,143.0
1668,0.15612360758956703,0.010218253968253968,19.74212920534267,0.9871012839960066,0.9871012839960066,103.0,103.0
1669,0.02939276367859875,0.006646825396825396,19.262956063939892,0.9630571594868632,0.9630571594868632,67.0,67.0
167,0.15523387367646083,0.01588888888888889,29.694588021773185,0.9898178965622156,0.9898178965622156,286.0,286.0
1670,0.02939276367859875,0.010615079365079366,19.016395782609493,0.9507428793158177,0.9507428793158177,107.0,107.0
1671,0.0544922205228551,0.10143790849673202,67.50647268267234,0.9643034189565463,0.9643034189565463,3104.0,3104.0
1672,0.0544922205228551,0.1111437908496732,67.40610957094887,0.9628662619347084,0.9628662619347084,3401.0,3401.0
1673,0.08894795025355859,0.1011437908496732,66.7716653736165,0.9538342375139512,0.9538342375139512,3095.0,3095.0
1674,0.08894795025355859,0.10751633986928105,66.86997781898754,0.9552365784558491,0.9552365784558491,3290.0,3290.0
1675,0.032892175534275384,0.09973856209150327,64.15382598616367,0.9163212535077726,0.9163212535077726,3052.0,3052.0
1676,0.032892175534275384,0.1068954248366013,64.20506154246792,0.917045827532496,0.917045827532496,3271.0,3271.0
1677,0.095711389570036,0.09676470588235295,69.39637449743535,0.9913488394743254,0.9913488394743254,2961.0,2961.0
1678,0.095711389570036,0.10522875816993464,69.13240139849104,0.9875765252463985,0.9875765252463985,3220.0,3220.0
1679,0.11568811422123297,0.09183006535947713,69.68201051612895,0.9954053312571542,0.9954053312571542,2810.0,2810.0
168,0.1293325138207646,0.02961111111111111,29.55105101751503,0.985004773346397,0.985004773346397,533.0,533.0
1680,0.11568811422123297,0.0969607843137255,69.55209671568704,0.993547057920888,0.993547057920888,2967.0,2967.0
1681,0.09347038313037655,0.07934640522875817,68.52735512761792,0.9789576132029819,0.9789576132029819,2428.0,2428.0
1682,0.09347038313037655,0.09107843137254902,68.39041198657044,0.9770010733935964,0.9770010733935964,2787.0,2787.0
1683,0.09925826753790697,0.0784640522875817,64.34673895560866,0.9191752897593299,0.9191752897593299,2401.0,2401.0
1684,0.09925826753790697,0.08401960784313726,64.49876968213593,0.9213442555457875,0.9213442555457875,2571.0,2571.0
1685,0.05238542857019541,0.07326797385620915,66.12303550648973,0.9445964604606051,0.9445964604606051,2242.0,2242.0
1686,0.05238542857019541,0.07986928104575164,66.17301376445818,0.9453096022794742,0.9453096022794742,2444.0,2444.0
1687,0.0908637969050274,0.07009803921568628,67.526776309984,0.9645705949128038,0.9645705949128038,2145.0,2145.0
1688,0.0908637969050274,0.07715686274509805,67.52427249374274,0.9645303880144951,0.9645303880144951,2361.0,2361.0
1689,0.0779555279269032,0.06875816993464053,62.47850705180028,0.8925339308862573,0.8925339308862573,2104.0,2104.0
169,0.1293325138207646,0.016277777777777776,29.524267930147438,0.9841138194017236,0.9841138194017236,293.0,293.0
1690,0.0779555279269032,0.07411764705882352,62.72389552715133,0.8960387455407773,0.8960387455407773,2268.0,2268.0
1691,0.07473831748981614,0.06241830065359477,68.5239810014211,0.9788323301374101,0.9788323301374101,1910.0,1910.0
1692,0.07473831748981614,0.07209150326797387,68.50636242653134,0.9785769232936585,0.9785769232936585,2206.0,2206.0
1693,0.04040000588928247,0.06133986928104575,58.3402037876528,0.8332737938164394,0.8332737938164394,1877.0,1877.0
1694,0.04040000588928247,0.0711764705882353,58.52249067535535,0.8358707245365394,0.8358707245365394,2178.0,2178.0
1695,0.040003374107816486,0.04666666666666666,58.070308669261294,0.8295053428810331,0.8295053428810331,1428.0,1428.0
1696,0.040003374107816486,0.05967320261437909,58.44947173309393,0.8349187537490389,0.8349187537490389,1826.0,1826.0
1697,0.09011890772770717,0.04490196078431373,67.23446157330446,0.9604243906734161,0.9604243906734161,1374.0,1374.0
1698,0.09011890772770717,0.05375816993464052,67.2960063668343,0.9613005148497092,0.9613005148497092,1645.0,1645.0
1699,0.2591887474986269,0.04630718954248366,68.17777758407291,0.9739439396861552,0.9739439396861552,1417.0,1417.0
17,0.09527247891020212,0.018452380952380953,19.53652741701199,0.9768249675910441,0.9768249675910441,186.0,186.0
170,0.13216267728802106,0.03038888888888889,29.847260000361395,0.9948918896294273,0.9948918896294273,547.0,547.0
1700,0.2591887474986269,0.053137254901960786,68.23222156727846,0.9747206058059473,0.9747206058059473,1626.0,1626.0
1701,0.40294450764429746,0.04513071895424836,69.4919351293588,0.9927229000722597,0.9927229000722597,1381.0,1381.0
1702,0.40294450764429746,0.04879084967320261,69.50565392725446,0.9929180178835609,0.9929180178835609,1493.0,1493.0
1703,0.4790882026659664,0.045294117647058825,69.4482056833796,0.9921019353930216,0.9921019353930216,1386.0,1386.0
1704,0.4790882026659664,0.045294117647058825,69.47247909304737,0.9924480034494001,0.9924480034494001,1386.0,1386.0
1705,0.05909478593561731,0.003869047619047619,19.83511462122163,0.9917513970093436,0.9917513970093436,39.0,39.0
1706,0.05909478593561731,0.013492063492063491,19.664870871330717,0.9832401726374063,0.9832401726374063,136.0,136.0
1707,0.06674351945362493,0.013095238095238094,19.302159550936693,0.9650703949228637,0.9650703949228637,132.0,132.0
1708,0.06674351945362493,0.013095238095238096,19.289559434392668,0.9644411118384311,0.9644411118384311,132.0,132.0
1709,0.44034895462260104,0.06547619047619048,19.887989042646236,0.9943944376304061,0.9943944376304061,660.0,660.0
171,0.13216267728802106,0.02638888888888889,29.81233255137512,0.9937286684961677,0.9937286684961677,475.0,475.0
1710,0.44034895462260104,0.01369047619047619,19.921407165669343,0.9960644902493223,0.9960644902493223,138.0,138.0
1711,0.10558444022032672,0.04875,39.13459896985433,0.8245511568487809,0.8696158405756527,1404.0,1404.0
1712,0.03298848737996294,0.0012896825396825399,19.983434666618464,0.9990301207561457,0.9990301207561457,13.0,13.0
1713,0.03298848737996294,0.00248015873015873,19.961556248383904,0.9979524771518633,0.9979524771518633,25.0,25.0
1714,0.007423547033414051,0.002976190476190476,18.619989602522818,0.9308581735431801,0.9308581735431801,30.0,30.0
1715,0.007423547033414051,0.003273809523809524,18.204915528124594,0.9101156256061341,0.9101156256061341,33.0,33.0
1716,0.309390118230946,0.006051587301587302,19.965570630798222,0.9982756342307892,0.9982756342307892,61.0,61.0
1717,0.309390118230946,0.01865079365079365,19.94161352573821,0.9970786067803948,0.9970786067803948,188.0,188.0
1718,0.6605494393902364,0.014980158730158729,19.981615369125297,0.9990747032129579,0.9990747032129579,151.0,151.0
1719,0.6605494393902364,0.016865079365079368,19.988413555828142,0.9994165817829401,0.9994165817829401,170.0,170.0
172,0.015245872787402507,0.030444444444444444,28.647300352948932,0.9547490339347243,0.9547490339347243,548.0,548.0
1720,0.43491906960447113,0.005952380952380953,19.964284881189545,0.9982098125062356,0.9982098125062356,60.0,60.0
1721,0.43491906960447113,0.00753968253968254,19.940097117105935,0.9970009422758105,0.9970009422758105,76.0,76.0
1722,0.15658532478567025,0.00496031746031746,19.837624768821588,0.9918720972615126,0.9918720972615126,50.0,50.0
1723,0.15658532478567025,0.005158730158730159,19.82460557763192,0.9912215351446191,0.9912215351446191,52.0,52.0
1724,0.02990326632249354,0.0023809523809523807,19.65881399149882,0.9828496649458011,0.9828496649458011,24.0,24.0
1725,0.02990326632249354,0.0047619047619047615,19.35836450684835,0.967843121773377,0.967843121773377,48.0,48.0
1726,0.4240685011575843,0.0052579365079365075,19.97297601209828,0.9986451505851566,0.9986451505851566,53.0,53.0
1727,0.4240685011575843,0.0020833333333333333,19.967553910720568,0.998374180702188,0.998374180702188,21.0,21.0
1728,0.1452478178338128,0.004861111111111111,19.855152495144228,0.9927397216905474,0.9927397216905474,49.0,49.0
1729,0.1452478178338128,0.008432539682539684,19.75292817782564,0.9876321348246175,0.9876321348246175,85.0,85.0
173,0.015245872787402507,0.025,28.58977921721669,0.9528632833888754,0.9528632833888754,450.0,450.0
1730,0.4822878124505809,0.014087301587301586,19.97254868609932,0.998621049275887,0.998621049275887,142.0,142.0
1731,0.4822878124505809,0.024107142857142858,19.975920474305703,0.9987915735435029,0.9987915735435029,243.0,243.0
1732,0.3795044860174377,0.019642857142857142,19.90448144236138,0.9952171766147612,0.9952171766147612,198.0,198.0
1733,0.3795044860174377,0.03968253968253969,19.869261155482715,0.993457516744692,0.993457516744692,400.0,400.0
1734,0.03090736811214835,0.0,20.00117296489917,1.0,1.0,0.0,0.0
1735,0.03090736811214835,0.007936507936507938,19.424541926261817,0.9711916629984284,0.9711916629984284,80.0,80.0
1736,0.10775912741589053,5.952380952380954E-4,19.981787330470738,0.9990572545857193,0.9990572545857193,6.0,6.0
1737,0.10775912741589053,0.010714285714285714,19.748987947270884,0.9874300611429229,0.9874300611429229,108.0,108.0
1738,0.06601697857215691,2.9761904761904775E-4,20.000094492953373,1.0,1.0,3.0,3.0
1739,0.06601697857215691,2.9761904761904775E-4,19.994000714162553,0.9996954587056985,0.9996954587056985,3.0,3.0
174,0.17812368702311326,0.001888888888888889,29.850011700349242,0.9949679552685374,0.9949679552685374,34.0,34.0
1740,0.10467951541167836,0.0019841269841269845,19.986472117521007,0.9993083893600969,0.9993083893600969,20.0,20.0
1741,0.10467951541167836,2.9761904761904765E-4,19.995134542015197,0.9997406460100363,0.9997406460100363,3.0,3.0
1742,0.2695783163655473,0.004761904761904762,19.987818504887358,0.9993890105961476,0.9993890105961476,48.0,48.0
1743,0.2695783163655473,2.9761904761904775E-4,19.995992330741572,0.9997976602660708,0.9997976602660708,3.0,3.0
1744,0.07561784735613183,9.92063492063492E-4,20.000312282864932,1.0,1.0,10.0,10.0
1745,0.07561784735613183,9.92063492063492E-4,19.942424474248604,0.9971072360424384,0.9971072360424384,10.0,10.0
1746,0.19205574444517934,0.003968253968253968,19.969305354388574,0.9984644071433296,0.9984644071433296,40.0,40.0
1747,0.19205574444517934,0.0012896825396825399,19.96674582806172,0.9983364410719404,0.9983364410719404,13.0,13.0
1748,0.066235970536105,0.09226190476190477,19.74196715690884,0.9870796936964855,0.9870796936964855,930.0,930.0
1749,0.066235970536105,0.08363095238095239,19.830427672464747,0.9915023047154152,0.9915023047154152,843.0,843.0
175,0.17812368702311326,0.0015,29.82333451256246,0.9940799473747499,0.9940799473747499,27.0,27.0
1750,0.09136375080899137,0.08938492063492064,19.63993848001448,0.9819827784625241,0.9819827784625241,901.0,901.0
1751,0.09136375080899137,0.08472222222222223,19.59876711746454,0.979924511303925,0.979924511303925,854.0,854.0
1752,0.07384212246559209,0.09781746031746032,19.320420026451316,0.9659995613295654,0.9659995613295654,986.0,986.0
1753,0.07384212246559209,0.0935515873015873,19.15888632271031,0.9579237884826426,0.9579237884826426,943.0,943.0
1754,0.18749996163243185,0.0026785714285714286,19.994436375678404,0.9996936189875463,0.9996936189875463,27.0,27.0
1755,0.18749996163243185,8.928571428571428E-4,19.989822269320047,0.9994638332282059,0.9994638332282059,9.0,9.0
1756,0.08795458760585707,0.0010912698412698413,19.994441323591815,0.9996715347051841,0.9996715347051841,11.0,11.0
1757,0.08795458760585707,6.944444444444445E-4,19.985638781128415,0.999233580978763,0.999233580978763,7.0,7.0
1758,0.23105154259119015,0.008333333333333333,19.93897240615499,0.9969440302560583,0.9969440302560583,84.0,84.0
1759,0.23105154259119015,0.01597222222222222,19.90700141405913,0.9953465238448316,0.9953465238448316,161.0,161.0
176,0.10881901407610321,0.017833333333333333,28.970312438439066,0.9656665199162848,0.9656665199162848,321.0,321.0
1760,0.2549364524648659,0.0057539682539682535,19.994157670745388,0.9996971778360757,0.9996971778360757,58.0,58.0
1761,0.2549364524648659,0.018353174603174604,19.97691108292287,0.9988391817049569,0.9988391817049569,185.0,185.0
1762,0.10118300016960717,0.014305555555555556,43.652806433596886,0.9700063554375941,0.9700063554375941,412.0,412.0
1763,0.04814815206922037,0.041567460317460315,19.6324243654612,0.9815819108617644,0.9815819108617644,419.0,419.0
1764,0.04814815206922037,0.03591269841269841,19.599472210683604,0.9799383140832207,0.9799383140832207,362.0,362.0
1765,0.11044101256258264,0.0013888888888888887,19.994082383503788,0.9996858913053773,0.9996858913053773,14.0,14.0
1766,0.11044101256258264,0.0012896825396825399,19.98651973808144,0.99930896087183,0.99930896087183,13.0,13.0
1767,0.08736572700314824,0.002182539682539682,19.95808571806319,0.9978580535981773,0.9978580535981773,22.0,22.0
1768,0.08736572700314824,0.004265873015873016,19.907952861004052,0.995359116129384,0.995359116129384,43.0,43.0
1769,0.0630596325999608,0.005456349206349206,19.707871410852288,0.9853464241040074,0.9853464241040074,55.0,55.0
177,0.10881901407610321,0.011555555555555557,29.052868218925703,0.9684174804262634,0.9684174804262634,208.0,208.0
1770,0.0630596325999608,0.006349206349206349,19.60918484987379,0.9804168106989434,0.9804168106989434,64.0,64.0
1771,0.03007169375554962,0.00753968253968254,19.246220038562754,0.9622047614826483,0.9622047614826483,76.0,76.0
1772,0.03007169375554962,0.008432539682539684,19.13373195685541,0.9565873239838707,0.9565873239838707,85.0,85.0
1773,0.07938802177526542,0.006448412698412699,19.704913718929912,0.9852050816572453,0.9852050816572453,65.0,65.0
1774,0.07938802177526542,0.018055555555555554,19.506397704007835,0.9752885091586984,0.9752885091586984,182.0,182.0
1775,0.10887479819333211,0.008234126984126984,19.870334714245327,0.9935007155827048,0.9935007155827048,83.0,83.0
1776,0.10887479819333211,0.007738095238095238,19.866136698253857,0.993291061246663,0.993291061246663,78.0,78.0
1777,0.111102583306475,0.015376984126984126,19.97948422071225,0.9989604051110442,0.9989604051110442,155.0,155.0
1778,0.111102583306475,0.013591269841269842,19.99450911050215,0.9997123762281482,0.9997123762281482,137.0,137.0
1779,0.18315232804793044,0.023115079365079366,19.96018757398761,0.9980028907143164,0.9980028907143164,233.0,233.0
178,0.7806262974002801,0.00938888888888889,30.000049860058805,1.0,1.0,169.0,169.0
1780,0.18315232804793044,0.039384920634920634,19.951443705427337,0.9975658296941612,0.9975658296941612,397.0,397.0
1781,0.09044062405990781,0.02628968253968254,19.550330590887675,0.9775067366309761,0.9775067366309761,265.0,265.0
1782,0.09044062405990781,0.040773809523809525,19.5406258024933,0.9770214972112571,0.9770214972112571,411.0,411.0
1783,0.09744162092700537,0.016765873015873015,19.78179306173907,0.9890735893757521,0.9890735893757521,169.0,169.0
1784,0.09744162092700537,0.03898809523809524,19.6592369325412,0.982947535320717,0.982947535320717,393.0,393.0
1785,0.11607068468321032,0.006845238095238095,19.937331363168997,0.9968431287669958,0.9968431287669958,69.0,69.0
1786,0.11607068468321032,0.01507936507936508,19.928526201724722,0.9964075585730728,0.9964075585730728,152.0,152.0
1787,0.055040216275421286,0.00496031746031746,19.950106130053424,0.9974877210093455,0.9974877210093455,50.0,50.0
1788,0.055040216275421286,0.013194444444444444,19.905401678915215,0.9952570204364332,0.9952570204364332,133.0,133.0
1789,0.0358015843027613,0.004861111111111111,19.539793252391938,0.9769564719192905,0.9769564719192905,49.0,49.0
179,0.7806262974002801,0.00938888888888889,29.953590341353763,0.9984520938148765,0.9984520938148765,169.0,169.0
1790,0.0358015843027613,0.0047619047619047615,19.47133784212961,0.9735373892617636,0.9735373892617636,48.0,48.0
1791,0.008544920168782557,0.001091269841269841,20.001113529009885,1.0,1.0,11.0,11.0
1792,0.008544920168782557,0.001091269841269841,19.567964414147266,0.9783477639241028,0.9783477639241028,11.0,11.0
1793,0.08492940638960152,0.05427083333333333,43.467442752292605,0.9490305732771849,0.9659193913460683,1563.0,1563.0
1794,0.08620318856897242,0.01140873015873016,19.750256410035636,0.9874897015272137,0.9874897015272137,115.0,115.0
1795,0.10727761215085024,0.012698412698412698,19.733606716284346,0.9866484090916096,0.9866484090916096,128.0,128.0
1796,0.07223974407685085,0.017162698412698414,19.39757564438511,0.9698718765254921,0.9698718765254921,173.0,173.0
1797,0.16095286792501357,0.007341269841269841,19.994314600330693,0.9997032940260672,0.9997032940260672,74.0,74.0
1798,0.04595033186728267,0.010615079365079364,19.356618966060424,0.9678265095630688,0.9678265095630688,107.0,107.0
1799,0.02518349612323829,0.010218253968253968,19.260707837444397,0.9630314864228123,0.9630314864228123,103.0,103.0
18,0.0949750147019636,0.0033730158730158727,20.000588062419947,1.0,1.0,34.0,34.0
180,0.059165523860363854,0.004067460317460318,19.83528619567444,0.9917091452382929,0.9917091452382929,41.0,41.0
1801,0.02206191663743997,0.0014880952380952382,19.985625549968738,0.9992485675713332,0.9992485675713332,15.0,15.0
1802,0.02206191663743997,0.0023809523809523807,19.978073190883112,0.9988728513569998,0.9988728513569998,24.0,24.0
1803,0.06496366426365882,0.007738095238095238,20.000786055689026,1.0,1.0,78.0,78.0
1804,0.06496366426365882,0.007738095238095238,19.798243373288273,0.989888423232141,0.989888423232141,78.0,78.0
1805,0.06896177170450435,0.036210317460317464,19.481598963752504,0.974075457930028,0.974075457930028,365.0,365.0
1806,0.06896177170450435,0.011706349206349206,19.56693712251605,0.9783416673836903,0.9783416673836903,118.0,118.0
1807,0.10772569940058382,0.009325396825396825,19.803660057386786,0.9901611472162801,0.9901611472162801,94.0,94.0
1808,0.10772569940058382,0.0036706349206349206,19.854495031575304,0.9927002059991755,0.9927002059991755,37.0,37.0
1809,0.08341007473355597,0.019246031746031744,19.42787942691302,0.9713634933084471,0.9713634933084471,194.0,194.0
181,0.059165523860363854,0.003968253968253969,19.841934418792373,0.9920407794287612,0.9920407794287612,40.0,40.0
1810,0.08341007473355597,0.0067460317460317455,19.589811380713385,0.9794544469175016,0.9794544469175016,68.0,68.0
1811,0.12786800363274342,0.02847222222222222,19.560050612663144,0.97799686699949,0.97799686699949,287.0,287.0
1812,0.12786800363274342,0.010714285714285714,19.637011648653026,0.9818442653027917,0.9818442653027917,108.0,108.0
1813,0.026595332790587158,0.022321428571428572,19.610155024914015,0.9804896577113548,0.9804896577113548,225.0,225.0
1814,0.026595332790587158,0.0035714285714285713,19.77230250112632,0.9885890286125477,0.9885890286125477,36.0,36.0
1815,0.269414637621566,0.009623015873015872,20.000261793987658,1.0,1.0,97.0,97.0
1816,0.269414637621566,0.009623015873015872,19.925722822084335,0.996277687340032,0.996277687340032,97.0,97.0
1817,0.10197205059356416,0.0011904761904761906,19.972721187686815,0.998585458567635,0.998585458567635,12.0,12.0
1818,0.10197205059356416,3.9682539682539693E-4,19.972721187686815,0.998585458567635,0.998585458567635,4.0,4.0
1819,0.026857670840440592,0.0015873015873015875,19.925485979194516,0.9962045588834841,0.9962045588834841,16.0,16.0
182,0.0571541633940104,0.005952380952380953,19.536569634344875,0.9767814325723317,0.9767814325723317,60.0,60.0
1820,0.026857670840440592,0.0017857142857142854,19.904734344815317,0.9951694385789798,0.9951694385789798,18.0,18.0
1821,0.0378881204770484,0.00376984126984127,19.884000428034785,0.99410261471594,0.99410261471594,38.0,38.0
1822,0.0378881204770484,0.0037698412698412695,19.864008060750876,0.9931056289648742,0.9931056289648742,38.0,38.0
1823,0.03376470653723406,8.928571428571429E-4,20.00212992167889,1.0,1.0,9.0,9.0
1824,0.03376470653723406,8.928571428571429E-4,19.78234461313473,0.9890196092464539,0.9890196092464539,9.0,9.0
1825,0.17726887641763114,0.010912698412698412,19.96629221992792,0.9983065602395446,0.9983065602395446,110.0,110.0
1826,0.17726887641763114,0.007638888888888889,19.975496885431596,0.9987670532165623,0.9987670532165623,77.0,77.0
1827,0.16825967777753897,0.009920634920634922,19.84135560258403,0.9920511917449902,0.9920511917449902,100.0,100.0
1828,0.16825967777753897,0.011904761904761904,19.82681573478406,0.9913254743845463,0.9913254743845463,120.0,120.0
1829,0.12757473311898518,0.009523809523809523,19.97727940528314,0.998851873937266,0.998851873937266,96.0,96.0
183,0.0571541633940104,0.0047619047619047615,19.609818628402476,0.9804400879893317,0.9804400879893317,48.0,48.0
1830,0.12757473311898518,0.012103174603174604,19.983911271052776,0.9991832622032579,0.9991832622032579,122.0,122.0
1831,0.061812946141570915,0.013591269841269842,19.331354469406694,0.9665516426263807,0.9665516426263807,137.0,137.0
1832,0.061812946141570915,0.01597222222222222,19.377017810193966,0.9688335726777478,0.9688335726777478,161.0,161.0
1833,0.22652321072678114,0.011904761904761906,19.946861145649336,0.9973403753450354,0.9973403753450354,120.0,120.0
1834,0.22652321072678114,0.014285714285714285,19.93985324085699,0.9969901619316847,0.9969901619316847,144.0,144.0
1835,0.28257763004120057,0.005853174603174603,19.992547639323206,0.9996110350702258,0.9996110350702258,59.0,59.0
1836,0.28257763004120057,0.004265873015873016,19.987510778224582,0.9993609861867995,0.9993609861867995,43.0,43.0
1837,0.22873551962142522,0.017261904761904763,20.000191164799645,1.0,1.0,174.0,174.0
1838,0.22873551962142522,0.017261904761904763,19.823582333889046,0.9911738397494622,0.9911738397494622,174.0,174.0
1839,0.02986739331863067,0.01130952380952381,19.090464457120294,0.9545095373070276,0.9545095373070276,114.0,114.0
184,0.0573870599523314,0.0041666666666666675,19.683569884535686,0.9841304638120183,0.9841304638120183,42.0,42.0
1840,0.02986739331863067,0.00873015873015873,19.177133232375247,0.9588419623254059,0.9588419623254059,88.0,88.0
1841,0.08000137780689295,0.06646825396825397,19.30611418671897,0.9652974568467458,0.9652974568467458,670.0,670.0
1842,0.08000137780689295,0.0818452380952381,19.32619888320897,0.9663015122693067,0.9663015122693067,825.0,825.0
1843,0.049529283189602306,0.06795634920634921,19.83440274614652,0.9917055728911884,0.9917055728911884,685.0,685.0
1844,0.049529283189602306,0.033134920634920635,19.904764216487617,0.9952220633195328,0.9952220633195328,334.0,334.0
1845,0.1270002691854377,0.06031746031746032,19.936232122549917,0.9968105905000241,0.9968105905000241,608.0,608.0
1846,0.1270002691854377,0.036904761904761905,19.832895627960145,0.9916436774551032,0.9916436774551032,372.0,372.0
1847,0.022742853938326864,0.008035714285714287,18.83174150906357,0.9414690103663832,0.9414690103663832,81.0,81.0
1848,0.022742853938326864,0.0018849206349206352,19.36091710027211,0.9679023605235004,0.9679023605235004,19.0,19.0
1849,0.19755358197037662,0.015873015873015872,20.000362639369946,1.0,1.0,160.0,160.0
185,0.0573870599523314,0.005357142857142857,19.60731493266757,0.9803217751269027,0.9803217751269027,54.0,54.0
1850,0.19755358197037662,0.015873015873015872,19.876432301954708,0.9938116047401275,0.9938116047401275,160.0,160.0
1851,0.12520617108636722,0.02123015873015873,19.775283828271323,0.9887615797024304,0.9887615797024304,214.0,214.0
1852,0.12520617108636722,0.04573412698412699,19.78201754098262,0.989098623808151,0.989098623808151,461.0,461.0
1853,0.15508835769240442,0.026984126984126982,19.954437469709674,0.997705337107563,0.997705337107563,272.0,272.0
1854,0.15508835769240442,0.05109126984126984,19.934259825352115,0.9966984797522875,0.9966984797522875,515.0,515.0
1855,0.1703466842098053,0.01865079365079365,19.88986082078249,0.9944857819991815,0.9944857819991815,188.0,188.0
1856,0.1703466842098053,0.04960317460317461,19.87883324271868,0.9939357727261687,0.9939357727261687,500.0,500.0
1857,0.03466919614249038,0.02222222222222222,18.935546643894188,0.9467385691938053,0.9467385691938053,224.0,224.0
1858,0.03466919614249038,0.05158730158730159,18.74354086758192,0.9371443608489219,0.9371443608489219,520.0,520.0
1859,0.11098635946540841,0.025297619047619048,19.939910101959807,0.9969810197458514,0.9969810197458514,255.0,255.0
186,0.18375426653738297,0.01746031746031746,19.745403315772954,0.9872578305615203,0.9872578305615203,176.0,176.0
1860,0.11098635946540841,0.06111111111111111,19.980009973874303,0.9989882855536765,0.9989882855536765,616.0,616.0
1861,0.06754156171200948,0.0010912698412698413,19.946750891500052,0.9972996189364157,0.9972996189364157,11.0,11.0
1862,0.06754156171200948,1.9841269841269844E-4,19.973771191543978,0.9986498094682079,0.9986498094682079,2.0,2.0
1863,0.17074643820687263,0.043154761904761904,19.871188380763172,0.9935539455005497,0.9935539455005497,435.0,435.0
1864,0.17074643820687263,0.06081349206349206,19.881172585444567,0.9940529124662811,0.9940529124662811,613.0,613.0
1865,0.1789290402617467,0.04434523809523809,19.736710346276155,0.9868322098935303,0.9868322098935303,447.0,447.0
1866,0.1789290402617467,0.011805555555555555,19.773332720093954,0.9886628875950498,0.9886628875950498,119.0,119.0
1867,0.11487894066995312,0.04712301587301587,19.79149597150552,0.9895700534825546,0.9895700534825546,475.0,475.0
1868,0.11487894066995312,0.014087301587301588,19.831416995876246,0.9915652611290516,0.9915652611290516,142.0,142.0
1869,0.07957225814510138,0.08938492063492064,19.34642687635808,0.9673211274981156,0.9673211274981156,901.0,901.0
187,0.18375426653738297,0.007440476190476191,19.843628810895037,0.9921645098408514,0.9921645098408514,75.0,75.0
1870,0.07957225814510138,0.044642857142857144,19.515235988483454,0.9757615831043843,0.9757615831043843,450.0,450.0
1871,0.224792648270097,0.004464285714285714,20.000334481052572,1.0,1.0,45.0,45.0
1872,0.224792648270097,0.004464285714285714,19.929256056580783,0.9964506082073308,0.9964506082073308,45.0,45.0
1873,0.21548779826463857,0.004774305555555556,44.58538440249842,0.9907851666064086,0.9907851666064086,55.0,55.0
1874,0.21548779826463857,0.004774305555555555,44.32814506960609,0.9850689388401735,0.9850689388401735,55.0,55.0
1875,0.25106076441819064,0.0421875,43.81590394716299,0.9736657622294811,0.9736657622294811,486.0,486.0
1876,0.25106076441819064,0.022829861111111113,43.93638261420485,0.9763426192999923,0.9763426192999923,263.0,263.0
1877,0.2145331478829505,0.017534722222222222,43.97471616437739,0.9771957373355888,0.9771957373355888,202.0,202.0
1878,0.2145331478829505,0.01545138888888889,44.05326422719854,0.9789400629351754,0.9789400629351754,178.0,178.0
1879,0.18021072082935,0.010218253968253968,19.882465695679514,0.9941026830853859,0.9941026830853859,103.0,103.0
188,0.1187110503872128,0.0072420634920634915,19.77313115688536,0.9886285912161628,0.9886285912161628,73.0,73.0
1880,0.18021072082935,0.004563492063492063,19.885493742420515,0.9942546825731196,0.9942546825731196,46.0,46.0
1881,0.0569090263536012,0.005654761904761905,20.00121984506144,1.0,1.0,57.0,57.0
1882,0.0569090263536012,0.005654761904761905,19.58541797076349,0.979228331028218,0.979228331028218,57.0,57.0
1883,0.1866500731669975,0.004464285714285714,20.00000784002116,1.0,1.0,45.0,45.0
1884,0.1866500731669975,0.004464285714285715,19.93827374719389,0.9969133974422453,0.9969133974422453,45.0,45.0
1885,0.25717812959452807,0.007638888888888889,19.915293201340937,0.9957636768238933,0.9957636768238933,77.0,77.0
1886,0.25717812959452807,4.960317460317461E-4,19.987474151147484,0.9993723965665027,0.9993723965665027,5.0,5.0
1887,0.21526444396832378,0.03273809523809524,19.907077792307486,0.9953463094661532,0.9953463094661532,330.0,330.0
1888,0.21526444396832378,0.0012896825396825397,19.98679449064455,0.9993258544719505,0.9993258544719505,13.0,13.0
1889,0.13758832991663214,0.05793650793650794,19.879110559504817,0.9939388827855719,0.9939388827855719,584.0,584.0
189,0.1187110503872128,0.007341269841269841,19.767136561229005,0.9883293436165881,0.9883293436165881,74.0,74.0
1890,0.13758832991663214,0.035515873015873015,19.84663480785951,0.9923139603040109,0.9923139603040109,358.0,358.0
1891,0.24898520794389556,0.0695436507936508,19.885407671763282,0.9942669327688012,0.9942669327688012,701.0,701.0
1892,0.24898520794389556,0.01498015873015873,19.955307832935972,0.9977613134057335,0.9977613134057335,151.0,151.0
1893,0.24909378956480713,0.0051587301587301595,19.99811566552735,0.9998867236956009,0.9998867236956009,52.0,52.0
1894,0.24909378956480713,5.952380952380953E-4,19.995837842935646,0.9997734473912018,0.9997734473912018,6.0,6.0
1895,0.15630519091574538,0.004265873015873016,19.907342159908353,0.9953390860174255,0.9953390860174255,43.0,43.0
1896,0.15630519091574538,0.003869047619047619,19.845127450071576,0.9922318100290425,0.9922318100290425,39.0,39.0
1897,0.05580253255515187,0.0011904761904761906,20.000907725860888,1.0,1.0,12.0,12.0
1898,0.05580253255515187,0.0011904761904761906,19.801732019757523,0.9900464152075764,0.9900464152075764,12.0,12.0
1899,0.2867862652547402,0.024603174603174603,19.903982508791383,0.995192309791503,0.995192309791503,124.0,124.0
19,0.0949750147019636,0.0033730158730158727,19.75966662693426,0.9879609727234545,0.9879609727234545,34.0,34.0
190,0.02893461770257546,0.00376984126984127,19.533367060215042,0.9766318232115988,0.9766318232115988,19.0,19.0
1900,0.2867862652547402,0.007738095238095238,19.927619495962784,0.9963734136885657,0.9963734136885657,39.0,39.0
1901,0.2528051709754444,0.042956349206349206,19.869675599883543,0.9934737656611287,0.9934737656611287,433.0,433.0
1902,0.2528051709754444,0.007936507936507936,19.930769990573765,0.996524649919153,0.996524649919153,80.0,80.0
1903,0.16106951969800545,0.04484126984126984,19.92636487656807,0.9963093871499924,0.9963093871499924,452.0,452.0
1904,0.16106951969800545,0.017063492063492065,19.994629019334337,0.9997218562317716,0.9997218562317716,172.0,172.0
1905,0.18262341496297807,0.05119047619047619,19.921859893440484,0.9960897290761364,0.9960897290761364,516.0,516.0
1906,0.18262341496297807,0.030357142857142857,19.92864404544029,0.9964290047093742,0.9964290047093742,306.0,306.0
1907,0.2066536790868404,0.04414682539682539,19.759557109513413,0.9879682119300368,0.9879682119300368,445.0,445.0
1908,0.2066536790868404,0.028373015873015873,19.779554974297046,0.9889690324332219,0.9889690324332219,286.0,286.0
1909,0.13389050579229808,0.025892857142857145,19.680676309325662,0.9840270224592217,0.9840270224592217,261.0,261.0
191,0.02893461770257546,0.00376984126984127,19.698374384670974,0.9848794150192698,0.9848794150192698,19.0,19.0
1910,0.13389050579229808,0.02529761904761905,19.63474729639169,0.9817312007946584,0.9817312007946584,255.0,255.0
1911,0.10360927879095122,0.030357142857142857,19.775147215600477,0.988739018120794,0.988739018120794,306.0,306.0
1912,0.10360927879095122,0.030257936507936508,19.810732854226003,0.9905183000520704,0.9905183000520704,305.0,305.0
1913,0.13475937825283024,0.01825396825396825,19.71336581203073,0.985653515788315,0.985653515788315,184.0,184.0
1914,0.13475937825283024,0.0024801587301587305,19.88896418699893,0.9944251606413208,0.9944251606413208,25.0,25.0
1915,0.24371559540995635,0.011507936507936509,19.970292905569572,0.9985033369088296,0.9985033369088296,116.0,116.0
1916,0.24371559540995635,0.011507936507936509,19.975992552680353,0.9987887025989332,0.9987887025989332,116.0,116.0
1917,0.04437950644519506,0.0011904761904761904,20.00077906894119,1.0,1.0,12.0,12.0
1918,0.04437950644519506,0.0011904761904761904,19.997341435038713,0.9998325817206852,0.9998325817206852,12.0,12.0
1919,0.05652148556287568,0.006845238095238095,19.422129372422418,0.9710540661446516,0.9710540661446516,69.0,69.0
192,0.46883112019288015,0.007936507936507936,20.000142586052313,1.0,1.0,40.0,40.0
1920,0.05652148556287568,0.0035714285714285713,19.62576415811398,0.9812242591208551,0.9812242591208551,36.0,36.0
1921,0.05975800800437811,0.007242063492063492,19.82994094873072,0.9914713965911902,0.9914713965911902,73.0,73.0
1922,0.05975800800437811,0.0035714285714285713,19.88990718428287,0.9944645781997287,0.9944645781997287,36.0,36.0
1923,0.07439072616381014,0.021031746031746033,19.551448420549008,0.9775595573587523,0.9775595573587523,212.0,212.0
1924,0.07439072616381014,0.007043650793650794,19.691855389854517,0.9845768185435403,0.9845768185435403,71.0,71.0
1925,0.20821323610575107,0.009027777777777779,19.902900494589503,0.9951384333791657,0.9951384333791657,91.0,91.0
1926,0.20821323610575107,0.0014880952380952382,19.96232249703249,0.9981071946350764,0.9981071946350764,15.0,15.0
1927,0.06373610138052523,0.009920634920634922,19.623713062722356,0.9811603179761501,0.9811603179761501,100.0,100.0
1928,0.06373610138052523,0.0015873015873015875,19.88289684389616,0.9941068394548566,0.9941068394548566,16.0,16.0
1929,0.027976130966753613,0.007837301587301587,18.861940891671164,0.9430053424092245,0.9430053424092245,79.0,79.0
193,0.46883112019288015,0.007936507936507938,19.968693832434464,0.9984291218540547,0.9984291218540547,40.0,40.0
1930,0.027976130966753613,0.007837301587301587,18.86339942878711,0.9430797248550905,0.9430797248550905,79.0,79.0
1933,0.10890498075932838,0.06160714285714285,19.75702719888771,0.9878303971525993,0.9878303971525993,621.0,621.0
1934,0.10890498075932838,0.03214285714285715,19.76659759034507,0.9883074874442092,0.9883074874442092,324.0,324.0
1935,0.03908027346490166,0.05634920634920635,18.577931464364703,0.928867301937638,0.928867301937638,568.0,568.0
1936,0.03908027346490166,0.026884920634920637,18.775537582259304,0.9387429510377276,0.9387429510377276,271.0,271.0
1937,0.0882776287423544,0.03878968253968254,19.9224931339297,0.9960965845767225,0.9960965845767225,391.0,391.0
1938,0.0882776287423544,0.015972222222222224,19.936181919196503,0.9967765578210095,0.9967765578210095,161.0,161.0
1939,0.09441417692937454,0.03412698412698413,19.991959691467436,0.999582762823579,0.999582762823579,344.0,344.0
194,0.4454218870534081,0.023115079365079363,19.89876725154789,0.9949317699468043,0.9949317699468043,233.0,233.0
1940,0.09441417692937454,0.016964285714285713,19.985707561902057,0.9992684650397777,0.9992684650397777,171.0,171.0
1941,0.08931297868179958,0.02976190476190476,19.417792561112652,0.9708798260976307,0.9708798260976307,300.0,300.0
1942,0.08931297868179958,0.015773809523809523,19.425535680608984,0.9712661107872916,0.9712661107872916,159.0,159.0
1943,0.09772632352700832,0.028075396825396823,19.75607036320358,0.9877838451873917,0.9877838451873917,283.0,283.0
1944,0.09772632352700832,0.011011904761904761,19.759736928700978,0.9879628016905311,0.9879628016905311,111.0,111.0
1945,0.09473154665829074,0.025694444444444447,19.444716129815873,0.9722167421576611,0.9722167421576611,259.0,259.0
1946,0.09473154665829074,0.010912698412698412,19.557841603568612,0.9778688714250519,0.9778688714250519,110.0,110.0
1947,0.0950409215651202,0.022023809523809522,19.493970165673257,0.9746880371553011,0.9746880371553011,222.0,222.0
1948,0.0950409215651202,0.008432539682539684,19.605625476141427,0.9802681291991279,0.9802681291991279,85.0,85.0
1949,0.09182818139538095,0.019642857142857142,19.72443951241445,0.986219732147597,0.986219732147597,198.0,198.0
195,0.4454218870534081,0.012996031746031747,19.903023572526134,0.9951444639099648,0.9951444639099648,131.0,131.0
1950,0.09182818139538095,0.00882936507936508,19.780748708150274,0.9890347798678957,0.9890347798678957,89.0,89.0
1951,0.0933124001158,0.02003968253968254,19.880274623385255,0.9940068241424707,0.9940068241424707,202.0,202.0
1952,0.0933124001158,0.007341269841269841,19.912881662961713,0.9956351615718124,0.9956351615718124,74.0,74.0
1953,0.02208250488164622,0.14642857142857144,19.92525653183776,0.9961602315469326,0.9961602315469326,1476.0,1476.0
1954,0.02208250488164622,0.15853174603174605,19.92243290803102,0.9960212806836599,0.9960212806836599,1598.0,1598.0
1955,0.049773568569489786,1.984126984126984E-4,20.00054100347843,1.0,1.0,2.0,2.0
1956,0.049773568569489786,1.984126984126984E-4,19.998642803985042,0.9999056535706208,0.9999056535706208,2.0,2.0
1957,0.038708506605015666,0.0031746031746031746,19.979916080995576,0.9989370329700328,0.9989370329700328,32.0,32.0
1958,0.038708506605015666,0.008630952380952382,19.963218379428945,0.9981156493559673,0.9981156493559673,87.0,87.0
1959,0.10237687092073258,0.003472222222222222,19.868567181813052,0.9933914636569335,0.9933914636569335,35.0,35.0
196,0.12371332579678418,0.0015873015873015875,20.00035804151352,1.0,1.0,16.0,16.0
1960,0.10237687092073258,0.008928571428571428,19.748253368280555,0.9873847603295478,0.9873847603295478,90.0,90.0
1961,0.0077930842364834435,0.0035714285714285713,18.604529495765366,0.9221619961007312,0.9298056682579656,36.0,36.0
1962,0.0077930842364834435,0.016567460317460318,17.02810496965772,0.8428159715815601,0.851130321549755,167.0,167.0
1963,0.07136640998240035,0.013194444444444444,19.89702233983497,0.9948070284850115,0.9948070284850115,133.0,133.0
1964,0.07136640998240035,0.021924603174603173,19.878584409457122,0.9938913198267137,0.9938913198267137,221.0,221.0
1965,0.014812008913997046,0.09483333333333333,28.195121582590637,0.9397236230382373,0.9397236230382373,1707.0,1707.0
1966,0.014812008913997046,0.09522222222222222,28.29967877832218,0.9432011063244928,0.9432011063244928,1714.0,1714.0
1967,0.08807121340029983,0.09572222222222222,29.35805870351365,0.9785782938059473,0.9785782938059473,1723.0,1723.0
1968,0.08807121340029983,0.09683333333333334,29.348984546770506,0.9782742085296564,0.9782742085296564,1743.0,1743.0
1969,0.015262149229769251,0.10122222222222221,28.272701311382097,0.9423087542694584,0.9423087542694584,1822.0,1822.0
197,0.12371332579678418,0.0015873015873015875,19.92079139973967,0.9960239056707672,0.9960239056707672,16.0,16.0
1970,0.015262149229769251,0.10233333333333333,28.13382233219651,0.9376768499001674,0.9376768499001674,1842.0,1842.0
1971,0.06702090364989463,0.12122222222222222,27.910029662454296,0.9303053449520488,0.9303053449520488,2182.0,2182.0
1972,0.06702090364989463,0.12811111111111112,28.266680692396218,0.9421937126167795,0.9421937126167795,2306.0,2306.0
1973,0.11738364984315705,0.12255555555555556,28.96578385004288,0.9655248924949,0.9655248924949,2206.0,2206.0
1974,0.11738364984315705,0.12944444444444445,28.64145806127301,0.9547140328692376,0.9547140328692376,2330.0,2330.0
1975,0.049411384369492925,0.048,29.684218726313187,0.98944501155221,0.98944501155221,864.0,864.0
1976,0.049411384369492925,0.05444444444444444,29.769368464180697,0.9922839793920507,0.9922839793920507,980.0,980.0
1977,0.04561680527897892,0.04494444444444444,28.6028994134522,0.953428556089151,0.953428556089151,809.0,809.0
1978,0.04561680527897892,0.05227777777777778,28.546930325024473,0.9515629514606547,0.9515629514606547,941.0,941.0
1979,0.11194366708618074,0.04477777777777778,29.351145475609368,0.9783631391993117,0.9783631391993117,806.0,806.0
198,0.18520662952534706,0.03283730158730159,19.81690427080761,0.9908420121200957,0.9908420121200957,331.0,331.0
1980,0.11194366708618074,0.05172222222222222,29.276610434361142,0.9758788239722449,0.9758788239722449,931.0,931.0
1981,0.048754796164797116,0.04466666666666667,29.584124158496785,0.9860913549806897,0.9860913549806897,804.0,804.0
1982,0.048754796164797116,0.042777777777777776,29.577855599858783,0.9858834278476274,0.9858834278476274,770.0,770.0
1983,0.08797270392654426,0.04577777777777778,29.33307112975742,0.9777368667730069,0.9777368667730069,824.0,824.0
1984,0.08797270392654426,0.042944444444444445,29.301724547304282,0.976692695599804,0.976692695599804,773.0,773.0
1985,0.12941598647899424,0.04572222222222222,29.51785985805658,0.9839009402890458,0.9839009402890458,823.0,823.0
1986,0.12941598647899424,0.03872222222222222,29.519417949396548,0.9839534927036264,0.9839534927036264,697.0,697.0
1987,0.11544157926520626,0.042611111111111113,29.81245397374664,0.9937149808314151,0.9937149808314151,767.0,767.0
1988,0.11544157926520626,0.03933333333333333,29.78397821237164,0.9927665328958071,0.9927665328958071,708.0,708.0
1989,0.05756614622655149,0.07994444444444444,29.408574133958382,0.9802221769506534,0.9802221769506534,1439.0,1439.0
199,0.18520662952534706,6.944444444444445E-4,19.97167831107678,0.9985785395839268,0.9985785395839268,7.0,7.0
1990,0.05756614622655149,0.04755555555555556,29.755843002541404,0.9917992198481903,0.9917992198481903,856.0,856.0
1991,0.0902727922081593,0.08077777777777778,29.72278915327667,0.9907278288313148,0.9907278288313148,1454.0,1454.0
1992,0.0902727922081593,0.04877777777777778,29.71739411020493,0.9905487009425066,0.9905487009425066,878.0,878.0
1993,0.030088376535171116,0.07305555555555555,27.917181499443032,0.9087479534461068,0.9304941349020136,1315.0,1315.0
1994,0.030088376535171116,0.050333333333333334,28.210664995473298,0.9402786643640467,0.9402786643640467,906.0,906.0
1995,0.10487988404314769,0.10127777777777777,26.063361142039604,0.8213869842381766,0.8687563898772047,1823.0,1823.0
1996,0.10487988404314769,0.042833333333333334,29.470862630692718,0.9823407430435019,0.9823407430435019,771.0,771.0
1997,0.035367809832943374,0.1246111111111111,21.333737115233024,0.656515908351235,0.7111090822747536,2243.0,2243.0
1998,0.035367809832943374,0.04755555555555555,27.475446930634668,0.9158334161895771,0.9158334161895771,856.0,856.0
2,0.14411115482571865,0.10093137254901961,65.6948707232532,0.9240774519393219,0.9384096522014083,6177.0,6177.0
20,0.5150843764085519,0.05371527777777778,44.539482222348305,0.9897579281226432,0.9897579281226432,3094.0,3094.0
200,0.40828039393471705,0.012797619047619047,19.98157548430187,0.9990731006538988,0.9990731006538988,129.0,129.0
2001,0.15694935811519217,0.0021825396825396826,20.00062616689175,1.0,1.0,22.0,22.0
2002,0.15694935811519217,0.002182539682539683,19.914416571344802,0.9956947382800839,0.9956947382800839,22.0,22.0
2003,0.09336115206357228,0.001388888888888889,20.000008772916406,1.0,1.0,14.0,14.0
2004,0.09336115206357228,0.001388888888888889,19.96894258281877,0.998446749895073,0.998446749895073,14.0,14.0
201,0.40828039393471705,0.006448412698412699,19.950670187189573,0.9975293042494167,0.9975293042494167,65.0,65.0
2011,4.687533515971434,0.03719362745098039,69.85753252165952,0.9979625098287002,0.9979625098287002,3035.0,3035.0
2014,0.15739883208099265,0.022222222222222223,19.767129517819033,0.9883407952513517,0.9883407952513517,224.0,224.0
2015,0.15739883208099265,0.0308531746031746,19.759244967188103,0.987948600395309,0.987948600395309,311.0,311.0
2016,0.05875695090232153,0.024801587301587304,19.61887901212189,0.9809315816802898,0.9809315816802898,250.0,250.0
2017,0.05875695090232153,0.031746031746031744,19.606980773655053,0.9803374118924961,0.9803374118924961,320.0,320.0
2018,0.07686514953927837,0.021527777777777778,19.891216320926357,0.9945323558550414,0.9945323558550414,217.0,217.0
2019,0.07686514953927837,0.03412698412698413,19.85710268032474,0.9928288630704436,0.9928288630704436,344.0,344.0
202,0.16774720443964047,0.009126984126984126,19.77951684618732,0.9889647018703873,0.9889647018703873,92.0,92.0
2020,0.21388359830432063,0.006845238095238095,19.994672206417835,0.9997323972728513,0.9997323972728513,69.0,69.0
2021,0.21388359830432063,0.02966269841269841,19.86888679417756,0.9934437331848579,0.9934437331848579,299.0,299.0
2022,0.14657295934396797,0.005456349206349206,20.00010058137,1.0,1.0,55.0,55.0
2023,0.14657295934396797,0.005456349206349206,19.852514962612336,0.9926223430321532,0.9926223430321532,55.0,55.0
2026,0.20765790249162708,0.0013888888888888887,20.000226041250404,1.0,1.0,14.0,14.0
2027,0.20765790249162708,5.952380952380953E-4,19.979765283688465,0.9989776685008107,0.9989776685008107,6.0,6.0
203,0.16774720443964047,0.004960317460317461,19.84865990930329,0.9924213408520793,0.9924213408520793,50.0,50.0
2038,0.13226704036199582,0.007142857142857143,19.94838969370877,0.997417571710042,0.997417571710042,72.0,72.0
2039,0.13226704036199582,0.029265873015873016,19.851632470975566,0.9925796811429912,0.9925796811429912,295.0,295.0
204,0.21779885119002426,0.00634920634920635,19.917382157019013,0.9958530896573144,0.9958530896573144,64.0,64.0
2040,0.09488237722514066,0.0057539682539682535,19.68081514362968,0.9840074288285645,0.9840074288285645,58.0,58.0
2041,0.09488237722514066,0.012301587301587303,19.712830584475203,0.9856066859457081,0.9856066859457081,124.0,124.0
2042,0.1546122416461114,0.00744047619047619,19.953350392492947,0.9976624925421362,0.9976624925421362,75.0,75.0
2043,0.1546122416461114,0.013293650793650793,19.95688995055119,0.997839622780882,0.997839622780882,134.0,134.0
2044,0.22347355374348318,0.005654761904761905,19.937110661096817,0.9968505677797844,0.9968505677797844,57.0,57.0
2045,0.22347355374348318,0.004861111111111111,19.889854281968415,0.9944884936146228,0.9944884936146228,49.0,49.0
2046,0.15817628979951048,0.003968253968253969,19.94730893139217,0.997343480709327,0.997343480709327,40.0,40.0
2047,0.15817628979951048,0.004861111111111111,19.89790392528714,0.9948767127965592,0.9948767127965592,49.0,49.0
2048,0.058395797260578,0.002976190476190476,19.80597019521805,0.9902804106486599,0.9902804106486599,30.0,30.0
2049,0.058395797260578,0.004563492063492064,19.752349375820998,0.9876003349647936,0.9876003349647936,46.0,46.0
205,0.21779885119002426,0.00376984126984127,19.90907990570541,0.9954383986230458,0.9954383986230458,38.0,38.0
2056,0.08360486289238082,0.013492063492063491,19.500533612131164,0.9749927489412215,0.9749927489412215,136.0,136.0
2057,0.08360486289238082,0.02132936507936508,19.407941843353633,0.9703674019605121,0.9703674019605121,215.0,215.0
2058,0.17122987886570334,0.005952380952380952,19.971374092368137,0.9985595015792468,0.9985595015792468,60.0,60.0
2059,0.17122987886570334,0.006051587301587302,19.96656220536656,0.9983194185091213,0.9983194185091213,61.0,61.0
206,0.18427417174545302,0.0030753968253968257,19.95947586657573,0.997964095377896,0.997964095377896,31.0,31.0
2060,0.14159447286415494,0.0034722222222222225,19.94245592576723,0.9971226248468231,0.9971226248468231,35.0,35.0
2061,0.14159447286415494,0.010912698412698412,19.847912637560487,0.9923955085237467,0.9923955085237467,110.0,110.0
2062,0.1495419089983112,0.006746031746031746,19.982471462020627,0.9991092674967162,0.9991092674967162,68.0,68.0
2063,0.1495419089983112,0.014980158730158729,19.961334264105258,0.9980557736254926,0.9980557736254926,151.0,151.0
2064,0.018287636184181954,0.05694444444444444,18.058167387451512,0.9027980524353674,0.9027980524353674,574.0,574.0
2065,0.018287636184181954,0.025595238095238095,18.379532806301647,0.9188491629654194,0.9188491629654194,258.0,258.0
2066,0.1783929051295819,0.015873015873015876,19.73324348631774,0.9866495102121758,0.9866495102121758,160.0,160.0
2067,0.24679468543050737,0.022817460317460316,19.836679438886776,0.9918334633689748,0.9918334633689748,230.0,230.0
2068,0.19049586933125667,0.021031746031746033,19.798836548823544,0.9899378537236171,0.9899378537236171,212.0,212.0
2069,0.11890665760133415,0.01636904761904762,19.765810351439423,0.9882852076401429,0.9882852076401429,165.0,165.0
207,0.18427417174545302,9.92063492063492E-4,19.954383900940723,0.9977096073001329,0.9977096073001329,10.0,10.0
2070,0.07841402434460275,0.047817460317460314,19.28247917528791,0.9641061561295186,0.9641061561295186,482.0,482.0
2071,0.027006720319809982,0.039781746031746036,19.414060114777808,0.9706809911912919,0.9706809911912919,401.0,401.0
2072,0.09470331523993664,0.042162698412698416,19.378216913651514,0.9688929771111113,0.9688929771111113,425.0,425.0
2073,0.097794811662803,0.04484126984126984,19.73399500266406,0.98669787263208,0.98669787263208,452.0,452.0
2074,0.11133065298243494,0.04662698412698413,19.53882208159597,0.9769279218138234,0.9769279218138234,470.0,470.0
2075,0.060075832858955215,0.0501984126984127,19.774045310824846,0.9886722130760643,0.9886722130760643,506.0,506.0
2076,0.04373867902369688,0.0501984126984127,19.81997510996683,0.9909376386115631,0.9909376386115631,506.0,506.0
2077,0.07201727749437159,0.0014880952380952382,20.000169635095098,1.0,1.0,15.0,15.0
2078,0.07201727749437159,0.0014880952380952382,19.99364714387596,0.9996748473067755,0.9996748473067755,15.0,15.0
2079,0.07000135802858967,0.06498015873015874,19.66216919285968,0.983099567789123,0.983099567789123,655.0,655.0
2080,0.07000135802858967,0.010416666666666666,19.734132050072763,0.9866952855987241,0.9866952855987241,105.0,105.0
2081,0.0652595121599524,0.06567460317460318,19.730260271051556,0.9864852236783449,0.9864852236783449,662.0,662.0
2082,0.0652595121599524,0.011111111111111112,19.80473017472727,0.9902017713935721,0.9902017713935721,112.0,112.0
2083,0.07992753439248873,0.06319444444444444,19.494708367398278,0.974704954443389,0.974704954443389,637.0,637.0
2084,0.07992753439248873,0.04365079365079365,19.50283466068854,0.9751084996600362,0.9751084996600362,440.0,440.0
2085,0.0033801671191496644,0.030853174603174605,15.71493914489298,0.7640124576928762,0.7854080087358905,311.0,311.0
2086,0.0033801671191496644,0.005654761904761905,17.235516616427287,0.8613189871791245,0.8613189871791245,57.0,57.0
2087,0.3429576033131802,0.02787698412698413,19.951396118425926,0.9975668826620357,0.9975668826620357,281.0,281.0
2088,0.3429576033131802,0.00873015873015873,19.96409769779304,0.9982014018573416,0.9982014018573416,88.0,88.0
2089,0.09976802732989774,0.036904761904761905,19.8967715872918,0.9948323284058771,0.9948323284058771,372.0,372.0
2090,0.09976802732989774,0.028373015873015873,19.97693911754351,0.9988401366494888,0.9988401366494888,286.0,286.0
2091,0.10445959442795803,0.031746031746031744,19.873026143566737,0.9936327797480253,0.9936327797480253,320.0,320.0
2092,0.10445959442795803,0.030357142857142857,19.83411679653308,0.9916865068558942,0.9916865068558942,306.0,306.0
2093,0.07482109765708017,0.02896825396825397,19.50858491995849,0.9754008675228993,0.9754008675228993,292.0,292.0
2094,0.07482109765708017,0.049702380952380956,19.383353302875726,0.9691386697453911,0.9691386697453911,501.0,501.0
2095,0.09704756985189779,0.014384920634920634,19.704022812127775,0.9851847021583822,0.9851847021583822,145.0,145.0
2096,0.09704756985189779,0.03015873015873016,19.664225519203114,0.98319517299068,0.98319517299068,304.0,304.0
2097,0.09279669647373552,0.012202380952380952,19.832612825757774,0.9916172427720051,0.9916172427720051,123.0,123.0
2098,0.09279669647373552,0.02380952380952381,19.817729036007382,0.9908745700976046,0.9908745700976046,240.0,240.0
2099,0.017661139316480116,0.013492063492063491,18.10017358244582,0.9050078140630025,0.9050078140630025,136.0,136.0
21,0.5150843764085519,0.0010243055555555556,44.71724258784029,0.9937043659736837,0.9937043659736837,59.0,59.0
2100,0.017661139316480116,0.024702380952380955,17.885160447650428,0.8942572405020106,0.8942572405020106,249.0,249.0
2101,0.07798915379260365,0.015873015873015872,19.373280354581354,0.968662248622125,0.968662248622125,160.0,160.0
2102,0.07798915379260365,0.02261904761904762,19.305402424258478,0.965268422870259,0.965268422870259,228.0,228.0
2103,0.0949242363046621,0.0067460317460317455,19.619582950842737,0.9809658861424829,0.9809658861424829,68.0,68.0
2104,0.0949242363046621,0.01746031746031746,19.492806381781914,0.974629488946045,0.974629488946045,176.0,176.0
2105,0.11788002865772622,0.015079365079365078,19.65232601220595,0.9826065541876723,0.9826065541876723,152.0,152.0
2106,0.11788002865772622,0.005555555555555556,19.79302945646719,0.9896379471756346,0.9896379471756346,56.0,56.0
2107,0.13363986684411663,0.0038690476190476187,19.889895551082866,0.9944885268529892,0.9944885268529892,39.0,39.0
2108,0.13363986684411663,0.0025793650793650797,19.842645205312373,0.9921264669328416,0.9921264669328416,26.0,26.0
2109,0.9209207744887282,0.012896825396825398,20.00008921159124,1.0,1.0,130.0,130.0
2110,0.9209207744887282,0.012896825396825398,19.987407177110622,0.9993678962438979,0.9993678962438979,130.0,130.0
2111,0.16140282341517662,0.002976190476190476,19.946973931869564,0.9973317499797708,0.9973317499797708,30.0,30.0
2112,0.16140282341517662,0.003373015873015873,19.87526434412237,0.9937491861388555,0.9937491861388555,34.0,34.0
2113,0.5408675102104392,0.21344444444444446,29.938882613242786,0.9979620551972022,0.9979620551972022,3842.0,3842.0
2114,0.5408675102104392,0.14194444444444446,24.175983175562397,0.7607157376298692,0.8058653747825432,2555.0,2555.0
2115,0.05436286349263928,0.17472222222222222,28.39565807052532,0.9464846068381411,0.9464846068381411,3145.0,3145.0
2116,0.05436286349263928,0.15022222222222223,27.826924101775752,0.9034533592382609,0.9275242035417265,2704.0,2704.0
2117,0.09292285749201895,0.010019841269841269,19.86767444338028,0.9933793068806085,0.9933793068806085,101.0,101.0
2118,0.09292285749201895,0.009027777777777777,19.830037510277375,0.9914978162971089,0.9914978162971089,91.0,91.0
2119,0.09133261947918697,0.01240079365079365,19.586812221453517,0.9793129993257865,0.9793129993257865,125.0,125.0
212,0.24265408013707834,0.0015873015873015875,20.00033629813133,1.0,1.0,16.0,16.0
2120,0.09133261947918697,0.004662698412698413,19.787923992353722,0.98936030434673,0.98936030434673,47.0,47.0
2121,0.09000142680271715,0.006944444444444445,19.686586603470158,0.9843187612644919,0.9843187612644919,70.0,70.0
2122,0.09000142680271715,0.0051587301587301595,19.70619475745768,0.9852988386854612,0.9852988386854612,52.0,52.0
2123,0.09563956836196161,0.0057539682539682535,19.74574213584008,0.9872820743890547,0.9872820743890547,58.0,58.0
2124,0.09563956836196161,0.0033730158730158727,19.818427837422167,0.9909157674207534,0.9909157674207534,34.0,34.0
2125,0.09146478251943002,0.003472222222222222,19.856017611376124,0.9927699379760679,0.9927699379760679,35.0,35.0
2126,0.09146478251943002,0.0047619047619047615,19.836274171813056,0.9917840204273499,0.9917840204273499,48.0,48.0
2127,0.09121986743994379,0.00625,19.79421170713619,0.9896860956106045,0.9896860956106045,63.0,63.0
2128,0.09121986743994379,0.0011904761904761904,19.929498316892843,0.996443481245036,0.996443481245036,12.0,12.0
2129,0.5098057216489654,0.003968253968253968,20.00000651595135,1.0,1.0,40.0,40.0
213,0.24265408013707834,0.0,20.00033629813133,1.0,1.0,0.0,0.0
2130,0.5098057216489654,0.003968253968253968,19.988299084600865,0.9994147030944184,0.9994147030944184,40.0,40.0
2131,0.5362900930472834,0.10506944444444445,44.736022651331965,0.9941315702050386,0.9941315702050386,3026.0,3026.0
2133,0.45646987714166176,0.054427083333333334,44.065910895664835,0.9792220515752869,0.9792220515752869,3135.0,3135.0
2134,0.5045584469808794,0.05269097222222222,44.069532425565946,0.9793150951592232,0.9793150951592232,3035.0,3035.0
2135,0.0659388246784171,0.09283333333333334,29.805093682299088,0.9934649498439593,0.9934649498439593,1671.0,1671.0
2136,0.0659388246784171,0.12016666666666667,29.35937852624862,0.978606042843822,0.978606042843822,2163.0,2163.0
2137,0.07882734894722035,0.09511111111111112,28.991002577514184,0.9663530944701451,0.9663530944701451,1712.0,1712.0
2138,0.07882734894722035,0.10466666666666666,29.04814427197378,0.9682575072071242,0.9682575072071242,1884.0,1884.0
2139,0.22334008952158727,0.092,29.84210522041177,0.9947229753686772,0.9947229753686772,1656.0,1656.0
214,0.03940293304902919,0.03978174603174603,18.842756771122183,0.942101392568278,0.942101392568278,401.0,401.0
2140,0.22334008952158727,0.10155555555555555,29.874282775760022,0.9957952454262314,0.9957952454262314,1828.0,1828.0
2141,0.11425661779955218,0.09166666666666667,29.647252491929493,0.988215201300978,0.988215201300978,1650.0,1650.0
2142,0.11425661779955218,0.10122222222222221,29.472571806912736,0.9823919084270102,0.9823919084270102,1822.0,1822.0
2143,0.15263620037812858,0.08427777777777778,29.322879380236675,0.9774207034004926,0.9774207034004926,1517.0,1517.0
2144,0.15263620037812858,0.10361111111111111,29.35821166368451,0.9785980548514479,0.9785980548514479,1865.0,1865.0
2145,0.09803444474000829,0.0811111111111111,29.676091410615708,0.9891978508825499,0.9891978508825499,1460.0,1460.0
2146,0.09803444474000829,0.09583333333333334,29.43961166268288,0.9813149564300325,0.9813149564300325,1725.0,1725.0
2147,0.04519131119302108,0.08283333333333333,28.158655794648837,0.9385409335429804,0.9385409335429804,1491.0,1491.0
2148,0.04519131119302108,0.08894444444444444,28.493145556179805,0.9496869137934681,0.9496869137934681,1601.0,1601.0
2149,0.14469341372831096,0.08266666666666667,29.421182977747105,0.9807005651690565,0.9807005651690565,1488.0,1488.0
215,0.03940293304902919,0.027480158730158726,18.65677572383994,0.9328031156507156,0.9328031156507156,277.0,277.0
2150,0.14469341372831096,0.08922222222222222,29.415866556907854,0.9805230995915732,0.9805230995915732,1606.0,1606.0
2151,0.05579332896497395,0.08405555555555555,29.23131050161154,0.9743633607970237,0.9743633607970237,1513.0,1513.0
2152,0.05579332896497395,0.08755555555555555,29.080737286175868,0.9693436328920456,0.9693436328920456,1576.0,1576.0
2153,0.21380449119907885,0.07833333333333334,29.749739374927135,0.9916483511649651,0.9916483511649651,1410.0,1410.0
2154,0.21380449119907885,0.0795,29.77231447438559,0.9924004168439164,0.9924004168439164,1431.0,1431.0
2155,0.12148474569984666,0.0791111111111111,29.505517923011862,0.9835119355122328,0.9835119355122328,1424.0,1424.0
2156,0.12148474569984666,0.08005555555555555,29.498762999566395,0.9832866502931075,0.9832866502931075,1441.0,1441.0
2157,0.06913787642654906,0.0796111111111111,28.666081011952123,0.9555059143818259,0.9555059143818259,1433.0,1433.0
2158,0.06913787642654906,0.09216666666666666,28.73230794592985,0.9577121097863905,0.9577121097863905,1659.0,1659.0
2159,0.06758318710635966,0.08194444444444444,28.35780977093956,0.9452047959347863,0.9452047959347863,1475.0,1475.0
216,0.0309138906876425,9.920634920634919E-5,20.00179843197574,1.0,1.0,1.0,1.0
2160,0.06758318710635966,0.09033333333333333,28.169050426872264,0.9389102937190643,0.9389102937190643,1626.0,1626.0
2161,0.07029157192260996,0.06172222222222222,28.92925538671512,0.9642547872075284,0.9642547872075284,1111.0,1111.0
2162,0.07029157192260996,0.06166666666666667,29.00254250668541,0.9666952491300392,0.9666952491300392,1110.0,1110.0
2163,0.06419337028434574,0.0615,29.39170559082464,0.9797113557356515,0.9797113557356515,1107.0,1107.0
2164,0.06419337028434574,0.06072222222222222,29.407424659447685,0.9802347717825485,0.9802347717825485,1093.0,1093.0
2165,0.05649950493402104,0.07505555555555556,29.221900795650846,0.9739997657106867,0.9739997657106867,1351.0,1351.0
2166,0.05649950493402104,0.06016666666666667,29.442942095222765,0.981364918386826,0.981364918386826,1083.0,1083.0
2167,0.04289245234521064,0.06227777777777778,27.678178213973215,0.9225975448333824,0.9225975448333824,1121.0,1121.0
2168,0.04289245234521064,0.06011111111111111,27.770862226978608,0.925686630313908,0.925686630313908,1082.0,1082.0
2169,0.07346966874028325,0.05988888888888889,29.650627736868756,0.9883355289880806,0.9883355289880806,1078.0,1078.0
217,0.0309138906876425,9.920634920634919E-5,19.98665818177376,0.9992439241732216,0.9992439241732216,1.0,1.0
2170,0.07346966874028325,0.06238888888888889,29.636700494829967,0.9878704362728083,0.9878704362728083,1123.0,1123.0
2171,0.13542707132007795,0.05722222222222222,29.279853558575855,0.9759881084287892,0.9759881084287892,1030.0,1030.0
2172,0.13542707132007795,0.06205555555555556,29.224421632654877,0.9741400589197382,0.9741400589197382,1117.0,1117.0
2173,0.044613097269930534,0.03288888888888889,28.273359058018666,0.9423952418865815,0.9423952418865815,592.0,592.0
2174,0.044613097269930534,0.041833333333333333,28.24582875188301,0.9414764525698958,0.9414764525698958,753.0,753.0
2175,0.13164983559774113,0.028722222222222222,29.79543820909481,0.993152185684798,0.993152185684798,517.0,517.0
2176,0.13164983559774113,0.033555555555555554,29.75250943625311,0.991720580191148,0.991720580191148,604.0,604.0
2177,0.1160089052976978,0.029055555555555557,29.887193262113602,0.9962375156494553,0.9962375156494553,523.0,523.0
2178,0.1160089052976978,0.02711111111111111,29.85999246812367,0.9953307711584047,0.9953307711584047,488.0,488.0
2179,0.081525273528702,0.024055555555555556,29.615090666966157,0.9871681161717445,0.9871681161717445,433.0,433.0
218,0.10175500453351997,0.006349206349206349,20.000983692092376,1.0,1.0,64.0,64.0
2180,0.081525273528702,0.02227777777777778,29.64435731290795,0.9881436360869792,0.9881436360869792,401.0,401.0
2181,0.2945581915457907,0.020055555555555556,29.70663224209373,0.9902080386234398,0.9902080386234398,361.0,361.0
2182,0.2945581915457907,0.021277777777777777,29.71633376773693,0.9905308434287458,0.9905308434287458,383.0,383.0
2183,0.015263589158002763,0.01661111111111111,28.468851392601344,0.9487966612470106,0.9487966612470106,299.0,299.0
2184,0.015263589158002763,0.015555555555555555,28.58706397976744,0.9527299046522701,0.9527299046522701,280.0,280.0
2185,0.23702670661140723,0.011388888888888888,29.722631864220425,0.9907506454050006,0.9907506454050006,205.0,205.0
2186,0.23702670661140723,0.012,29.707858813936863,0.9902582853969288,0.9902582853969288,216.0,216.0
2187,1.02703335757042,0.05060763888888889,44.47727041967574,0.9883799725802721,0.9883799725802721,2915.0,2915.0
2188,0.6644019685135913,0.0029411764705882353,69.35659282544236,0.9908040785017689,0.9908040785017689,120.0,120.0
2189,0.10091236805206884,0.004265873015873016,19.79857993983471,0.9899193955516407,0.9899193955516407,43.0,43.0
219,0.10175500453351997,0.006349206349206349,19.77564366200877,0.9887483686847631,0.9887483686847631,64.0,64.0
2190,0.10091236805206884,0.0016865079365079366,19.871914186602346,0.9935850698964986,0.9935850698964986,17.0,17.0
2191,0.007136912248623552,9.920634920634919E-5,20.010034341935192,1.0,1.0,1.0,1.0
2192,0.007136912248623552,9.92063492063492E-5,19.935413588868393,0.9962741885664179,0.9962741885664179,1.0,1.0
2193,0.08994798015145156,0.0056547619047619055,19.722834095665537,0.9861138602716397,0.9861138602716397,57.0,57.0
2194,0.08994798015145156,0.005654761904761905,19.712907234868748,0.9856179267099126,0.9856179267099126,57.0,57.0
2195,0.106860436531134,0.0034722222222222225,19.85728200460961,0.9928269866462887,0.9928269866462887,35.0,35.0
2196,0.106860436531134,0.006448412698412698,19.705670912928785,0.9852554725507043,0.9852554725507043,65.0,65.0
2197,0.10227601318044206,0.0047619047619047615,19.86465077595883,0.9932035799463108,0.9932035799463108,48.0,48.0
2198,0.10227601318044206,0.009126984126984128,19.82576775577514,0.9912617456452568,0.9912617456452568,92.0,92.0
2199,0.09932368386702657,0.015277777777777777,19.9381637798812,0.9969002177238718,0.9969002177238718,154.0,154.0
22,0.117469253923547,0.05143790849673202,60.54455782986292,0.8648276348328269,0.8648276348328269,3148.0,3148.0
220,0.03423547035693858,2.976190476190477E-4,19.926422405224457,0.9962606458225399,0.9962606458225399,3.0,3.0
2200,0.09932368386702657,0.009623015873015874,19.964992878401237,0.9982387600703817,0.9982387600703817,97.0,97.0
2201,0.0023183308828195353,0.021527777777777778,14.262089349260291,0.49032963922898937,0.7127303181480711,217.0,217.0
2202,0.0023183308828195353,0.01240079365079365,15.718590781263217,0.5883757456409714,0.7854730768989298,125.0,125.0
2203,0.06774920939084869,0.0077380952380952375,19.52345645966931,0.97612959498642,0.97612959498642,78.0,78.0
2204,0.06774920939084869,0.017361111111111112,19.466905162362945,0.9733049608327662,0.9733049608327662,175.0,175.0
2205,0.08332377286557541,0.012698412698412698,19.999233293948127,0.9999510026027406,0.9999510026027406,128.0,128.0
2206,0.08332377286557541,0.01121031746031746,19.999399963716495,0.999958172953559,0.999958172953559,113.0,113.0
2207,0.08254621708728817,0.011904761904761906,19.898006073523575,0.9948880002845204,0.9948880002845204,120.0,120.0
2208,0.08254621708728817,0.010515873015873015,19.92866040971155,0.9964195986037684,0.9964195986037684,106.0,106.0
2209,0.08057946149712561,0.01021825396825397,19.707789089565665,0.9853777007149099,0.9853777007149099,103.0,103.0
221,0.03423547035693858,0.002876984126984127,19.427581743117166,0.9713316179728061,0.9713316179728061,29.0,29.0
2210,0.08057946149712561,0.0076388888888888895,19.757996797727603,0.9878863448247293,0.9878863448247293,77.0,77.0
2211,0.0796566761016531,0.025496031746031746,19.48727189240214,0.9743567074583798,0.9743567074583798,257.0,257.0
2212,0.0796566761016531,0.005853174603174603,19.710210273932546,0.985500695827782,0.985500695827782,59.0,59.0
2213,0.08186481781457934,0.023115079365079366,19.82043188336745,0.9909984822999542,0.9909984822999542,233.0,233.0
2214,0.08186481781457934,0.00625,19.862663660777944,0.9931029961087182,0.9931029961087182,63.0,63.0
2215,0.08245714287547666,0.015376984126984126,19.871411057992113,0.993559523903051,0.993559523903051,155.0,155.0
2216,0.08245714287547666,0.009226190476190476,19.89167079825636,0.9945725109162633,0.9945725109162633,93.0,93.0
2217,0.3037998987668046,0.01369047619047619,19.94967336953401,0.9974731953159776,0.9974731953159776,138.0,138.0
2218,0.3037998987668046,0.00753968253968254,19.955776907322964,0.9977770630603349,0.9977770630603349,76.0,76.0
2219,0.1443093737789979,0.004960317460317461,19.99672299547459,0.9998149272132103,0.9998149272132103,50.0,50.0
222,0.017671899723316314,2.976190476190477E-4,19.877761263072248,0.9936011089859136,0.9936011089859136,3.0,3.0
2220,0.1443093737789979,0.004960317460317461,19.99492006315615,0.9997272611563099,0.9997272611563099,50.0,50.0
2221,0.025760647629731664,0.0011904761904761906,19.973614825490866,0.9984871523889655,0.9984871523889655,12.0,12.0
2222,0.025760647629731664,9.92063492063492E-4,19.852257503611373,0.9924357619448271,0.9924357619448271,10.0,10.0
2223,0.017824706915441763,1.9841269841269844E-4,20.002788309099234,1.0,1.0,2.0,2.0
2224,0.017824706915441763,0.0,20.002788309099234,1.0,1.0,0.0,0.0
2225,0.030863905636767962,0.0011904761904761906,19.97090545765259,0.9984566076896466,0.9984566076896466,12.0,12.0
2226,0.030863905636767962,9.920634920634922E-4,19.862735941385115,0.9930547346034099,0.9930547346034099,10.0,10.0
2227,0.057880212250622204,9.920634920634922E-4,20.00084124613553,1.0,1.0,10.0,10.0
2228,0.057880212250622204,9.92063492063492E-4,19.91265571882302,0.9955942288266061,0.9955942288266061,10.0,10.0
2229,0.07752625828319441,4.960317460317461E-4,20.001041265551088,1.0,1.0,5.0,5.0
223,0.017671899723316314,0.002876984126984127,19.023341583053416,0.9509418355586707,0.9509418355586707,29.0,29.0
2230,0.07752625828319441,4.96031746031746E-4,19.9976184683107,0.9998315717670201,0.9998315717670201,5.0,5.0
2231,0.14792595564715977,0.03412698412698413,19.81321204690243,0.990648245698512,0.990648245698512,344.0,344.0
2232,0.14792595564715977,0.02599206349206349,19.844388295891445,0.9922067952405882,0.9922067952405882,262.0,262.0
2233,0.0637307350195877,0.004067460317460318,19.789685644664186,0.98944899564331,0.98944899564331,41.0,41.0
2234,0.0637307350195877,0.001884920634920635,19.890714638180167,0.9944951281617269,0.9944951281617269,19.0,19.0
2235,0.14301348248010182,0.024603174603174606,19.89642087289176,0.9948125800626587,0.9948125800626587,248.0,248.0
2236,0.14301348248010182,0.02628968253968254,19.880222990521574,0.9940026859441494,0.9940026859441494,265.0,265.0
2237,0.036529474598455666,0.015773809523809523,19.390771597891778,0.9695139017991786,0.9695139017991786,159.0,159.0
2238,0.036529474598455666,0.020039682539682538,19.431706188321627,0.971560631320671,0.971560631320671,202.0,202.0
2239,0.018810186132621007,0.015773809523809523,18.595202653741904,0.9296267556519751,0.9296267556519751,159.0,159.0
2240,0.018810186132621007,0.020039682539682538,18.531124379342558,0.9264279718179739,0.9264279718179739,202.0,202.0
2241,0.1313903524690581,0.13720238095238094,19.728863458623824,0.9864379513846043,0.9864379513846043,1383.0,1383.0
2242,0.1313903524690581,0.13392857142857142,18.761911946236896,0.920041767117366,0.9380901436965209,1350.0,1350.0
2243,0.041623111666842245,0.12410714285714286,18.34741741906331,0.9173606314178642,0.9173606314178642,1251.0,1251.0
2244,0.041623111666842245,0.10734126984126985,18.947664658502728,0.9473729933898352,0.9473729933898352,1082.0,1082.0
2245,0.0828883305498233,0.01825396825396825,19.957328198193352,0.9978306114303885,0.9978306114303885,184.0,184.0
2246,0.0828883305498233,0.006845238095238095,19.96970394430903,0.9984424902577149,0.9984424902577149,69.0,69.0
2247,0.045704216931043415,0.020238095238095236,19.274141367831124,0.9636513193943559,0.9636513193943559,204.0,204.0
2248,0.045704216931043415,0.010317460317460319,19.374704287097586,0.9686765817888582,0.9686765817888582,104.0,104.0
2249,0.11075380185214309,0.030853174603174605,19.92287626870272,0.996124503802355,0.996124503802355,311.0,311.0
2250,0.11075380185214309,0.013988095238095239,19.972248088511886,0.9985930947928134,0.9985930947928134,141.0,141.0
2251,0.0344491093868332,0.07698412698412697,18.379112783507814,0.918889333038615,0.918889333038615,776.0,776.0
2252,0.0344491093868332,0.09156746031746031,18.66900613412933,0.933386822107426,0.933386822107426,923.0,923.0
2253,0.0071098293516667676,0.025496031746031746,16.510923071940383,0.8064258098248254,0.8252203560044912,257.0,257.0
2254,0.0071098293516667676,0.056845238095238095,16.179413122017408,0.8086887158765673,0.8086887158765673,573.0,573.0
2255,0.25449271005973934,0.0014880952380952382,19.99421325366835,0.9996967424536394,0.9996967424536394,15.0,15.0
2256,0.25449271005973934,0.0020833333333333337,19.98638704920251,0.9993068398940329,0.9993068398940329,21.0,21.0
2257,0.06010794376196195,0.0035714285714285718,19.921946841021718,0.9960671280061766,0.9960671280061766,36.0,36.0
2258,0.06010794376196195,0.0015873015873015875,19.952800339618957,0.9976060779168031,0.9976060779168031,16.0,16.0
2259,0.09224685874124615,0.001984126984126984,19.911160952379106,0.9955356916726011,0.9955356916726011,20.0,20.0
2260,0.09224685874124615,0.0021825396825396826,19.90831516066441,0.9953947652543271,0.9953947652543271,22.0,22.0
2261,0.09076975835525429,0.00376984126984127,19.805968724350674,0.9902728897639085,0.9902728897639085,38.0,38.0
2262,0.09076975835525429,0.0029761904761904765,19.838420810086117,0.9918940748032571,0.9918940748032571,30.0,30.0
2263,0.13692964814551922,0.002777777777777778,19.950264173980095,0.9975019680522037,0.9975019680522037,28.0,28.0
2264,0.13692964814551922,5.952380952380953E-4,19.985564656161156,0.9992652847212364,0.9992652847212364,6.0,6.0
2265,0.026389316710124424,0.0014880952380952382,19.896155888028016,0.9947932709962999,0.9947932709962999,15.0,15.0
2266,0.026389316710124424,0.002976190476190476,19.823238039223725,0.9911485606937098,0.9911485606937098,30.0,30.0
2267,0.08046206839676899,0.0023809523809523807,19.870986412146483,0.9935396538927302,0.9935396538927302,24.0,24.0
2268,0.08046206839676899,9.920634920634922E-4,19.92843154003591,0.9964109188292946,0.9964109188292946,10.0,10.0
2269,0.2863682907713622,0.17627777777777778,29.667318672764022,0.9889080821034039,0.9889080821034039,3173.0,3173.0
2270,0.2863682907713622,0.1517777777777778,29.18032374295449,0.9657744249480397,0.9726747405446475,2732.0,2732.0
2271,0.12703966621845947,0.15894444444444444,29.194729492605916,0.9731353201434852,0.9731353201434852,2861.0,2861.0
2272,0.12703966621845947,0.1305,29.096210002903682,0.9698497792736402,0.9698497792736402,2349.0,2349.0
2273,0.053723615221094354,0.12455555555555556,28.681081802101502,0.9559767720629878,0.9559767720629878,2242.0,2242.0
2274,0.053723615221094354,0.11616666666666668,28.269102218326108,0.9422414243610627,0.9422414243610627,2091.0,2091.0
2275,0.1406657768680197,0.10188888888888889,29.876409577839688,0.9958560646012276,0.9958560646012276,1834.0,1834.0
2276,0.1406657768680197,0.08361111111111111,29.811967920559606,0.9937069068740084,0.9937069068740084,1505.0,1505.0
2277,0.21062712616833287,0.09838888888888889,29.532335918780806,0.9844065706158069,0.9844065706158069,1771.0,1771.0
2278,0.21062712616833287,0.08077777777777778,29.494051404050893,0.983130209821315,0.983130209821315,1454.0,1454.0
228,0.056780090332087085,2.9761904761904765E-4,20.00081459838684,1.0,1.0,3.0,3.0
2281,0.10771497868958846,0.004365079365079365,19.86760351113023,0.9933510011521216,0.9933510011521216,44.0,44.0
2282,0.10771497868958846,0.009523809523809523,19.771209898537837,0.9885380530773611,0.9885380530773611,96.0,96.0
2283,0.0655679616623104,0.0035714285714285713,19.938518794382603,0.996909892175248,0.996909892175248,36.0,36.0
2284,0.0655679616623104,0.008234126984126984,19.88351770808732,0.9941631296643573,0.9941631296643573,83.0,83.0
2285,0.3797973242241906,0.0061507936507936515,19.980918411765856,0.9990391279594721,0.9990391279594721,62.0,62.0
2286,0.3797973242241906,0.009325396825396825,19.932835317711433,0.9966369478581523,0.9966369478581523,94.0,94.0
2287,0.057704241212364484,0.0025793650793650797,19.861914379170017,0.9930314024798365,0.9930314024798365,26.0,26.0
2288,0.057704241212364484,0.0057539682539682535,19.645575634634522,0.9822267160109025,0.9822267160109025,58.0,58.0
2289,0.025445007254606623,0.002777777777777778,19.683411561704126,0.984151915029883,0.984151915029883,28.0,28.0
229,0.056780090332087085,2.976190476190477E-4,19.956494611492687,0.9977852734652718,0.9977852734652718,3.0,3.0
2290,0.025445007254606623,0.005357142857142857,19.5454323193082,0.9772554873990812,0.9772554873990812,54.0,54.0
2291,0.29570151806420875,0.0012896825396825399,19.985172043763463,0.9992537357750363,0.9992537357750363,13.0,13.0
2292,0.29570151806420875,0.004067460317460318,19.925449514939384,0.9962686788751812,0.9962686788751812,41.0,41.0
2293,0.030534943206855365,0.005555555555555556,19.46491512467572,0.973207860057128,0.973207860057128,56.0,56.0
2294,0.030534943206855365,0.00873015873015873,19.417397608059503,0.9708352795460264,0.9708352795460264,88.0,88.0
2297,0.44017557981139943,0.006150793650793651,19.959896194671735,0.9979886120657906,0.9979886120657906,62.0,62.0
2298,0.44017557981139943,0.002182539682539683,19.968110646899266,0.9983991757626082,0.9983991757626082,22.0,22.0
2299,0.32896250597715015,0.007837301587301587,19.92134063494857,0.9960639399235448,0.9960639399235448,79.0,79.0
23,0.117469253923547,0.04527777777777778,57.66932323652138,0.8078755447832497,0.8237506544656338,2771.0,2771.0
230,0.05899695448560963,0.0,20.00085094153825,1.0,1.0,0.0,0.0
2300,0.32896250597715015,0.020932539682539685,19.844878703259965,0.992241726717367,0.992241726717367,211.0,211.0
2301,0.06396976218142318,0.0017857142857142859,20.00096785245123,1.0,1.0,18.0,18.0
2302,0.06396976218142318,0.0017857142857142859,19.865961319447184,0.9932577387868913,0.9932577387868913,18.0,18.0
2303,0.12914221275219068,0.008035714285714287,19.784233165084327,0.9891947672517416,0.9891947672517416,81.0,81.0
2304,0.12914221275219068,0.00873015873015873,19.736544286710718,0.986810859555362,0.986810859555362,88.0,88.0
2305,0.16699746123329992,0.003273809523809524,20.000361304097932,1.0,1.0,33.0,33.0
2306,0.16699746123329992,0.0032738095238095243,19.880204563588535,0.9939957383796659,0.9939957383796659,33.0,33.0
2307,0.10692564499457882,0.001388888888888889,20.00064023591831,1.0,1.0,14.0,14.0
2308,0.10692564499457882,0.001388888888888889,19.906387218806547,0.9952913506189012,0.9952913506189012,14.0,14.0
2309,0.08974715087951478,6.944444444444445E-4,20.000603142642888,1.0,1.0,7.0,7.0
231,0.05899695448560963,0.0,20.00085094153825,1.0,1.0,0.0,0.0
2310,0.08974715087951478,6.944444444444445E-4,19.938395384338932,0.9968914969055612,0.9968914969055612,7.0,7.0
2311,0.084664056441156,0.0012896825396825399,19.961058997341638,0.9980196097901253,0.9980196097901253,13.0,13.0
2312,0.084664056441156,0.0012896825396825399,19.891694605096305,0.9945539269228444,0.9945539269228444,13.0,13.0
2313,0.6536232835065258,0.01845238095238095,19.97706458400253,0.9988520959950757,0.9988520959950757,186.0,186.0
2314,0.6536232835065258,0.011805555555555555,19.98242672077718,0.9991201859203,0.9991201859203,119.0,119.0
2315,0.10260862362084641,0.004563492063492063,19.87832463813059,0.9938928713195172,0.9938928713195172,46.0,46.0
2316,0.10260862362084641,0.0017857142857142859,19.9249049782818,0.9962193965311297,0.9962193965311297,18.0,18.0
2317,0.09686030413313804,0.012103174603174604,19.72517949903768,0.9862308863283212,0.9862308863283212,122.0,122.0
2318,0.09686030413313804,0.0028769841269841267,19.87650685339647,0.9937860185968357,0.9937860185968357,29.0,29.0
2319,0.1456010956297371,0.004861111111111111,19.969594713106304,0.9984726026492142,0.9984726026492142,49.0,49.0
232,0.034952663800969216,0.0,20.00152434962473,1.0,1.0,0.0,0.0
2320,0.1456010956297371,0.005952380952380952,19.775616645258864,0.9887760507973152,0.9887760507973152,60.0,60.0
2321,0.026781291420067337,0.1638888888888889,58.20263120654177,0.8313584638271284,0.8313584638271284,5015.0,5015.0
2322,0.026781291420067337,0.1638888888888889,56.075966532124575,0.7764928156826307,0.8009750922644664,5015.0,5015.0
2323,0.11609168295261035,0.10454248366013072,69.7867230147271,0.9969202190143902,0.9969202190143902,3199.0,3199.0
2324,0.11609168295261035,0.13594771241830067,69.3380678491755,0.9905093610105884,0.9905093610105884,4160.0,4160.0
2325,0.13078959917725183,0.1023202614379085,68.47769335048532,0.9782308033492604,0.9782308033492604,3131.0,3131.0
2326,0.13078959917725183,0.12434640522875817,68.08629738692515,0.972638434313961,0.972638434313961,3805.0,3805.0
2327,0.15410198826372948,0.10264705882352941,69.5865782764777,0.9940797996802141,0.9940797996802141,3141.0,3141.0
2328,0.15410198826372948,0.11235294117647059,69.62440057927004,0.9946194739416226,0.9946194739416226,3438.0,3438.0
2329,0.06034793168672592,0.10153594771241829,61.50571196728943,0.8785632350478094,0.8785632350478094,3107.0,3107.0
233,0.034952663800969216,0.0,20.00152434962473,1.0,1.0,0.0,0.0
2330,0.06034793168672592,0.11124183006535947,61.834638654989604,0.8832581062266801,0.8832581062266801,3404.0,3404.0
2331,0.02791771586318927,0.0501984126984127,18.307979712520574,0.9153809770289989,0.9153809770289989,506.0,506.0
2332,0.02791771586318927,0.0501984126984127,18.307979712520574,0.915380977028999,0.915380977028999,506.0,506.0
2333,0.12254368432913783,0.0501984126984127,19.573682633725973,0.9786653799647829,0.9786653799647829,506.0,506.0
2334,0.12254368432913783,0.0501984126984127,19.57368263372597,0.9786653799647829,0.9786653799647829,506.0,506.0
2335,0.3658503496120646,0.06160714285714285,19.942307088989477,0.9971148965502048,0.9971148965502048,621.0,621.0
2336,0.3658503496120646,0.06160714285714286,19.946163647080436,0.9973077244547527,0.9973077244547527,621.0,621.0
2337,0.03651300121243598,0.055257936507936506,19.334762757380084,0.9667133324461085,0.9667133324461085,557.0,557.0
2338,0.03651300121243598,0.055357142857142855,19.329498306954488,0.9664501099248287,0.9664501099248287,558.0,558.0
2339,0.03232658737208766,0.05367063492063492,19.682786200591547,0.9840731912891353,0.9840731912891353,541.0,541.0
234,0.06435931951768938,0.0015873015873015875,19.92172064870328,0.9960342470876953,0.9960342470876953,16.0,16.0
2340,0.03232658737208766,0.05496031746031746,19.68668612628534,0.9842695943555364,0.9842695943555364,554.0,554.0
2341,0.09855161521644112,0.06160714285714285,19.805650452864835,0.9902744984621227,0.9902744984621227,621.0,621.0
2342,0.09855161521644112,0.07291666666666667,19.8432418884347,0.9921545824223894,0.9921545824223894,735.0,735.0
2343,0.07226485951383672,0.06319444444444444,19.255719510048863,0.9627611196759587,0.9627611196759587,637.0,637.0
2344,0.07226485951383672,0.07351190476190476,18.96210150778883,0.948081300251065,0.948081300251065,741.0,741.0
2345,0.1362246099370546,0.0026785714285714286,20.000350561720904,1.0,1.0,27.0,27.0
2346,0.1362246099370546,0.0026785714285714286,19.932349369811053,0.9966030443364112,0.9966030443364112,27.0,27.0
2347,0.11728919321132222,0.017361111111111112,19.595400902959675,0.9797686937730251,0.9797686937730251,175.0,175.0
2348,0.11728919321132222,0.041369047619047625,19.541091694937673,0.9770533685094209,0.9770533685094209,417.0,417.0
2349,0.10995930491823247,0.01369047619047619,19.90770755897336,0.9953651317312016,0.9953651317312016,138.0,138.0
235,0.06435931951768938,0.002976190476190476,19.856716847049537,0.992789540159446,0.992789540159446,30.0,30.0
2350,0.10995930491823247,0.042162698412698416,19.836507838446263,0.9918094080664186,0.9918094080664186,425.0,425.0
2351,0.11288009628060926,0.009325396825396825,19.761204045790226,0.9880469369113167,0.9880469369113167,94.0,94.0
2352,0.11288009628060926,0.006448412698412698,19.756834367294545,0.9878288809019583,0.9878288809019583,65.0,65.0
2353,0.10059582109570012,0.05133986928104575,64.68562202503814,0.9239504629231048,0.9239504629231048,3142.0,3142.0
2354,0.10059582109570012,0.0753921568627451,63.97170427230357,0.898331010095671,0.913742578461693,4614.0,4614.0
2355,0.10343425758584086,0.08222222222222222,65.66323585264355,0.9379190079900812,0.9379190079900812,5032.0,5032.0
2356,0.10343425758584086,0.07549019607843137,65.38190737721604,0.9255310712349376,0.9338942471116766,4620.0,4620.0
2357,0.04947900572655191,0.16395424836601308,64.22967288900087,0.917452428014418,0.917452428014418,5017.0,5017.0
2358,0.04947900572655191,0.16395424836601308,64.33483027260003,0.9189520779983048,0.9189520779983048,5017.0,5017.0
2359,0.12292329358325699,0.001884920634920635,19.936840429941064,0.9968340320470517,0.9968340320470517,19.0,19.0
236,0.11292830957605243,0.0021825396825396826,20.000094183784558,1.0,1.0,22.0,22.0
2360,0.12292329358325699,0.0025793650793650797,19.881423280275833,0.9940638100882219,0.9940638100882219,26.0,26.0
2361,0.12541765064265842,8.928571428571428E-4,20.000156913114964,1.0,1.0,9.0,9.0
2362,0.12541765064265842,8.928571428571428E-4,19.969359570042233,0.9984607866510091,0.9984607866510091,9.0,9.0
2363,0.13300157054017026,0.0051587301587301595,20.000236171454176,1.0,1.0,52.0,52.0
2364,0.13300157054017026,0.005158730158730159,19.987736023847017,0.9993779447628193,0.9993779447628193,52.0,52.0
2365,0.019749102092299426,5.952380952380953E-4,20.00471793254866,1.0,1.0,6.0,6.0
2366,0.019749102092299426,5.952380952380953E-4,19.888544700804953,0.9942036246954935,0.9942036246954935,6.0,6.0
2367,0.20839100145504422,0.009821428571428571,19.900804814811348,0.9950340103318516,0.9950340103318516,99.0,99.0
2368,0.20839100145504422,0.01388888888888889,19.869030918141707,0.9934461602995512,0.9934461602995512,140.0,140.0
2369,0.3180434868406832,0.04771825396825397,19.839954449893053,0.9919909456821971,0.9919909456821971,481.0,481.0
237,0.11292830957605243,0.0021825396825396826,19.873238427669452,0.9936581442212794,0.9936581442212794,22.0,22.0
2370,0.3180434868406832,0.02857142857142857,19.862016849283645,0.993093312672565,0.993093312672565,288.0,288.0
2371,0.3114157258362214,0.03571428571428572,19.81948554898273,0.9909671767954675,0.9909671767954675,360.0,360.0
2372,0.3114157258362214,0.02599206349206349,19.82399428352478,0.9911921504364613,0.9911921504364613,262.0,262.0
2373,0.5757560023455537,0.028373015873015873,19.960422927465785,0.9980207422032872,0.9980207422032872,286.0,286.0
2374,0.5757560023455537,0.02361111111111111,19.959700930723766,0.9979846423661862,0.9979846423661862,238.0,238.0
2375,0.22816481189654472,0.009523809523809525,19.861780487250506,0.9930778730757296,0.9930778730757296,96.0,96.0
2376,0.22816481189654472,0.017857142857142856,19.787186289736997,0.9893505286245261,0.9893505286245261,180.0,180.0
2377,0.12611560437988314,0.01865079365079365,19.848129319601632,0.9923875378379527,0.9923875378379527,188.0,188.0
2378,0.12611560437988314,0.01746031746031746,19.84219937188234,0.9920902981719046,0.9920902981719046,176.0,176.0
2379,0.014071903795245389,0.019642857142857142,18.350043944527975,0.9173160433669656,0.9173160433669656,198.0,198.0
238,0.1477763566883087,0.0011904761904761906,20.00055957283775,1.0,1.0,12.0,12.0
2380,0.014071903795245389,0.0558531746031746,18.114415367246664,0.905538492708305,0.905538492708305,563.0,563.0
2381,0.24449390785716146,0.014484126984126983,19.818897155439835,0.9909324551906509,0.9909324551906509,146.0,146.0
2382,0.24449390785716146,0.04573412698412699,19.732553935560684,0.9866174325727867,0.9866174325727867,461.0,461.0
2383,0.24378778850348432,0.008432539682539684,19.984025241703392,0.9991885075729612,0.9991885075729612,85.0,85.0
2384,0.24378778850348432,0.015773809523809523,19.97411268022984,0.9986951638895298,0.9986951638895298,159.0,159.0
2385,0.3155701325425099,0.01130952380952381,19.965279562570302,0.9982566561134243,0.9982566561134243,114.0,114.0
2386,0.3155701325425099,0.014186507936507936,19.968097109758205,0.99839833431822,0.99839833431822,143.0,143.0
2387,0.11522492397617164,0.005555555555555556,19.92050677165537,0.9960094621959513,0.9960094621959513,56.0,56.0
2388,0.11522492397617164,0.01001984126984127,19.900514513064465,0.9950110705269305,0.9950110705269305,101.0,101.0
2389,0.04326907846006335,0.005952380952380952,19.8354806182123,0.9917357079223204,0.9917357079223204,60.0,60.0
239,0.1477763566883087,0.0011904761904761906,19.9665231267437,0.9983013835813469,0.9983013835813469,12.0,12.0
2390,0.04326907846006335,0.00882936507936508,19.80787491281959,0.9903583259093738,0.9903583259093738,89.0,89.0
2391,0.1146115704955525,0.11847222222222221,41.379683854795566,0.9020409902934026,0.9195012031450477,3412.0,3412.0
2392,0.07285707856547634,0.010813492063492063,19.512580511517157,0.9756161780104706,0.9756161780104706,109.0,109.0
2393,0.07285707856547634,0.012003968253968253,19.41650577215691,0.9708137475745315,0.9708137475745315,121.0,121.0
2394,0.09068520917649417,0.011904761904761904,19.70810489429746,0.9853921007118391,0.9853921007118391,120.0,120.0
2395,0.09068520917649417,0.019246031746031744,19.642030572564497,0.9820896774779485,0.9820896774779485,194.0,194.0
2396,0.2843375920000459,0.07341269841269842,19.78302621421479,0.9891439778657991,0.9891439778657991,740.0,740.0
2397,0.2843375920000459,0.034623015873015875,19.810929732393227,0.9905389977567435,0.9905389977567435,349.0,349.0
2398,0.11237009161053317,0.06984126984126984,19.608429871563676,0.9804068885446385,0.9804068885446385,704.0,704.0
2399,0.11237009161053317,0.020337301587301584,19.639705744217743,0.9819697296751541,0.9819697296751541,205.0,205.0
24,0.07000155042016967,0.009325396825396825,19.76966863514682,0.9884695887201118,0.9884695887201118,94.0,94.0
240,0.00984785097407956,0.0,20.00692071483432,1.0,1.0,0.0,0.0
2400,0.1378501995151877,0.07817460317460317,19.845126834053847,0.9922556481878034,0.9922556481878034,788.0,788.0
2401,0.1378501995151877,0.026190476190476188,19.900352397541088,0.9950168811329335,0.9950168811329335,264.0,264.0
2402,0.021425698583016347,0.0011904761904761906,19.95823826253538,0.9977597772647335,0.9977597772647335,12.0,12.0
2403,0.021425698583016347,0.0012896825396825399,19.913230960014005,0.9955195545294669,0.9955195545294669,13.0,13.0
2404,0.1001302111942154,0.009623015873015874,19.66838369303803,0.9834027294209002,0.9834027294209002,97.0,97.0
2405,0.1001302111942154,0.0035714285714285713,19.700522631989966,0.985008916896297,0.985008916896297,36.0,36.0
2406,0.023897798218355398,0.009523809523809523,19.07067634433112,0.9534402452869315,0.9534402452869315,96.0,96.0
2407,0.023897798218355398,0.0025793650793650797,19.332838135644195,0.966535176299982,0.966535176299982,26.0,26.0
2408,0.03290108752195313,4.96031746031746E-4,19.98982741613703,0.9994596927357747,0.9994596927357747,5.0,5.0
2409,0.03290108752195313,1.9841269841269844E-4,19.99524426185366,0.9997298463678874,0.9997298463678874,2.0,2.0
241,0.00984785097407956,0.0,20.00692071483432,1.0,1.0,0.0,0.0
2410,0.01292504746220149,0.025694444444444447,17.82784513351818,0.891278384686203,0.891278384686203,259.0,259.0
2411,0.01292504746220149,0.02400793650793651,17.75721481952325,0.8877514238660447,0.8877514238660447,242.0,242.0
2412,0.006400038824915369,0.01746031746031746,16.458811329606412,0.8229370277510552,0.8229370277510552,176.0,176.0
2413,0.006400038824915369,0.023015873015873017,15.760095606354097,0.7880017471211916,0.7880017471211916,232.0,232.0
2414,0.11878375131688916,0.007,29.300728105200722,0.9766890674383344,0.9766890674383344,126.0,126.0
2415,0.11878375131688916,0.005166666666666667,29.47168704011485,0.9823872953978526,0.9823872953978526,93.0,93.0
2416,0.007781912348135163,0.004,29.20938297649914,0.9731182269715892,0.9731182269715892,72.0,72.0
2417,0.007781912348135163,0.004166666666666667,29.33511966315309,0.9772538843605755,0.9772538843605755,75.0,75.0
2418,0.04245169796218308,0.0018333333333333333,28.91584406174112,0.9638310527354605,0.9638310527354605,33.0,33.0
2419,0.04245169796218308,0.003833333333333333,28.443950187161494,0.9481054234900087,0.9481054234900087,69.0,69.0
242,0.060740630014790555,0.02242063492063492,19.944738381194306,0.9972213917775958,0.9972213917775958,226.0,226.0
2420,0.1204721513779684,0.0018333333333333333,29.75202118092539,0.991698944192942,0.991698944192942,33.0,33.0
2421,0.1204721513779684,0.0027222222222222222,29.695351934289377,0.9898123406004289,0.9898123406004289,49.0,49.0
2422,0.027672134857412312,0.003166666666666667,28.358728866110912,0.9451571397645151,0.9451571397645151,57.0,57.0
2423,0.027672134857412312,0.0026111111111111114,28.677541865597664,0.955771886906867,0.955771886906867,47.0,47.0
2424,0.19048119702068186,0.00873015873015873,19.868606652485248,0.9934181783855371,0.9934181783855371,88.0,88.0
2425,0.19048119702068186,0.00892857142857143,19.855856423611584,0.9927812279067182,0.9927812279067182,90.0,90.0
2426,0.2907099028543161,0.01130952380952381,19.908574178043647,0.9954188951412923,0.9954188951412923,114.0,114.0
2427,0.2907099028543161,0.007837301587301587,19.91829033774971,0.995904080030666,0.995904080030666,79.0,79.0
2428,0.3412692856074997,0.006547619047619048,19.955946155042113,0.9977914721799477,0.9977914721799477,66.0,66.0
2429,0.3412692856074997,0.003968253968253969,19.955946155042113,0.9977914721799477,0.9977914721799477,40.0,40.0
243,0.060740630014790555,0.015873015873015872,19.9383935023491,0.9969056408432317,0.9969056408432317,160.0,160.0
2430,0.12081508245616837,0.0014880952380952382,19.983819772300382,0.9991605132077519,0.9991605132077519,15.0,15.0
2431,0.12081508245616837,0.004365079365079366,19.933306748236824,0.9966420528310078,0.9966420528310078,44.0,44.0
2434,0.0777783836108741,0.0016865079365079366,19.847376817846264,0.9923619441316185,0.9923619441316185,17.0,17.0
2435,0.0777783836108741,2.9761904761904765E-4,19.958488794433226,0.9979168938540778,0.9979168938540778,3.0,3.0
2436,0.03468943601622699,0.0016865079365079364,19.66281012498901,0.9831271982794835,0.9831271982794835,17.0,17.0
2437,0.03468943601622699,7.936507936507938E-4,19.865313318901805,0.9932508793117933,0.9932508793117933,8.0,8.0
2438,0.08203655925692141,8.928571428571428E-4,19.981285724090835,0.999027419442691,0.999027419442691,9.0,9.0
2439,0.08203655925692141,6.944444444444445E-4,19.984535851895608,0.9991895162022425,0.9991895162022425,7.0,7.0
244,0.07551413405611206,0.0365079365079365,19.56706332478075,0.9783335666931129,0.9783335666931129,368.0,368.0
2440,0.11245737044613598,0.0016865079365079364,19.9100832231633,0.9954900397637171,0.9954900397637171,17.0,17.0
2441,0.11245737044613598,7.936507936507937E-4,19.940163073685614,0.996993359842478,0.996993359842478,8.0,8.0
2442,0.015674680233621948,0.005555555555555555,19.679891640711823,0.9838802204630234,0.9838802204630234,56.0,56.0
2443,0.015674680233621948,0.0022817460317460314,19.804216692192607,0.9900801356695528,0.9900801356695528,23.0,23.0
2444,0.060885086514173424,0.005853174603174603,19.977279789511332,0.9988441924020232,0.9988441924020232,59.0,59.0
2445,0.060885086514173424,0.00248015873015873,19.986598239653485,0.999306515441214,0.999306515441214,25.0,25.0
2446,0.04913562197111556,0.004960317460317461,19.858980546659208,0.9929165182735536,0.9929165182735536,50.0,50.0
2447,0.04913562197111556,0.005555555555555556,19.888981944063552,0.9944175585634547,0.9944175585634547,56.0,56.0
2448,0.03716634018052885,0.00873015873015873,19.65103858658824,0.9824669149327638,0.9824669149327638,88.0,88.0
2449,0.03716634018052885,0.008928571428571428,19.665536658121404,0.9831874212130438,0.9831874212130438,90.0,90.0
245,0.07551413405611206,0.029464285714285714,19.69114540919061,0.9845385049368368,0.9845385049368368,297.0,297.0
2450,0.08464930029117007,0.0057539682539682535,19.70269273091336,0.9850951963361447,0.9850951963361447,58.0,58.0
2451,0.08464930029117007,0.012301587301587303,19.542135912078095,0.9770739287626353,0.9770739287626353,124.0,124.0
2452,0.08017862605658811,0.005555555555555555,19.77285435536354,0.9886352236198733,0.9886352236198733,56.0,56.0
2453,0.08017862605658811,0.010615079365079366,19.680025513038178,0.9839949937923015,0.9839949937923015,107.0,107.0
2454,0.07004743783128854,0.004265873015873016,19.824949757742004,0.9912172168827679,0.9912172168827679,43.0,43.0
2455,0.07004743783128854,0.011011904761904763,19.749561920755482,0.9874531669753827,0.9874531669753827,111.0,111.0
2456,0.010975013425036066,0.005952380952380952,19.921733229749012,0.9959170694177486,0.9959170694177486,60.0,60.0
2457,0.010975013425036066,0.016170634920634922,19.890475280120743,0.9943859704494044,0.9943859704494044,163.0,163.0
2458,0.18158705829484625,0.0030753968253968253,19.982512181283013,0.9991070184462282,0.9991070184462282,31.0,31.0
2459,0.18158705829484625,0.008730158730158729,19.922851866540142,0.9961304132669888,0.9961304132669888,88.0,88.0
246,0.12206531302348313,0.0012896825396825397,20.00068849322012,1.0,1.0,13.0,13.0
2460,0.10856817018841913,0.02023809523809524,19.794152568885256,0.9896998384750972,0.9896998384750972,204.0,204.0
2461,0.10856817018841913,0.024404761904761905,19.75424659781784,0.9877048284391029,0.9877048284391029,246.0,246.0
2462,0.17527505957342662,0.03630952380952381,19.829260207562683,0.9914554221342001,0.9914554221342001,366.0,366.0
2463,0.17527505957342662,0.047420634920634926,19.80447780443941,0.9902159647227506,0.9902159647227506,478.0,478.0
2464,0.08573096467899197,0.0010912698412698415,19.941470456545403,0.9970394460532216,0.9970394460532216,11.0,11.0
2465,0.08573096467899197,5.952380952380953E-4,19.963697845310364,0.9981496537832635,0.9981496537832635,6.0,6.0
2466,0.18807157579408113,0.011011904761904761,19.964430155586832,0.9982041056970499,0.9982041056970499,111.0,111.0
2467,0.18807157579408113,0.009722222222222222,19.952455245795562,0.9976061759300938,0.9976061759300938,98.0,98.0
2468,0.2160017776819984,0.007837301587301587,19.981515663178097,0.9990693534641768,0.9990693534641768,79.0,79.0
2469,0.2160017776819984,0.007142857142857143,19.979651610851516,0.9989770938697412,0.9989770938697412,72.0,72.0
247,0.12206531302348313,0.0012896825396825399,19.99739292522976,0.9998395246831078,0.9998395246831078,13.0,13.0
2470,0.5905493002449729,0.006448412698412699,19.985432200419673,0.999264072653515,0.999264072653515,65.0,65.0
2471,0.5905493002449729,7.936507936507938E-4,19.990596615972844,0.9995222077792705,0.9995222077792705,8.0,8.0
2472,0.4659615586229432,0.030456349206349206,19.978661754252546,0.9989325374800413,0.9989325374800413,307.0,307.0
2473,0.4659615586229432,0.020932539682539685,19.978068483989972,0.9989028639626837,0.9989028639626837,211.0,211.0
2474,0.21621712662212528,0.02609126984126984,19.975737881147584,0.9987856752977329,0.9987856752977329,263.0,263.0
2475,0.21621712662212528,0.015178571428571428,19.982302123436966,0.9991138874122021,0.9991138874122021,153.0,153.0
2476,0.17487711372534773,0.026686507936507935,19.85636965945474,0.9928027487956724,0.9928027487956724,269.0,269.0
2477,0.17487711372534773,0.016567460317460318,19.846964971354296,0.9923328057642997,0.9923328057642997,167.0,167.0
2478,0.11035472692900329,0.00634920634920635,19.958042381816202,0.9978726694878218,0.9978726694878218,64.0,64.0
2479,0.11035472692900329,0.007936507936507938,19.954432663926344,0.9976917373872229,0.9976917373872229,80.0,80.0
248,0.11448397599948587,0.015476190476190477,19.788508745655978,0.9894225719965968,0.9894225719965968,156.0,156.0
2480,0.028635437048984892,0.005357142857142857,19.090777512816043,0.9544891297453745,0.9544891297453745,54.0,54.0
2481,0.028635437048984892,0.00625,19.149531829229122,0.9574253149230924,0.9574253149230924,63.0,63.0
2482,0.024759170698974653,0.004365079365079364,19.322821369558852,0.9660406703634649,0.9660406703634649,44.0,44.0
2483,0.024759170698974653,0.0052579365079365075,19.458841230131316,0.9728325362907719,0.9728325362907719,53.0,53.0
2484,0.04378554601590918,0.0032738095238095235,19.945226672923113,0.9972202722546168,0.9972202722546168,33.0,33.0
2485,0.04378554601590918,0.001884920634920635,19.951424902814498,0.9975291308929928,0.9975291308929928,19.0,19.0
2486,0.06897364887845646,0.009821428571428571,19.661923204694027,0.9830830169558619,0.9830830169558619,99.0,99.0
2487,0.06897364887845646,0.005753968253968254,19.737908260405653,0.9868807614963305,0.9868807614963305,58.0,58.0
2488,0.15512770205875157,0.01130952380952381,19.963537219121026,0.9981551502291672,0.9981551502291672,114.0,114.0
2489,0.15512770205875157,0.014384920634920634,19.956653074515078,0.997813886826244,0.997813886826244,145.0,145.0
249,0.11448397599948587,0.006051587301587302,19.887046161541623,0.994348390236764,0.994348390236764,61.0,61.0
2492,0.15282945289010252,0.01626984126984127,19.81909389106651,0.9909485291120925,0.9909485291120925,164.0,164.0
2493,0.15282945289010252,0.021825396825396824,19.80440206935158,0.9902142805508587,0.9902142805508587,220.0,220.0
2494,0.09490862076289415,0.005753968253968254,19.756529268591937,0.9878019039111006,0.9878019039111006,58.0,58.0
2495,0.09490862076289415,0.009920634920634922,19.629164044041836,0.9814376798647182,0.9814376798647182,100.0,100.0
2496,0.31482566587346106,0.00992063492063492,19.90320072610861,0.995151832505804,0.995151832505804,100.0,100.0
2497,0.31482566587346106,0.009821428571428571,19.95723645268187,0.997854872192743,0.997854872192743,99.0,99.0
2498,0.24980305507689124,0.013492063492063493,19.990665249705167,0.9995257460747723,0.9995257460747723,136.0,136.0
2499,0.24980305507689124,0.008928571428571428,19.994577865862247,0.9997209946922626,0.9997209946922626,90.0,90.0
25,0.07000155042016967,0.008134920634920636,19.7888998303172,0.9894304563267691,0.9894304563267691,82.0,82.0
250,0.10363546298566086,0.006746031746031746,19.863162641338466,0.9931448602708971,0.9931448602708971,68.0,68.0
2500,0.3207006874220114,0.011408730158730158,19.951284708041484,0.9975627617424769,0.9975627617424769,115.0,115.0
2501,0.3207006874220114,0.007142857142857143,19.960078044214324,0.9980024955356461,0.9980024955356461,72.0,72.0
2502,0.367276372548493,0.005853174603174603,19.947585487951212,0.9973702105279612,0.9973702105279612,59.0,59.0
2503,0.367276372548493,0.003968253968253968,19.928191612078543,0.9964013407224731,0.9964013407224731,40.0,40.0
2504,0.06406854358421853,0.0016865079365079366,19.903083070003788,0.9951285192204098,0.9951285192204098,17.0,17.0
2505,0.06406854358421853,9.920634920634922E-5,19.992460688362367,0.9995940432683674,0.9995940432683674,1.0,1.0
2506,0.1608960019606535,0.0035714285714285713,20.00019360720806,1.0,1.0,36.0,36.0
2507,0.1608960019606535,0.003571428571428571,19.99430992956284,0.999707933696577,0.999707933696577,36.0,36.0
2508,0.18129153389144415,8.928571428571428E-4,20.000291799742556,1.0,1.0,9.0,9.0
2509,0.18129153389144415,0.006448412698412698,19.91433094963356,0.9957075807187556,0.9957075807187556,65.0,65.0
251,0.10363546298566086,0.0024801587301587305,19.928326182917342,0.9963998264314474,0.9963998264314474,25.0,25.0
2510,0.17718881897424224,5.952380952380953E-4,19.999225932767807,0.9999309813902106,0.9999309813902106,6.0,6.0
2511,0.17718881897424224,0.00376984126984127,19.985293209753863,0.9992407952923175,0.9992407952923175,38.0,38.0
2512,0.045370027950978685,0.0,20.00148182996856,1.0,1.0,0.0,0.0
2513,0.045370027950978685,0.0,20.00148182996856,1.0,1.0,0.0,0.0
2514,0.15818425816365775,8.928571428571429E-4,20.00011693144972,1.0,1.0,9.0,9.0
2515,0.15818425816365775,8.928571428571429E-4,19.966043456375775,0.9982968743624733,0.9982968743624733,9.0,9.0
2516,0.34752551972467877,0.002976190476190476,20.000189772178334,1.0,1.0,30.0,30.0
2517,0.34752551972467877,0.0030753968253968257,19.9677423743535,0.9983798045816349,0.9983798045816349,31.0,31.0
2518,0.18253063326129307,0.0014880952380952382,19.998482045355306,0.9999087840827227,0.9999087840827227,15.0,15.0
2519,0.18253063326129307,0.0029761904761904765,19.981089096494788,0.9990422328685883,0.9990422328685883,30.0,30.0
252,0.23979791798032277,5.952380952380953E-4,20.000289709453977,1.0,1.0,6.0,6.0
2520,0.2995587472498689,0.0016865079365079366,20.00021309531766,1.0,1.0,17.0,17.0
2521,0.2995587472498689,0.0016865079365079366,19.995892061624225,0.999785502135353,0.999785502135353,17.0,17.0
2522,0.15913671847978175,4.960317460317461E-4,19.995310396479262,0.9997446906080177,0.9997446906080177,5.0,5.0
2523,0.15913671847978175,0.004563492063492063,19.923630221666325,0.9961666647272701,0.9961666647272701,46.0,46.0
2524,0.00424084991240709,0.0,20.009252535603565,1.0,1.0,0.0,0.0
2525,0.00424084991240709,0.0026785714285714286,19.07069353385541,0.9531636114628359,0.9531636114628359,27.0,27.0
2526,0.18525566497112647,2.976190476190477E-4,20.000011812392952,1.0,1.0,3.0,3.0
2527,0.18525566497112647,0.001388888888888889,19.94791619338898,0.9973952990295454,0.9973952990295454,14.0,14.0
2528,0.003295405931329047,0.0017857142857142857,18.648774408691427,0.9321955112732048,0.9321955112732048,18.0,18.0
2529,0.003295405931329047,2.9761904761904765E-4,19.751387780276293,0.9872866583637259,0.9872866583637259,3.0,3.0
253,0.23979791798032277,0.003869047619047619,19.88874369132368,0.9944267731326817,0.9944267731326817,39.0,39.0
2530,0.24383253195057858,1.9841269841269844E-4,20.000389961541224,1.0,1.0,2.0,2.0
2531,0.24383253195057858,1.9841269841269844E-4,19.99933880468245,0.9999478483670001,0.9999478483670001,2.0,2.0
2532,0.7236832620355452,0.006051587301587302,20.000151566289194,1.0,1.0,61.0,61.0
2533,0.7236832620355452,0.006051587301587302,19.9684623948428,0.9984176728286219,0.9984176728286219,61.0,61.0
2534,2.2372316539205137,0.001888888888888889,30.00008922554299,1.0,1.0,34.0,34.0
2535,2.2372316539205137,0.001888888888888889,29.98460939325789,0.9994847801177795,0.9994847801177795,34.0,34.0
2536,0.23412595671927258,0.0034722222222222225,19.987847891994765,0.9993769420126956,0.9993769420126956,35.0,35.0
2537,0.23412595671927258,0.001884920634920635,19.93796337536643,0.9968847100634777,0.9968847100634777,19.0,19.0
2538,0.1845915916399173,0.0032738095238095235,20.00029284005605,1.0,1.0,33.0,33.0
2539,0.1845915916399173,0.0010912698412698415,19.957608391549975,0.997867150262459,0.997867150262459,11.0,11.0
254,0.08960905444085117,0.030257936507936508,19.486988099733605,0.9743298811676833,0.9743298811676833,305.0,305.0
2540,0.2387677465303846,0.06339285714285714,19.901481020838553,0.9950719310386422,0.9950719310386422,639.0,639.0
2541,0.2387677465303846,0.033035714285714286,19.955881125509194,0.9977918420498061,0.9977918420498061,333.0,333.0
2542,0.08762164447474918,0.03859126984126984,19.83278927791707,0.9916122407681432,0.9916122407681432,389.0,389.0
2543,0.08762164447474918,0.015972222222222224,19.84935712625082,0.9924376741492101,0.9924376741492101,161.0,161.0
2544,0.05113148220655767,0.03799603174603174,19.162181718867746,0.9580743682445645,0.9580743682445645,383.0,383.0
2545,0.05113148220655767,0.015376984126984128,19.224224657210648,0.9611734962313773,0.9611734962313773,155.0,155.0
2546,0.0736605692531987,0.037896825396825394,19.43571761003816,0.9717532638612594,0.9717532638612594,382.0,382.0
2547,0.0736605692531987,0.01617063492063492,19.478368502826324,0.9738829722710459,0.9738829722710459,163.0,163.0
2548,0.07619457632486329,0.03809523809523809,19.774934351332675,0.988745888205633,0.988745888205633,384.0,384.0
2549,0.07619457632486329,0.014186507936507935,19.813427150962674,0.990670420009611,0.990670420009611,143.0,143.0
255,0.08960905444085117,0.015873015873015876,19.455538782982142,0.9727582288225682,0.9727582288225682,160.0,160.0
2550,0.059311918271196994,0.046031746031746035,19.582224148662917,0.9791046864929616,0.9791046864929616,464.0,464.0
2551,0.059311918271196994,0.01488095238095238,19.709118594158436,0.9854485582103222,0.9854485582103222,150.0,150.0
2552,0.07635314621202716,0.05654761904761904,19.69297867633902,0.9846296176822066,0.9846296176822066,570.0,570.0
2553,0.07635314621202716,0.016964285714285713,19.823981215596394,0.9911771691604427,0.9911771691604427,171.0,171.0
2554,0.8422314789425793,0.0025793650793650797,20.00008788987728,1.0,1.0,26.0,26.0
2555,0.8422314789425793,0.0025793650793650793,19.988603464409266,0.999426740022132,0.999426740022132,26.0,26.0
2556,0.1307623883549865,0.0028769841269841267,19.960003990512632,0.9979914492356665,0.9979914492356665,29.0,29.0
2557,0.1307623883549865,0.009325396825396825,19.843449032597807,0.9921666520190995,0.9921666520190995,94.0,94.0
2558,0.11278235389299913,0.029166666666666667,19.68822368414141,0.9843887826578034,0.9843887826578034,294.0,294.0
2559,0.11278235389299913,0.005257936507936508,19.792469741074356,0.9895955907848192,0.9895955907848192,53.0,53.0
256,0.3220787203015354,0.0051587301587301595,19.99912461693222,0.9999536092928815,0.9999536092928815,52.0,52.0
2560,0.014928980943168305,0.05783730158730158,18.849505241748478,0.9424391604091168,0.9424391604091168,583.0,583.0
2561,0.014928980943168305,0.05783730158730159,18.958194556858537,0.9478694282950492,0.9478694282950492,583.0,583.0
2562,0.12691450707707383,0.018055555555555554,19.898773119451757,0.9949247191922952,0.9949247191922952,182.0,182.0
2563,0.12691450707707383,0.05128968253968254,18.614301909967114,0.908194591936232,0.9307022736604864,517.0,517.0
2564,0.13277745901271237,0.012103174603174604,19.961125289041686,0.9980340783757996,0.9980340783757996,122.0,122.0
2565,0.13277745901271237,0.023214285714285715,19.943930669069672,0.9971772233500505,0.9971772233500505,234.0,234.0
2566,0.06837658215373503,0.010515873015873015,19.510606810051065,0.9754931427444608,0.9754931427444608,106.0,106.0
2567,0.06837658215373503,0.020634920634920634,19.4696723258518,0.9734510682542591,0.9734510682542591,208.0,208.0
2568,0.18157437041055702,0.002777777777777778,19.992231475599077,0.9996002356993691,0.9996002356993691,28.0,28.0
2569,0.18157437041055702,0.001388888888888889,19.97421989886954,0.9987007660229493,0.9987007660229493,14.0,14.0
257,0.3220787203015354,0.0013888888888888887,19.99912461693222,0.9999536092928815,0.9999536092928815,14.0,14.0
2572,0.10761719334197534,0.0035714285714285718,20.000097879877718,1.0,1.0,36.0,36.0
2573,0.10761719334197534,0.0035714285714285718,19.849399225696366,0.9924662398103009,0.9924662398103009,36.0,36.0
2574,0.3828244326574081,0.04573412698412698,19.97374935277843,0.9986845204668557,0.9986845204668557,461.0,461.0
2575,0.3828244326574081,0.04107142857142858,19.978441802111835,0.9989192030798947,0.9989192030798947,414.0,414.0
258,0.039120326616872786,0.0017857142857142859,19.627226874317337,0.9812823982624435,0.9812823982624435,18.0,18.0
2580,0.8636519036577486,0.002380952380952381,20.000044084009694,1.0,1.0,24.0,24.0
2581,0.8636519036577486,0.002380952380952381,19.986991170623135,0.9993477676182629,0.9993477676182629,24.0,24.0
2582,0.5316243851104678,0.0029761904761904765,19.998744558374966,0.9999332442100444,0.9999332442100444,30.0,30.0
2583,0.5316243851104678,0.004365079365079365,19.98604485392905,0.9992990642054653,0.9992990642054653,44.0,44.0
2584,1.506666686254854,9.92063492063492E-5,20.000000260020183,1.0,1.0,1.0,1.0
2585,1.506666686254854,9.92063492063492E-5,19.99938751491418,0.9999693628801269,0.9999693628801269,1.0,1.0
2586,0.128553454436077,0.01626984126984127,19.69553171441792,0.9847600704440467,0.9847600704440467,164.0,164.0
2587,0.128553454436077,0.010813492063492063,19.672744613231384,0.9836221149844527,0.9836221149844527,109.0,109.0
2588,0.04654160472056334,0.015575396825396826,19.363377458569843,0.9681354397016297,0.9681354397016297,157.0,157.0
2589,0.04654160472056334,0.00873015873015873,19.46754802243893,0.9733415363876758,0.9733415363876758,88.0,88.0
259,0.039120326616872786,4.960317460317461E-4,19.90196611955154,0.9950086395366515,0.9950086395366515,5.0,5.0
2590,0.02043433136168611,0.01646825396825397,19.330110764041983,0.9664770463649479,0.9664770463649479,166.0,166.0
2591,0.02043433136168611,0.011011904761904761,19.329587416848483,0.9664498614396604,0.9664498614396604,111.0,111.0
2592,0.08842666879405929,0.01845238095238095,19.932560068805678,0.9965981449730128,0.9965981449730128,186.0,186.0
2593,0.08842666879405929,0.009821428571428571,19.960534973807285,0.9979958425575748,0.9979958425575748,99.0,99.0
2594,0.06262867860208808,0.019246031746031747,19.50319009639315,0.9751508146179592,0.9751508146179592,194.0,194.0
2595,0.06262867860208808,0.010615079365079366,19.520662721365262,0.9760244458665647,0.9760244458665647,107.0,107.0
2596,0.28717334667485833,0.01646825396825397,19.937835265364647,0.9968893160158757,0.9968893160158757,166.0,166.0
2597,0.28717334667485833,0.02023809523809524,19.92991035130682,0.9964935189759165,0.9964935189759165,204.0,204.0
2598,0.09031923835509262,0.04494047619047619,19.511173321636164,0.9755459120448184,0.9755459120448184,453.0,453.0
2599,0.09031923835509262,0.056249999999999994,19.299207457591464,0.9649467290260493,0.9649467290260493,567.0,567.0
26,0.05812336145163895,0.007638888888888889,19.69470420192817,0.984721734695881,0.984721734695881,77.0,77.0
260,0.08564183675103487,0.0025793650793650797,20.00068844007302,1.0,1.0,26.0,26.0
2600,0.1276993718715419,0.024603174603174603,19.973771156761686,0.9986692640186902,0.9986692640186902,248.0,248.0
2601,0.1276993718715419,0.03194444444444444,19.92358776979996,0.9961592907614624,0.9961592907614624,322.0,322.0
2602,0.1900015344547478,0.015674603174603174,19.7939178996844,0.98969126806475,0.98969126806475,158.0,158.0
2603,0.1900015344547478,0.014384920634920634,19.80103473574087,0.9900470257417652,0.9900470257417652,145.0,145.0
2604,0.10077129519977028,0.005654761904761905,19.7546694144464,0.9876994993103994,0.9876994993103994,57.0,57.0
2605,0.10077129519977028,0.00625,19.72834951026697,0.9863844610426087,0.9863844610426087,63.0,63.0
2606,0.01583609919307522,0.01359126984126984,19.433107917957425,0.9715589547358185,0.9715589547358185,137.0,137.0
2607,0.01583609919307522,0.014087301587301586,19.345372357347653,0.967168537416196,0.967168537416196,142.0,142.0
2608,0.11588122854482862,0.010615079365079366,19.935445701473835,0.9967542933718613,0.9967542933718613,107.0,107.0
2609,0.11588122854482862,0.014186507936507936,19.921357378418424,0.9960511180261137,0.9960511180261137,143.0,143.0
261,0.08564183675103487,0.0025793650793650797,19.878809244891325,0.9939117772415237,0.9939117772415237,26.0,26.0
2610,0.07079833919920564,0.007142857142857143,19.88577344237209,0.9942497031762793,0.9942497031762793,72.0,72.0
2611,0.07079833919920564,0.007837301587301587,19.85256051589438,0.9925930683611623,0.9925930683611623,79.0,79.0
2612,0.33478181085652986,0.003968253968253969,19.98002211784013,0.9989900627789281,0.9989900627789281,40.0,40.0
2613,0.33478181085652986,0.00248015873015873,19.952221236477957,0.9976013990999543,0.9976013990999543,25.0,25.0
2614,0.11690871154931193,0.018253968253968255,19.661887302346006,0.9830777737658153,0.9830777737658153,184.0,184.0
2615,0.11690871154931193,0.004960317460317461,19.767962740078545,0.9883778899309286,0.9883778899309286,50.0,50.0
2616,0.4510080620533807,0.0496031746031746,19.893345644361816,0.9946646192127395,0.9946646192127395,500.0,500.0
2617,0.4510080620533807,0.04960317460317461,19.89607093917315,0.9948008839533062,0.9948008839533062,500.0,500.0
2618,0.16912471823127742,0.0498015873015873,19.812792404976452,0.9906325484144815,0.9906325484144815,502.0,502.0
2619,0.16912471823127742,0.049801587301587305,19.812792404976452,0.9906325484144815,0.9906325484144815,502.0,502.0
262,0.17575784181672024,0.08127777777777777,29.25859192823819,0.9752659471613008,0.9752659471613008,1463.0,1463.0
2620,0.025546744896093387,0.049900793650793654,19.164225713973494,0.9581681334684177,0.9581681334684177,503.0,503.0
2621,0.025546744896093387,0.049900793650793654,19.164225713973494,0.9581681334684177,0.9581681334684177,503.0,503.0
2622,0.18911859903780634,0.05029761904761905,19.709848161419483,0.9854875120041487,0.9854875120041487,507.0,507.0
2623,0.18911859903780634,0.05029761904761905,19.714784774552324,0.9857343426607909,0.9857343426607909,507.0,507.0
2624,0.2911091095106871,0.009920634920634922,19.921880719976432,0.9960856426717061,0.9960856426717061,100.0,100.0
2625,0.2911091095106871,0.018452380952380953,19.911068839303343,0.9955459388394123,0.9955459388394123,186.0,186.0
2626,0.06060458650558748,0.015178571428571428,19.823818980762255,0.9911460111223936,0.9911460111223936,153.0,153.0
2627,0.06060458650558748,0.0185515873015873,19.93703912186074,0.9968054414083453,0.9968054414083453,187.0,187.0
2628,0.03226070095463691,0.02490079365079365,19.686542669831297,0.9842457119378963,0.9842457119378963,251.0,251.0
2629,0.03226070095463691,0.02708333333333333,19.655606759768038,0.9826972547703728,0.9826972547703728,273.0,273.0
263,0.17575784181672024,0.07505555555555556,29.278161301278168,0.9759173300302104,0.9759173300302104,1351.0,1351.0
2630,0.03038826730377635,0.019345238095238096,19.169031087945218,0.9583619012042136,0.9583619012042136,195.0,195.0
2631,0.03038826730377635,0.015972222222222224,19.05646326461794,0.95273689317721,0.95273689317721,161.0,161.0
2632,0.21183082368305073,0.027281746031746032,19.773994480016142,0.9886920850726494,0.9886920850726494,275.0,275.0
2633,0.21183082368305073,0.03432539682539683,19.757985309572067,0.9878922256820658,0.9878922256820658,346.0,346.0
2634,0.31383457557235883,0.03283730158730159,19.898111495417062,0.994903595632735,0.994903595632735,331.0,331.0
2635,0.31383457557235883,0.034722222222222224,19.894068943549662,0.9947015092714091,0.9947015092714091,350.0,350.0
2636,0.5721183581897807,0.03571428571428571,19.987243628276897,0.9993607647071844,0.9993607647071844,360.0,360.0
2637,0.5721183581897807,0.0435515873015873,19.98934218915276,0.999465631155036,0.999465631155036,439.0,439.0
2638,0.23711157037148028,0.06130952380952381,19.8367819702492,0.99183817041483,0.99183817041483,618.0,618.0
2639,0.23711157037148028,0.07559523809523809,19.87291247479777,0.9936446956422584,0.9936446956422584,762.0,762.0
264,0.09243147745146249,0.07527777777777778,28.702519247341574,0.9567185200533534,0.9567185200533534,1355.0,1355.0
2640,0.11407229184594436,0.06468253968253969,19.65230600989632,0.9826150143943166,0.9826150143943166,652.0,652.0
2641,0.11407229184594436,0.07470238095238095,19.57302278470966,0.9786508404194058,0.9786508404194058,753.0,753.0
2642,0.3042880358946866,0.06577380952380953,19.90920907279974,0.9954532093206542,0.9954532093206542,663.0,663.0
2643,0.3042880358946866,0.038392857142857145,19.919357116501413,0.9959602895359896,0.9959602895359896,387.0,387.0
2644,0.2053052738343296,0.04871031746031746,19.98256943868487,0.9991158953078892,0.9991158953078892,491.0,491.0
2645,0.2053052738343296,0.02142857142857143,19.97353052592257,0.9986626117308004,0.9986626117308004,216.0,216.0
2646,0.43930833542481773,0.014781746031746031,19.908589519872855,0.995425652904395,0.995425652904395,149.0,149.0
2647,0.43930833542481773,0.018849206349206348,19.90418797390235,0.9952056415212015,0.9952056415212015,190.0,190.0
2648,0.10748972532744155,0.026984126984126985,19.627509682701493,0.9813713501451741,0.9813713501451741,272.0,272.0
2649,0.10748972532744155,0.017757936507936507,19.705394943904302,0.9852652889708124,0.9852652889708124,179.0,179.0
265,0.09243147745146249,0.06622222222222222,28.78486556412377,0.9594619372101221,0.9594619372101221,1192.0,1192.0
2650,0.007593778024289248,0.025694444444444443,17.154217890810404,0.8573552153088873,0.8573552153088873,259.0,259.0
2651,0.007593778024289248,0.01646825396825397,17.3623999102886,0.8615333147808993,0.8677374725672021,166.0,166.0
2652,0.06972319219119764,0.026884920634920633,19.655955147435748,0.9827900768405579,0.9827900768405579,271.0,271.0
2653,0.06972319219119764,0.020535714285714286,19.698437286150256,0.9849138939449159,0.9849138939449159,207.0,207.0
2654,0.02932338325084323,0.026388888888888885,18.85547712829912,0.9427524088419079,0.9427524088419079,266.0,266.0
2655,0.02932338325084323,0.02003968253968254,18.944884804712466,0.9472215553025917,0.9472215553025917,202.0,202.0
2656,0.038423770873022366,0.01765873015873016,19.88210473426084,0.9940825645190694,0.9940825645190694,178.0,178.0
2657,0.038423770873022366,0.01765873015873016,19.861533827303166,0.993052759604854,0.993052759604854,178.0,178.0
2658,0.07678275834077075,0.007341269841269841,19.881188601819126,0.9940161835237235,0.9940161835237235,74.0,74.0
2659,0.07678275834077075,0.007043650793650794,19.92629253177817,0.9962686771112237,0.9962686771112237,71.0,71.0
266,0.08091424319786938,0.07288888888888889,29.510537416412447,0.9836511020684037,0.9836511020684037,1312.0,1312.0
2660,0.18316868380563003,0.00376984126984127,20.000220251752143,1.0,1.0,38.0,38.0
2661,0.18316868380563003,0.00376984126984127,19.99548535112436,0.9997661228299669,0.9997661228299669,38.0,38.0
2662,0.1277723523625475,0.02361111111111111,19.914374048726124,0.995718002194328,0.995718002194328,238.0,238.0
2663,0.1277723523625475,0.007043650793650794,19.988331208822686,0.9994158495894293,0.9994158495894293,71.0,71.0
2664,0.11985863899633185,0.00625,19.89965965884929,0.9949639561948358,0.9949639561948358,63.0,63.0
2665,0.11985863899633185,0.005257936507936508,19.89965965884929,0.9949639561948358,0.9949639561948358,53.0,53.0
2666,0.09371991803902956,0.005456349206349206,19.963768572177905,0.9981620469862637,0.9981620469862637,55.0,55.0
2667,0.09371991803902956,0.0047619047619047615,19.954135885055337,0.9976825809826804,0.9976825809826804,48.0,48.0
2668,0.041522979575587496,0.004265873015873016,19.589419798853793,0.9794584501408496,0.9794584501408496,43.0,43.0
2669,0.041522979575587496,0.0051587301587301595,19.671608797930105,0.9835667601126796,0.9835667601126796,52.0,52.0
267,0.08091424319786938,0.059500000000000004,29.538445083807414,0.9845798358992051,0.9845798358992051,1071.0,1071.0
2670,0.2823316489932023,0.003273809523809524,20.00027423553254,1.0,1.0,33.0,33.0
2671,0.2823316489932023,0.003273809523809524,19.98400767262284,0.9991898141366587,0.9991898141366587,33.0,33.0
2672,0.267325647182,0.023115079365079366,19.82833724402349,0.9914099223121863,0.9914099223121863,233.0,233.0
2673,0.267325647182,0.013293650793650792,19.83596315934625,0.9917909511595171,0.9917909511595171,134.0,134.0
2674,0.18038685962458104,0.029464285714285714,19.791929708062955,0.9895865073314983,0.9895865073314983,297.0,297.0
2675,0.18038685962458104,0.02003968253968254,19.83782350091393,0.991880993339932,0.991880993339932,202.0,202.0
2676,0.18703652786031272,0.0185515873015873,19.883684420115152,0.9941749693459081,0.9941749693459081,187.0,187.0
2677,0.18703652786031272,0.01746031746031746,19.900407040178077,0.9950111003490544,0.9950111003490544,176.0,176.0
2678,0.12868068281079792,0.010119047619047618,19.71674719910683,0.9858239554391499,0.9858239554391499,102.0,102.0
2679,0.12868068281079792,0.00873015873015873,19.745845078228733,0.9872779087274421,0.9872779087274421,88.0,88.0
268,0.07774529764715672,0.0885,28.740128077236097,0.9579828624530209,0.9579828624530209,1593.0,1593.0
2680,0.14396394766207102,0.009623015873015874,19.975297423504294,0.9987525564303766,0.9987525564303766,97.0,97.0
2681,0.14396394766207102,0.007440476190476191,19.976691681744878,0.9988218588509112,0.9988218588509112,75.0,75.0
2682,0.3328716893441574,0.00992063492063492,19.982992470806735,0.9991390925659763,0.9991390925659763,100.0,100.0
2683,0.3328716893441574,0.006547619047619048,19.98680995704717,0.9993302812354419,0.9993302812354419,66.0,66.0
2684,0.10992896978719145,0.012301587301587303,19.894375749821254,0.9947123491221292,0.9947123491221292,124.0,124.0
2685,0.10992896978719145,0.011904761904761906,19.878681546336452,0.99392775190173,0.99392775190173,120.0,120.0
2686,0.13881411304424404,0.037003968253968254,19.918846784412764,0.9959324272906187,0.9959324272906187,373.0,373.0
2687,0.13881411304424404,0.029265873015873013,19.98954599460243,0.999466261444418,0.999466261444418,295.0,295.0
2688,0.1433174864496433,0.03521825396825397,19.904454657347173,0.9952201111634562,0.9952201111634562,355.0,355.0
2689,0.1433174864496433,0.027480158730158726,19.902117339670426,0.9951029473587208,0.9951029473587208,277.0,277.0
269,0.07774529764715672,0.07661111111111112,28.91498060656802,0.9638103070615918,0.9638103070615918,1379.0,1379.0
2690,0.11305600021640143,0.02867063492063492,19.662808476185322,0.9831384982202223,0.9831384982202223,289.0,289.0
2691,0.11305600021640143,0.023214285714285715,19.652758823512777,0.9826359336466358,0.9826359336466358,234.0,234.0
2692,0.10584171143517768,0.014484126984126985,19.57740885960717,0.9788554420454081,0.9788554420454081,146.0,146.0
2693,0.10584171143517768,0.01825396825396825,19.524075285413186,0.9761904301062589,0.9761904301062589,184.0,184.0
2694,0.10476668761546963,0.0037698412698412703,19.975091713452017,0.9987544190419696,0.9987544190419696,38.0,38.0
2695,0.10476668761546963,0.00376984126984127,19.964192588465647,0.9982094773728313,0.9982094773728313,38.0,38.0
2696,0.19236905047449465,0.017757936507936507,19.850148791475558,0.9925002109068242,0.9925002109068242,179.0,179.0
2697,0.19236905047449465,0.01746031746031746,19.891297255899673,0.9945585377113991,0.9945585377113991,176.0,176.0
2698,0.023670552607079717,0.019841269841269844,18.450536121329915,0.922441288011631,0.922441288011631,200.0,200.0
2699,0.023670552607079717,0.026884920634920633,18.49220248919992,0.9245297374884232,0.9245297374884232,271.0,271.0
27,0.05812336145163895,0.006448412698412699,19.69559343942695,0.9847657882253494,0.9847657882253494,65.0,65.0
270,0.04556388220559168,0.076,28.511674935274343,0.9503333408445737,0.9503333408445737,1368.0,1368.0
2700,0.3834742239202385,0.007043650793650794,19.98559539428565,0.9992748216559844,0.9992748216559844,71.0,71.0
2701,0.3834742239202385,0.009325396825396825,19.875326961552336,0.9937634662414652,0.9937634662414652,94.0,94.0
2702,0.13889372977615913,0.010416666666666668,19.698239722185715,0.9848905651831149,0.9848905651831149,105.0,105.0
2703,0.13889372977615913,0.014484126984126985,19.65324405565547,0.9826422341227837,0.9826422341227837,146.0,146.0
2704,0.11817016039346429,0.00376984126984127,19.855416575215152,0.9927477302496662,0.9927477302496662,38.0,38.0
2705,0.11817016039346429,0.009027777777777779,19.737894161245183,0.9868768452136817,0.9868768452136817,91.0,91.0
2706,0.08199652998641334,0.009523809523809523,19.877235602568586,0.9938450883034362,0.9938450883034362,96.0,96.0
2707,0.08199652998641334,0.010515873015873015,19.84864419664609,0.9924171077049299,0.9924171077049299,106.0,106.0
2708,0.0979889475247922,0.0022817460317460314,19.958113794648057,0.9979051536716586,0.9979051536716586,23.0,23.0
2709,0.0979889475247922,0.004166666666666667,19.88269708285256,0.994134430280644,0.994134430280644,42.0,42.0
271,0.04556388220559168,0.07655555555555556,28.609549828280848,0.9535932998388252,0.9535932998388252,1378.0,1378.0
2710,0.08255410830407485,0.025595238095238098,19.85474747716843,0.9927124901268963,0.9927124901268963,258.0,258.0
2711,0.08255410830407485,0.030357142857142857,19.843087895390724,0.9921305478601578,0.9921305478601578,306.0,306.0
2712,0.19217403370202701,0.012896825396825398,19.902806656379827,0.9951348341233912,0.9951348341233912,130.0,130.0
2713,0.19217403370202701,0.015575396825396826,19.8837223106853,0.9941809114116436,0.9941809114116436,157.0,157.0
2714,0.1579282622975035,0.009722222222222222,19.847754857903443,0.9923858573639991,0.9923858573639991,98.0,98.0
2715,0.1579282622975035,0.017857142857142856,19.817533350495832,0.9908749098262405,0.9908749098262405,180.0,180.0
2716,0.15352529966199768,0.007242063492063492,19.902363231844795,0.9951056331137444,0.9951056331137444,73.0,73.0
2717,0.15352529966199768,0.007341269841269841,19.90207874512869,0.9950903647380646,0.9950903647380646,74.0,74.0
2718,0.1157641877397035,0.0023809523809523807,19.977892057296796,0.9988719013412961,0.9988719013412961,24.0,24.0
2719,0.1157641877397035,0.003869047619047619,19.966572312011024,0.998307852011944,0.998307852011944,39.0,39.0
272,0.028210794977859804,0.09344444444444444,27.171304213627703,0.9056701432758354,0.9056701432758354,1682.0,1682.0
2720,0.07411851069288139,0.0061507936507936515,19.686680269551925,0.9843174267790155,0.9843174267790155,62.0,62.0
2721,0.07411851069288139,0.00496031746031746,19.735714227584033,0.9867678288447943,0.9867678288447943,50.0,50.0
2722,0.07433682896507161,0.006944444444444444,19.68723530078326,0.9843313937992845,0.9843313937992845,70.0,70.0
2723,0.07433682896507161,0.005952380952380953,19.73336842253849,0.9866356005935073,0.9866356005935073,60.0,60.0
2724,0.02911763735774998,0.008035714285714287,18.98963317350367,0.9494615169741129,0.9494615169741129,81.0,81.0
2725,0.02911763735774998,0.007341269841269841,19.103474243974826,0.9551518341441302,0.9551518341441302,74.0,74.0
2726,0.04899902255153283,0.008035714285714287,19.839506791015875,0.9919159653589087,0.9919159653589087,81.0,81.0
2727,0.04899902255153283,0.019841269841269844,19.720187599396798,0.9859587659046264,0.9859587659046264,200.0,200.0
2728,0.07522081706479644,0.012301587301587303,19.7022195684429,0.9850787905350318,0.9850787905350318,124.0,124.0
2729,0.07522081706479644,0.009523809523809523,19.67115120882636,0.9835265221216016,0.9835265221216016,96.0,96.0
273,0.028210794977859804,0.12077777777777779,27.56889424165938,0.91892132615666,0.91892132615666,2174.0,2174.0
2730,0.07667968208702143,0.014087301587301588,19.8689034383347,0.9934309434070443,0.9934309434070443,142.0,142.0
2731,0.07667968208702143,0.01626984126984127,19.848399724321713,0.9924080860079807,0.9924080860079807,164.0,164.0
2732,0.07271943571559915,0.017261904761904763,19.380568656117536,0.9690078061521281,0.9690078061521281,174.0,174.0
2733,0.07271943571559915,0.016765873015873015,19.322908406920146,0.9661271736907682,0.9661271736907682,169.0,169.0
2734,0.042482006066275016,0.02380952380952381,19.457077102832546,0.972803047659848,0.972803047659848,240.0,240.0
2735,0.042482006066275016,0.023313492063492064,19.465139043397894,0.9732102922376483,0.9732102922376483,235.0,235.0
2736,0.1542853331462998,0.02380952380952381,19.920176355759743,0.9960022017922977,0.9960022017922977,240.0,240.0
2737,0.1542853331462998,0.02132936507936508,19.907316367461803,0.9953593373977208,0.9953593373977208,215.0,215.0
2738,0.08664509742529797,0.03968253968253968,19.634606901913948,0.9817266554356745,0.9817266554356745,400.0,400.0
2739,0.08664509742529797,0.02738095238095238,19.7371279109928,0.9868527843930219,0.9868527843930219,276.0,276.0
274,0.03990023923473274,0.09272222222222222,29.26412355039592,0.9754680369116306,0.9754680369116306,1669.0,1669.0
2740,0.020151522799174627,0.1302579365079365,18.855819955632565,0.9427563600832805,0.9427563600832805,1313.0,1313.0
2741,0.020151522799174627,0.11765873015873016,17.904707002061645,0.888070051556913,0.8951999251843175,1186.0,1186.0
2742,0.10790506387927122,0.05555555555555555,19.68432178153971,0.9841945789317957,0.9841945789317957,560.0,560.0
2743,0.10790506387927122,0.08958333333333333,19.527627774044802,0.9763593896901142,0.9763593896901142,903.0,903.0
2744,0.3767569615271162,0.017261904761904763,19.972937476545933,0.9986443859691618,0.9986443859691618,174.0,174.0
2745,0.3767569615271162,0.008035714285714287,19.980907897551457,0.9990429847650047,0.9990429847650047,81.0,81.0
2746,0.16748724854765937,0.009623015873015874,19.817022386334273,0.9908355348234267,0.9908355348234267,97.0,97.0
2747,0.16748724854765937,0.006448412698412699,19.810146985981344,0.9904915212980726,0.9904915212980726,65.0,65.0
2748,0.4323763222978788,0.05228174603174603,19.94253550985723,0.997121540227229,0.997121540227229,527.0,527.0
2749,0.4323763222978788,0.03273809523809524,19.962790078325437,0.998134466207833,0.998134466207833,330.0,330.0
275,0.03990023923473274,0.12005555555555555,29.335707391242842,0.977854040026154,0.977854040026154,2161.0,2161.0
2750,0.1256563114951501,0.09791666666666668,19.614701442445664,0.9807321894717379,0.9807321894717379,987.0,987.0
2751,0.1256563114951501,0.034126984126984124,19.73404604827135,0.9866994824293384,0.9866994824293384,344.0,344.0
2752,0.3649561044883509,0.17817460317460318,19.754664058060417,0.9877325291877034,0.9877325291877034,1796.0,1796.0
2753,0.3649561044883509,0.15575396825396826,19.902490802638944,0.9951238507488317,0.9951238507488317,1570.0,1570.0
2754,0.8124422010974949,0.1909722222222222,19.811050399326017,0.9905506938677987,0.9905506938677987,1925.0,1925.0
2755,0.8124422010974949,0.19097222222222224,19.78919823148624,0.9894580005409959,0.9894580005409959,1925.0,1925.0
2756,0.03814580882702921,0.10138888888888889,19.613411775877303,0.9806545673336412,0.9806545673336412,1022.0,1022.0
2757,0.03814580882702921,0.10138888888888889,19.693927700760053,0.9846796183935823,0.9846796183935823,1022.0,1022.0
2758,0.3727046059374863,0.027182539682539683,19.86303346043967,0.9931456226054886,0.9931456226054886,274.0,274.0
2759,0.3727046059374863,0.02896825396825397,19.85504590460683,0.9927465022783782,0.9927465022783782,292.0,292.0
276,0.15650215272444684,3.993055555555556E-4,44.15819669224443,0.9812819402568808,0.9812819402568808,23.0,23.0
2760,0.06785876507981073,0.03015873015873016,19.353299919447572,0.9676413462930791,0.9676413462930791,304.0,304.0
2761,0.06785876507981073,0.03194444444444445,19.351787703285126,0.967567213589913,0.967567213589913,322.0,322.0
2762,0.06491246717603098,0.09801587301587303,19.639015604363735,0.9819414227435064,0.9819414227435064,988.0,988.0
2763,0.06491246717603098,0.09801587301587301,19.675850847991715,0.9837827496935247,0.9837827496935247,988.0,988.0
2764,0.33866788738366826,0.02251984126984127,19.985430797948993,0.9992695499244832,0.9992695499244832,227.0,227.0
2765,0.33866788738366826,0.00376984126984127,19.997066614272697,0.9998505522608139,0.9998505522608139,38.0,38.0
2766,0.09871262933671898,9.920634920634922E-4,19.978825797993753,0.9989271911139325,0.9989271911139325,10.0,10.0
2767,0.09871262933671898,0.0032738095238095235,19.962940348725663,0.9981321175831555,0.9981321175831555,33.0,33.0
2768,0.06911418076853153,9.920634920634922E-5,20.000888325298515,1.0,1.0,1.0,1.0
2769,0.06911418076853153,9.920634920634922E-5,19.99191356771665,0.999551724790333,0.999551724790333,1.0,1.0
277,0.07825107636222342,0.03993055555555556,42.34126893279354,0.9409106395386424,0.9409106395386424,1150.0,1150.0
2770,0.021635691943152315,0.0014880952380952382,19.930401874693825,0.9964258311119177,0.9964258311119177,15.0,15.0
2771,0.021635691943152315,0.00376984126984127,19.958009050950253,0.9978005114534879,0.9978005114534879,38.0,38.0
2772,0.5490041243589867,0.0015873015873015875,20.000150249872014,1.0,1.0,16.0,16.0
2773,0.5490041243589867,0.0015873015873015875,19.99522597045443,0.9997548033459627,0.9997548033459627,16.0,16.0
2774,0.1925668147882938,0.04642857142857143,19.87310258990682,0.9936547529095011,0.9936547529095011,468.0,468.0
2775,0.1925668147882938,0.07787698412698413,19.896575002117018,0.9948283815324755,0.9948283815324755,785.0,785.0
2776,0.08044838658020825,0.009722222222222222,19.71207704327202,0.9855752662343745,0.9855752662343745,98.0,98.0
2777,0.08044838658020825,0.01984126984126984,19.668741586412516,0.9834115561695307,0.9834115561695307,200.0,200.0
2778,0.06905559324948136,0.0036706349206349206,20.000010916985755,1.0,1.0,37.0,37.0
2779,0.06905559324948136,0.0036706349206349206,19.76251078734655,0.9881251413522217,0.9881251413522217,37.0,37.0
278,0.2307239757877916,0.0021825396825396826,19.976838337393218,0.9988351082385974,0.9988351082385974,22.0,22.0
2780,0.0723702377220735,0.0047619047619047615,19.530517290238443,0.9764909106070878,0.9764909106070878,48.0,48.0
2781,0.0723702377220735,0.005158730158730159,19.550266468376186,0.9774793975699996,0.9774793975699996,52.0,52.0
2782,0.12205481953304,0.006845238095238096,19.989814719367867,0.9994639991761294,0.9994639991761294,69.0,69.0
2783,0.12205481953304,0.006646825396825397,19.991395453366394,0.9995434472113213,0.9995434472113213,67.0,67.0
2784,0.18376987861971625,0.07529761904761904,19.5844479912482,0.9792143886147533,0.9792143886147533,759.0,759.0
2785,0.18376987861971625,0.03720238095238095,19.70245673450527,0.9851142795766301,0.9851142795766301,375.0,375.0
2786,0.03169558895195993,0.0010912698412698415,19.898287958940227,0.9948820488082081,0.9948820488082081,11.0,11.0
2787,0.03169558895195993,0.0025793650793650793,19.81634055542727,0.9907876878547746,0.9907876878547746,26.0,26.0
2788,0.28972527017778965,9.92063492063492E-4,20.000210405369945,1.0,1.0,10.0,10.0
2789,0.28972527017778965,9.92063492063492E-4,19.973480564419372,0.9986643846415127,0.9986643846415127,10.0,10.0
279,0.2307239757877916,0.0023809523809523807,19.96285013584095,0.998136173181756,0.998136173181756,24.0,24.0
2790,0.025051160928913352,0.0010912698412698415,19.816793356176877,0.9907976681350825,0.9907976681350825,11.0,11.0
2791,0.025051160928913352,0.1390873015873016,18.875624576454832,0.9437595048535548,0.9437595048535548,1402.0,1402.0
2792,0.46545472965698687,0.0014880952380952382,20.000203229433314,1.0,1.0,15.0,15.0
2793,0.46545472965698687,0.0014880952380952382,19.99314214577828,0.9996483218498696,0.9996483218498696,15.0,15.0
2794,0.02431029456843995,9.92063492063492E-5,19.977852786421543,0.9986996937964984,0.9986996937964984,1.0,1.0
2795,0.02431029456843995,3.968253968253969E-4,19.899712553880132,0.9947987751859932,0.9947987751859932,4.0,4.0
2796,0.06595454218750939,0.1380952380952381,19.889390584960562,0.9944365275065838,0.9944365275065838,1392.0,1392.0
2797,0.06595454218750939,9.920634920634919E-5,19.999137726410115,0.9998887305501317,0.9998887305501317,1.0,1.0
2798,0.12465154285219553,0.0,20.000247549489856,1.0,1.0,0.0,0.0
2799,0.12465154285219553,0.0,20.000247549489856,1.0,1.0,0.0,0.0
28,0.16341376249692172,0.0076388888888888895,19.87571943665052,0.9937746479614967,0.9937746479614967,77.0,77.0
280,0.9508036977415797,0.0013357843137254903,69.43819661138016,0.991968053319759,0.991968053319759,109.0,109.0
2802,0.21872906705285805,0.1384920634920635,19.541059647646478,0.9770501579690329,0.9770501579690329,1396.0,1396.0
2803,0.21872906705285805,1.984126984126984E-4,19.993565766600632,0.9996725167028722,0.9996725167028722,2.0,2.0
2804,0.12130339112428447,9.92063492063492E-5,20.00055913013759,1.0,1.0,1.0,1.0
2805,0.12130339112428447,9.92063492063492E-5,19.998987116493836,0.9999216905314258,0.9999216905314258,1.0,1.0
2808,0.06558870722301469,0.0017857142857142859,19.950853386352602,0.9974735325539407,0.9974735325539407,18.0,18.0
2809,0.06558870722301469,0.0032738095238095243,19.933924916016295,0.9966313767385875,0.9966313767385875,33.0,33.0
281,0.11975278955927098,9.920634920634922E-4,19.979395330582253,0.998947684944765,0.998947684944765,10.0,10.0
2810,0.05879907430997017,0.002281746031746032,19.88309969511125,0.9940885422698101,0.9940885422698101,23.0,23.0
2811,0.05879907430997017,0.00376984126984127,19.812014552380635,0.9905416676316962,0.9905416676316962,38.0,38.0
2812,0.0825207654630149,0.001388888888888889,19.984659302254922,0.9991874321296815,0.9991874321296815,14.0,14.0
2813,0.0825207654630149,0.0026785714285714286,19.962199853363504,0.9980701513079937,0.9980701513079937,27.0,27.0
2814,0.4397310986373435,0.00992063492063492,20.000151041609538,1.0,1.0,100.0,100.0
2815,0.4397310986373435,0.009920634920634922,19.916134782116778,0.9958021763905507,0.9958021763905507,100.0,100.0
2816,0.24368156194751917,9.920634920634922E-4,20.000310588004854,1.0,1.0,10.0,10.0
2817,0.24368156194751917,9.920634920634922E-4,19.99508323410117,0.9997399264215028,0.9997399264215028,10.0,10.0
282,0.11975278955927098,9.920634920634922E-4,19.96253887731665,0.9981058329005772,0.9981058329005772,10.0,10.0
2822,0.268148843325992,0.0019841269841269845,19.969120102958144,0.9984413090958303,0.9984413090958303,20.0,20.0
2823,0.268148843325992,0.0021825396825396826,19.95039530598893,0.9975060945533284,0.9975060945533284,22.0,22.0
2824,0.012010601809055825,0.0015873015873015875,19.075792470634614,0.9534393514238916,0.9534393514238916,16.0,16.0
2825,0.012010601809055825,0.002777777777777778,18.784350576899136,0.9388891487438578,0.9388891487438578,28.0,28.0
2828,0.21229170281588947,9.920634920634922E-4,19.98763673104183,0.9993689955984456,0.9993689955984456,10.0,10.0
2829,0.21229170281588947,0.0,20.000265103559144,1.0,1.0,0.0,0.0
283,0.09058150722478962,0.004265873015873016,19.796109168560285,0.9897745779479725,0.9897745779479725,43.0,43.0
2832,0.07413649626899886,0.005654761904761905,19.83489384858817,0.9917095822791194,0.9917095822791194,57.0,57.0
2833,0.07413649626899886,0.012003968253968255,19.59083581712708,0.9795177915131186,0.9795177915131186,121.0,121.0
2838,0.045285153440514696,0.004662698412698413,20.000803875089304,1.0,1.0,47.0,47.0
2839,0.045285153440514696,0.004662698412698413,19.489811114975044,0.974461247802788,0.974461247802788,47.0,47.0
284,0.09058150722478962,0.0020833333333333337,19.864347272196117,0.993183051965315,0.993183051965315,21.0,21.0
2840,0.018523990525093566,0.01011904761904762,18.552124058678054,0.9275505125315359,0.9275505125315359,102.0,102.0
2841,0.018523990525093566,0.0036706349206349206,19.30809315342405,0.9653290778394189,0.9653290778394189,37.0,37.0
2842,0.12430800799849424,0.010317460317460319,19.785263527134642,0.9892512566620021,0.9892512566620021,104.0,104.0
2843,0.12430800799849424,0.010317460317460317,19.785263527134642,0.9892512566620021,0.9892512566620021,104.0,104.0
2844,0.04917644475587439,0.0014880952380952382,19.960325003696365,0.9979411118896859,0.9979411118896859,15.0,15.0
2845,0.04917644475587439,0.0014880952380952382,19.95687563344224,0.9977695378804932,0.9977695378804932,15.0,15.0
2846,0.035188467569198176,3.968253968253969E-4,20.002918561363245,1.0,1.0,4.0,4.0
2847,0.035188467569198176,3.968253968253969E-4,19.923502212074975,0.9960352628717599,0.9960352628717599,4.0,4.0
2848,0.04583725643656738,0.012698412698412698,19.281683914404482,0.964034265315427,0.964034265315427,128.0,128.0
2849,0.04583725643656738,0.012698412698412698,19.307208014190504,0.9653104703047282,0.9653104703047282,128.0,128.0
285,0.08395687188442759,0.005357142857142857,19.711246545374713,0.9855507314322423,0.9855507314322423,54.0,54.0
2850,0.2061567354747176,0.02400793650793651,19.74857110465541,0.9874254550355542,0.9874254550355542,242.0,242.0
2851,0.2061567354747176,0.02400793650793651,19.78493779867987,0.9892437897367772,0.9892437897367772,242.0,242.0
2858,0.1386242376116207,0.004563492063492064,19.995090698758823,0.9997419650046635,0.9997419650046635,46.0,46.0
2859,0.1386242376116207,0.003571428571428571,19.992690663865897,0.9996228719298929,0.9996228719298929,36.0,36.0
286,0.08395687188442759,0.004365079365079365,19.699683864087692,0.984972760689532,0.984972760689532,44.0,44.0
2860,0.33379215671990176,9.920634920634922E-4,19.984519419284087,0.9992166907527171,0.9992166907527171,10.0,10.0
2861,0.33379215671990176,9.920634920634922E-4,19.968843036303827,0.9984333815054343,0.9984333815054343,10.0,10.0
2862,0.1367515040239802,3.968253968253968E-4,20.00021996694409,1.0,1.0,4.0,4.0
2863,0.1367515040239802,3.968253968253968E-4,19.9873864924653,0.9993587845405274,0.9993587845405274,4.0,4.0
2864,0.09613320459453426,0.00248015873015873,19.88011530819792,0.9939581321789598,0.9939581321789598,25.0,25.0
2865,0.09613320459453426,0.003174603174603175,19.815574627774108,0.990735802674405,0.990735802674405,32.0,32.0
2866,0.31388879496041183,0.15316666666666667,29.75399357480004,0.9917919919952161,0.9917919919952161,2757.0,2757.0
2867,0.31388879496041183,0.155,24.08773698836112,0.7425125127190382,0.8029165911953577,2790.0,2790.0
2868,0.21336683827052547,0.21772222222222223,29.143320031662252,0.971443640810626,0.971443640810626,3919.0,3919.0
2869,0.21336683827052547,0.2177222222222222,26.775889624394836,0.8593248082320321,0.8925292855239263,3919.0,3919.0
287,0.09135200075990611,0.020734126984126987,19.6498010469786,0.9824781886932195,0.9824781886932195,209.0,209.0
2870,0.08639696624156867,0.16233333333333333,29.03877692494373,0.9679317540155047,0.9679317540155047,2922.0,2922.0
2871,0.08639696624156867,0.17094444444444445,27.075843308408462,0.8845217558046408,0.9024999944686094,3077.0,3077.0
2872,0.20966480322475453,0.14255555555555557,29.437713216786786,0.9812432848698571,0.9812432848698571,2566.0,2566.0
2873,0.20966480322475453,0.13405555555555554,28.500940721931908,0.9323894228120452,0.950017213591213,2413.0,2413.0
2874,0.09678804509286967,0.11855555555555555,29.455852817321855,0.9818399543887367,0.9818399543887367,2134.0,2134.0
2875,0.09678804509286967,0.11644444444444445,29.40780500717958,0.980237853596661,0.980237853596661,2096.0,2096.0
2876,0.13727403960380608,0.11094444444444444,29.477963453304447,0.9825747230485947,0.9825747230485947,1997.0,1997.0
2877,0.13727403960380608,0.11038888888888888,29.33390864679027,0.9777723366594813,0.9777723366594813,1987.0,1987.0
2878,0.06157568285115529,0.00248015873015873,19.778229616328996,0.9888634729035689,0.9888634729035689,25.0,25.0
2879,0.06157568285115529,0.00248015873015873,19.714545481646926,0.9856816080188743,0.9856816080188743,25.0,25.0
288,0.09135200075990611,0.007242063492063492,19.7478712365318,0.9873801011403032,0.9873801011403032,73.0,73.0
2880,0.036947737807910046,0.0021825396825396826,19.845518944756193,0.9922007322639242,0.9922007322639242,22.0,22.0
2881,0.036947737807910046,0.0027777777777777775,19.793430968523236,0.989600976351899,0.989600976351899,28.0,28.0
2882,0.03191662799146515,5.952380952380953E-4,19.959005526696178,0.997786397903331,0.997786397903331,6.0,6.0
2883,0.03191662799146515,0.0,20.003457654817996,1.0,1.0,0.0,0.0
2884,0.10605357346056228,0.004662698412698413,19.820365761163238,0.9909912610599598,0.9909912610599598,47.0,47.0
2885,0.10605357346056228,0.01646825396825397,19.659037408559932,0.9829308104293977,0.9829308104293977,166.0,166.0
2886,0.12519980247479998,0.004265873015873016,19.941886038402632,0.9970577455781231,0.9970577455781231,43.0,43.0
2887,0.12519980247479998,0.018253968253968255,19.84066369849059,0.9920068821906455,0.9920068821906455,184.0,184.0
2888,0.049702871151916385,0.00505952380952381,19.96234109422854,0.9980737274692281,0.9980737274692281,51.0,51.0
2889,0.049702871151916385,0.017162698412698414,19.949194628986145,0.9974248289486469,0.9974248289486469,173.0,173.0
289,0.11511421874183773,0.01121031746031746,19.885428050563654,0.994254529533166,0.994254529533166,113.0,113.0
2890,0.0768501558288506,0.0020833333333333337,19.965248816813705,0.9982607088457616,0.9982607088457616,21.0,21.0
2891,0.0768501558288506,0.015773809523809527,19.918031459166436,0.9959002422792951,0.9959002422792951,159.0,159.0
2892,0.01563949146566483,0.004464285714285715,19.692425399662163,0.9845923719849725,0.9845923719849725,45.0,45.0
2893,0.01563949146566483,0.01676587301587302,19.5064507273519,0.9752980533413966,0.9752980533413966,169.0,169.0
2894,0.23226132231022778,0.005853174603174603,19.967790689134286,0.9983888808846876,0.9983888808846876,59.0,59.0
2895,0.23226132231022778,0.01597222222222222,19.96555386929878,0.9982771251414375,0.9982771251414375,161.0,161.0
2896,0.08784388921424707,0.008234126984126984,19.888800640410288,0.9944038602279117,0.9944038602279117,83.0,83.0
2897,0.08784388921424707,0.017757936507936507,19.90630081611378,0.9952794619932929,0.9952794619932929,179.0,179.0
2898,0.06792181478774276,0.007738095238095238,19.595406091703953,0.9797197708813832,0.9797197708813832,78.0,78.0
2899,0.06792181478774276,0.02132936507936508,19.483759124151234,0.97414216003848,0.97414216003848,215.0,215.0
29,0.16341376249692172,0.006448412698412699,19.890447722211714,0.9945107242135555,0.9945107242135555,65.0,65.0
290,0.11511421874183773,0.009821428571428571,19.886647972316997,0.9943169317037512,0.9943169317037512,99.0,99.0
2900,0.3222662820567252,0.003472222222222222,19.947724733595017,0.9973726980143287,0.9973726980143287,35.0,35.0
2901,0.3222662820567252,0.004365079365079365,19.90336144401874,0.9951565392637256,0.9951565392637256,44.0,44.0
2902,0.05790974439915164,0.012103174603174604,19.609420321797955,0.9804227899331741,0.9804227899331741,122.0,122.0
2903,0.05790974439915164,0.004761904761904762,19.728226263992124,0.9863578123069909,0.9863578123069909,48.0,48.0
2904,0.08860595063694114,0.16160714285714287,19.945703467068704,0.9972830368076009,0.9972830368076009,1629.0,1629.0
2905,0.08860595063694114,0.14950396825396825,19.69320266337958,0.9846580895164421,0.9846580895164421,1507.0,1507.0
2906,0.09197517545045737,0.003472222222222222,19.886116463911993,0.9942807372565741,0.9942807372565741,35.0,35.0
2907,0.09197517545045737,0.00248015873015873,19.89157007039423,0.9945530831014991,0.9945530831014991,25.0,25.0
2908,0.023583385851109178,0.005456349206349206,18.899000419464393,0.9449486059624747,0.9449486059624747,55.0,55.0
2909,0.023583385851109178,0.0037698412698412695,19.24504285673199,0.9622504726599826,0.9622504726599826,38.0,38.0
291,0.11037943933396863,0.006349206349206349,19.95355036341311,0.9976677962103584,0.9976677962103584,64.0,64.0
2910,0.06255640890206549,8.928571428571428E-4,19.93603584098629,0.9967888611214053,0.9967888611214053,9.0,9.0
2911,0.06255640890206549,0.002281746031746032,19.769019673791053,0.9884399000370592,0.9884399000370592,23.0,23.0
2912,0.013175687077640592,0.0,20.0052608517529,1.0,1.0,0.0,0.0
2913,0.013175687077640592,0.0,20.0052608517529,1.0,1.0,0.0,0.0
2914,0.1164118447010935,0.0012896825396825399,19.999669682275822,0.9999772480387881,0.9999772480387881,13.0,13.0
2915,0.1164118447010935,0.0012896825396825399,19.994649809372355,0.9997269764654573,0.9997269764654573,13.0,13.0
2916,0.026138073626540588,9.92063492063492E-5,20.00362777541372,1.0,1.0,1.0,1.0
2917,0.026138073626540588,9.92063492063492E-5,19.991292204952213,0.9993851109432861,0.9993851109432861,1.0,1.0
2918,0.05500478913425998,5.952380952380953E-4,19.989240414927664,0.9993803877760425,0.9993803877760425,6.0,6.0
2919,0.05500478913425998,0.001984126984126984,19.972572297008192,0.9985542381440992,0.9985542381440992,20.0,20.0
292,0.11037943933396863,0.00625,19.961800487603316,0.998079361585001,0.998079361585001,63.0,63.0
2920,0.10903463584759737,0.02599206349206349,19.776393613796614,0.9888139565557599,0.9888139565557599,262.0,262.0
2921,0.10903463584759737,0.020436507936507937,19.777162599111794,0.9888516591953357,0.9888516591953357,206.0,206.0
2922,0.4686302416182231,0.04107142857142858,19.908303729177778,0.9954126672095627,0.9954126672095627,414.0,414.0
2923,0.4686302416182231,0.03442460317460318,19.9130637287359,0.9956503385897305,0.9956503385897305,347.0,347.0
2924,0.6195494553743971,0.028273809523809524,19.950358589658855,0.9975136326862217,0.9975136326862217,285.0,285.0
2925,0.6195494553743971,0.03293650793650794,19.950164219948302,0.9975040827025263,0.9975040827025263,332.0,332.0
2926,0.05842923616828076,0.002281746031746032,19.881575788486558,0.9940572089335009,0.9940572089335009,23.0,23.0
2927,0.05842923616828076,2.9761904761904775E-4,19.973055344538487,0.9986285866769617,0.9986285866769617,3.0,3.0
2928,0.05806499441889211,0.003968253968253969,19.797951256951382,0.9898439170183776,0.9898439170183776,40.0,40.0
2929,0.05806499441889211,9.920634920634922E-4,19.918150280593732,0.9958462045106105,0.9958462045106105,10.0,10.0
293,0.14348587262850557,0.0062499999999999995,19.964311645330184,0.9982026778451146,0.9982026778451146,63.0,63.0
2930,0.042367831022440725,9.92063492063492E-5,20.000549656541647,1.0,1.0,1.0,1.0
2931,0.042367831022440725,4.960317460317461E-4,19.95185040151856,0.9975664686460894,0.9975664686460894,5.0,5.0
2932,0.05286042600038694,0.0020833333333333337,19.860079864619838,0.9929252849176824,0.9929252849176824,21.0,21.0
2933,0.05286042600038694,0.0010912698412698413,19.89045766356425,0.9944412952924647,0.9944412952924647,11.0,11.0
2934,0.6574431334297974,0.008432539682539684,20.000129123511865,1.0,1.0,85.0,85.0
2935,0.6574431334297974,0.008432539682539684,19.961940851753184,0.9980928057224262,0.9980928057224262,85.0,85.0
2936,0.1621972841460542,0.004464285714285714,19.877361895804484,0.9938545990341578,0.9938545990341578,45.0,45.0
2937,0.1621972841460542,0.001388888888888889,19.944446403633343,0.9972066359246172,0.9972066359246172,14.0,14.0
2938,0.03495340205581146,0.0033730158730158727,19.558778678977045,0.9778628865639395,0.9778628865639395,34.0,34.0
2939,0.03495340205581146,0.001488095238095238,19.769811123775483,0.9884043691525397,0.9884043691525397,15.0,15.0
294,0.14348587262850557,0.0017857142857142857,19.982332797587073,0.9991013389225573,0.9991013389225573,18.0,18.0
2940,0.1752046144603163,0.0077380952380952375,19.903857552179385,0.9951753187797597,0.9951753187797597,78.0,78.0
2941,0.1752046144603163,0.0041666666666666675,19.918782187681963,0.9959196300579438,0.9959196300579438,42.0,42.0
2942,0.21217201691247825,0.004067460317460318,19.926944796448776,0.9963264881816729,0.9963264881816729,41.0,41.0
2943,0.21217201691247825,0.0010912698412698413,19.961561053966673,0.9980551996255915,0.9980551996255915,11.0,11.0
2944,0.06438757308136328,0.0012896825396825399,19.94422994041736,0.9971511330183708,0.9971511330183708,13.0,13.0
2945,0.06438757308136328,2.9761904761904765E-4,19.979909373145112,0.998931674881889,0.998931674881889,3.0,3.0
2946,0.0389432181026306,0.0016865079365079366,19.61507118017328,0.9806597511420607,0.9806597511420607,17.0,17.0
2947,0.0389432181026306,0.0020833333333333337,19.58926101925983,0.9793704012181981,0.9793704012181981,21.0,21.0
2948,0.29621398393126935,0.001884920634920635,19.997562772769296,0.9998685411087246,0.9998685411087246,19.0,19.0
2949,0.29621398393126935,0.0041666666666666675,19.92125802038485,0.9960562332617389,0.9960562332617389,42.0,42.0
295,0.02727950200929903,0.0012896825396825397,20.001264202337374,1.0,1.0,13.0,13.0
2950,0.23606920189542563,0.005555555555555556,19.941144387400584,0.9970491647742826,0.9970491647742826,56.0,56.0
2951,0.23606920189542563,0.001984126984126984,19.968218321567775,0.9984016309194031,0.9984016309194031,20.0,20.0
2952,0.06313117586156808,0.009722222222222222,19.50728743734174,0.9753324110992363,0.9753324110992363,98.0,98.0
2953,0.06313117586156808,0.00972222222222222,19.569751273485625,0.9784556029064304,0.9784556029064304,98.0,98.0
2954,0.05862633091119055,6.944444444444444E-4,19.958974535517658,0.9978822896023405,0.9978822896023405,7.0,7.0
2955,0.05862633091119055,0.001884920634920635,19.86563466067801,0.9932233267274894,0.9932233267274894,19.0,19.0
2956,0.12419438894294492,6.944444444444445E-4,20.00088575622268,1.0,1.0,7.0,7.0
2957,0.12419438894294492,6.944444444444445E-4,19.95992379725998,0.9979551313714269,0.9979551313714269,7.0,7.0
2958,0.0814191838452032,0.005853174603174603,19.866818718072196,0.9933187141381259,0.9933187141381259,59.0,59.0
2959,0.0814191838452032,0.0011904761904761906,19.957492011472755,0.9978465818258536,0.9978465818258536,12.0,12.0
296,0.02727950200929903,0.0012896825396825399,19.956261357882116,0.9977577590418456,0.9977577590418456,13.0,13.0
2960,0.128492122036753,0.004464285714285715,19.844409133436777,0.992200011848459,0.992200011848459,45.0,45.0
2961,0.128492122036753,0.006150793650793651,19.735566035224974,0.9867623128609132,0.9867623128609132,62.0,62.0
2962,0.0730725597351541,0.0021825396825396826,20.000092377902742,1.0,1.0,22.0,22.0
2963,0.0730725597351541,0.0021825396825396826,19.79842477975889,0.9899173899086636,0.9899173899086636,22.0,22.0
2964,0.02743829282577622,0.0,20.003615668852653,1.0,1.0,0.0,0.0
2965,0.02743829282577622,0.0,20.003615668852653,1.0,1.0,0.0,0.0
2966,0.14455527939723126,0.003273809523809524,19.90232408792456,0.9950846272336116,0.9950846272336116,33.0,33.0
2967,0.14455527939723126,0.0010912698412698413,19.932602971537108,0.9965970496232696,0.9965970496232696,11.0,11.0
2968,0.12521210272580124,0.01994047619047619,19.784671184490144,0.9892295169581279,0.9892295169581279,201.0,201.0
2969,0.12521210272580124,0.007638888888888889,19.899594339530815,0.9949736123293559,0.9949736123293559,77.0,77.0
297,0.06326436418022674,0.01507936507936508,19.569895501357642,0.9784642427273416,0.9784642427273416,152.0,152.0
2970,0.1263898236801617,0.016765873015873015,19.895980485915562,0.9947951721339396,0.9947951721339396,169.0,169.0
2971,0.1263898236801617,0.010615079365079366,19.93832971545445,0.9969110927461489,0.9969110927461489,107.0,107.0
2972,0.1338922631864314,0.02023809523809524,19.65549534967949,0.9827616413265218,0.9827616413265218,204.0,204.0
2973,0.1338922631864314,0.03204365079365079,19.668220572067508,0.9833973773996244,0.9833973773996244,323.0,323.0
2974,0.04394493525488849,0.015773809523809523,19.8947534497306,0.9947317390164021,0.9947317390164021,159.0,159.0
2975,0.04394493525488849,0.04027777777777778,19.81275067241122,0.990631832835536,0.990631832835536,406.0,406.0
2976,0.06723607315010809,0.006845238095238095,19.49764661989774,0.9748560127251741,0.9748560127251741,69.0,69.0
2977,0.06723607315010809,0.006845238095238095,19.569066654749765,0.9784253165148907,0.9784253165148907,69.0,69.0
2978,0.07948097400835867,0.0010912698412698415,20.000804307989043,1.0,1.0,11.0,11.0
2979,0.07948097400835867,0.0010912698412698415,19.89477226626183,0.9947030059281599,0.9947030059281599,11.0,11.0
298,0.06326436418022674,0.011111111111111112,19.564669214531804,0.9782039996962443,0.9782039996962443,112.0,112.0
2980,0.03889576567292045,0.001388888888888889,20.000679391874534,1.0,1.0,14.0,14.0
2981,0.03889576567292045,0.001388888888888889,19.714497795732207,0.9856948125421647,0.9856948125421647,14.0,14.0
2982,0.060707638338426975,7.936507936507937E-4,20.000686191849283,1.0,1.0,8.0,8.0
2983,0.060707638338426975,7.936507936507938E-4,19.991007829496976,0.9995185836235019,0.9995185836235019,8.0,8.0
2984,0.29282576205405514,0.00505952380952381,19.999093960824837,0.9999427352927929,0.9999427352927929,51.0,51.0
2985,0.29282576205405514,0.0029761904761904765,19.98187677156232,0.9990837646846853,0.9990837646846853,30.0,30.0
2986,0.09551622398291748,0.0015873015873015873,19.90754710920528,0.9953293999822057,0.9953293999822057,16.0,16.0
2987,0.09551622398291748,8.928571428571429E-4,19.92625181414997,0.9962635199857646,0.9962635199857646,9.0,9.0
2988,0.05762217975678941,6.944444444444445E-4,20.001913713667136,1.0,1.0,7.0,7.0
2989,0.05762217975678941,6.944444444444445E-4,19.930429601588177,0.9964317747512619,0.9964317747512619,7.0,7.0
299,0.02684214861548864,0.016567460317460318,19.687175544608166,0.9842879282771949,0.9842879282771949,167.0,167.0
2990,0.07523846867452534,0.0014880952380952382,20.001365177100222,1.0,1.0,15.0,15.0
2991,0.07523846867452534,0.0014880952380952382,19.926389821622372,0.9962590535532442,0.9962590535532442,15.0,15.0
2992,0.24606019572887303,0.004861111111111111,19.92148678809196,0.996060195728873,0.996060195728873,49.0,49.0
2993,0.24606019572887303,0.0017857142857142857,19.951070679314725,0.9975376223305457,0.9975376223305457,18.0,18.0
2994,0.19870062155955903,0.010218253968253968,19.929216129841304,0.9964588188257182,0.9964588188257182,103.0,103.0
2995,0.19870062155955903,0.0,20.00006256261289,1.0,1.0,0.0,0.0
2996,0.20107240126681478,0.0030753968253968253,19.950034656367794,0.9975009443998574,0.9975009443998574,31.0,31.0
2997,0.20107240126681478,0.006349206349206349,19.85461227410179,0.9927300200723123,0.9927300200723123,64.0,64.0
2998,0.019819772655334064,0.004563492063492063,19.394133035993402,0.9695939976690717,0.9695939976690717,46.0,46.0
2999,0.019819772655334064,0.004563492063492064,19.332196246445484,0.9664971581916758,0.9664971581916758,46.0,46.0
3,0.07571751776785363,0.1642483660130719,67.50984500210673,0.9644212052287223,0.9644212052287223,5026.0,5026.0
30,0.1738824194536844,0.002976190476190476,20.00053390099252,1.0,1.0,30.0,30.0
300,0.02684214861548864,0.010912698412698412,19.638621146127093,0.9818602083531414,0.9818602083531414,110.0,110.0
3000,0.06352267311191176,0.0016865079365079364,19.872398000526093,0.9936137630919041,0.9936137630919041,17.0,17.0
3001,0.06352267311191176,0.002281746031746032,19.83309216597416,0.9916487671201822,0.9916487671201822,23.0,23.0
3002,0.21917621550178482,0.0019841269841269845,20.000364396502633,1.0,1.0,20.0,20.0
3003,0.21917621550178482,0.0019841269841269845,19.957472990042945,0.9978582765246925,0.9978582765246925,20.0,20.0
3004,0.0745688078247193,0.006051587301587302,19.7511326073793,0.9875365899144605,0.9875365899144605,61.0,61.0
3005,0.0745688078247193,0.006051587301587301,19.694809561556013,0.9847219331796023,0.9847219331796023,61.0,61.0
3006,0.0735114205278047,0.004464285714285714,19.69151145490875,0.9845725474442938,0.9845725474442938,45.0,45.0
3007,0.0735114205278047,0.004464285714285714,19.657225596310536,0.9828583860492154,0.9828583860492154,45.0,45.0
3008,0.07516030647418595,0.004067460317460318,19.83268220467991,0.9915866993813119,0.9915866993813119,41.0,41.0
3009,0.07516030647418595,0.007341269841269841,19.720294148196587,0.9859778323021866,0.9859778323021866,74.0,74.0
301,0.22714003241263367,7.936507936507938E-4,20.0001006893844,1.0,1.0,8.0,8.0
3010,0.018318055562827534,0.009424603174603174,18.573439509667114,0.9286269532579409,0.9286269532579409,95.0,95.0
3011,0.018318055562827534,0.0024801587301587305,19.305786703745127,0.9652285156897661,0.9652285156897661,25.0,25.0
3012,0.2130078722115319,0.0035714285714285718,19.95445313409072,0.9977132534655407,0.9977132534655407,36.0,36.0
3013,0.2130078722115319,8.928571428571429E-4,19.972054821251707,0.9985927713634097,0.9985927713634097,9.0,9.0
3014,0.21133769203614802,0.0022817460317460314,19.995284184638223,0.9997437992966097,0.9997437992966097,23.0,23.0
3015,0.21133769203614802,9.920634920634922E-5,19.995284184638223,0.9997437992966097,0.9997437992966097,1.0,1.0
3016,0.0967211990652044,0.0014880952380952382,19.96673426118621,0.998292291179794,0.998292291179794,15.0,15.0
3017,0.0967211990652044,9.92063492063492E-5,19.99409665451128,0.9996584582359588,0.9996584582359588,1.0,1.0
3018,0.04996159898632868,0.0023809523809523807,19.997926761317746,0.9998879970434587,0.9998879970434587,24.0,24.0
3019,0.04996159898632868,9.920634920634922E-4,19.998898993033816,0.9999359983105478,0.9999359983105478,10.0,10.0
302,0.22714003241263367,1.984126984126984E-4,19.99893198431363,0.9999416696312369,0.9999416696312369,2.0,2.0
3020,0.15411679327942596,0.05625,19.83347709105916,0.991673452341451,0.991673452341451,567.0,567.0
3021,0.15411679327942596,0.049305555555555554,19.80539334392199,0.9902692735422842,0.9902692735422842,497.0,497.0
3024,0.29376562106954873,6.944444444444444E-4,19.999340053408222,0.9999519700442291,0.9999519700442291,7.0,7.0
3025,0.29376562106954873,2.9761904761904775E-4,19.99885655541941,0.9999279550663436,0.9999279550663436,3.0,3.0
3026,0.30890550174264453,0.0011904761904761906,20.00035621512752,1.0,1.0,12.0,12.0
3027,0.30890550174264453,0.0010912698412698415,19.98554940379266,0.9992615147203795,0.9992615147203795,11.0,11.0
3028,0.061977804792376266,0.0027777777777777775,19.736258602548986,0.9868125759785582,0.9868125759785582,28.0,28.0
3029,0.061977804792376266,0.0010912698412698415,19.88278644419464,0.994138922657137,0.994138922657137,11.0,11.0
303,0.04075697648147764,0.11605555555555555,26.715174871848827,0.8904291448327066,0.8904291448327066,4178.0,4178.0
3030,0.2392747535002699,0.0020833333333333337,19.960537866277235,0.9980173060299331,0.9980173060299331,21.0,21.0
3031,0.2392747535002699,5.952380952380953E-4,19.973762437997635,0.9986782040199553,0.9986782040199553,6.0,6.0
3032,0.18691978907282258,3.968253968253969E-4,19.998158814631537,0.999891409936614,0.999891409936614,4.0,4.0
3033,0.18691978907282258,0.0,20.000334096066616,1.0,1.0,0.0,0.0
3034,0.09433335522390544,0.0015873015873015873,19.99706346395759,0.9998529701492866,0.9998529701492866,16.0,16.0
3035,0.09433335522390544,0.0017857142857142857,19.996573267765406,0.9998284651741677,0.9998284651741677,18.0,18.0
3036,0.057692727811105196,0.0020833333333333337,19.8146518167879,0.9906771364545294,0.9906771364545294,21.0,21.0
3037,0.057692727811105196,0.0014880952380952382,19.849654145872066,0.992425173369305,0.992425173369305,15.0,15.0
3038,0.1918251468575308,1.984126984126984E-4,20.00030493185562,1.0,1.0,2.0,2.0
3039,0.1918251468575308,0.0,20.00030493185562,1.0,1.0,0.0,0.0
304,0.04075697648147764,0.11327777777777777,23.558177244495376,0.7550542762970444,0.7851941072334305,4078.0,4078.0
3040,0.11240840768597678,8.928571428571428E-4,19.98528883132391,0.9992395966105911,0.9992395966105911,9.0,9.0
3041,0.11240840768597678,2.976190476190477E-4,19.977679511269052,0.9988593949158866,0.9988593949158866,3.0,3.0
3042,0.14377302670222575,0.00625,19.96435538123234,0.9982135724233979,0.9982135724233979,63.0,63.0
3043,0.14377302670222575,0.002678571428571429,19.979751219501466,0.9989831894769284,0.9989831894769284,27.0,27.0
3044,0.002014595655673794,0.006646825396825396,16.04024400156296,0.6476642011263302,0.8008210056316509,67.0,67.0
3045,0.002014595655673794,0.006646825396825397,15.330439900296817,0.5972406927460664,0.7654210425718662,67.0,67.0
3046,0.07166690594357142,0.007936507936507936,19.95038712190341,0.9975170954848787,0.9975170954848787,80.0,80.0
3047,0.07166690594357142,0.007936507936507936,19.93687111161011,0.9968415036419328,0.9968415036419328,80.0,80.0
3048,0.014210284684566872,0.010218253968253968,18.778831889002014,0.9387369953508137,0.9387369953508137,103.0,103.0
3049,0.014210284684566872,0.007936507936507936,18.960337706473958,0.9478018828803794,0.9478018828803794,80.0,80.0
305,0.05769971933580862,0.004861111111111111,19.733906340638452,0.9866257936081891,0.9866257936081891,49.0,49.0
3050,0.0610018216946488,0.010416666666666666,19.986960506063397,0.9993293603989812,0.9993293603989812,105.0,105.0
3051,0.0610018216946488,0.01121031746031746,19.96536122158916,0.9982497072570058,0.9982497072570058,113.0,113.0
3052,0.02987172214848157,1.9841269841269844E-4,19.96004469899098,0.9978364930094676,0.9978364930094676,2.0,2.0
3053,0.02987172214848157,3.968253968253969E-4,19.916704030695193,0.9956729860189353,0.9956729860189353,4.0,4.0
3054,0.0255252719467529,0.006646825396825397,19.54558527975798,0.9771933784608732,0.9771933784608732,67.0,67.0
3055,0.0255252719467529,0.01825396825396825,19.29294956103513,0.9645765291381264,0.9645765291381264,184.0,184.0
3056,0.09439401945877751,0.0022817460317460314,20.000106667655047,0.999955507365588,0.999955507365588,23.0,23.0
3057,0.09439401945877751,0.010813492063492063,19.992919876107255,0.9996108891114515,0.9996108891114515,109.0,109.0
3058,0.088430166867191,9.92063492063492E-4,19.998378831443794,0.9998924870261645,0.9998924870261645,10.0,10.0
3059,0.088430166867191,0.005257936507936508,19.96307750320417,0.9981344563977006,0.9981344563977006,53.0,53.0
306,0.05769971933580862,0.004464285714285715,19.698959964032806,0.9848813319049095,0.9848813319049095,45.0,45.0
3060,0.049672116423481266,1.984126984126984E-4,20.002194532945477,1.0,1.0,2.0,2.0
3061,0.049672116423481266,0.002380952380952381,19.979969872353315,0.9989070547449376,0.9989070547449376,24.0,24.0
3062,0.03357408416085561,0.0028769841269841267,19.31749987389935,0.9658333981769289,0.9658333981769289,29.0,29.0
3063,0.03357408416085561,0.0011904761904761906,19.744755711346233,0.9871875243163484,0.9871875243163484,12.0,12.0
3064,0.4083405355668816,0.0017857142857142859,20.00008065251866,1.0,1.0,18.0,18.0
3065,0.4083405355668816,0.0017857142857142859,19.98181762842056,0.9990873948798569,0.9990873948798569,18.0,18.0
3066,0.29243681153287937,0.0017857142857142859,19.98743112373239,0.999360777256931,0.999360777256931,18.0,18.0
3067,0.29243681153287937,9.92063492063492E-5,19.99881490692814,0.9999289752507701,0.9999289752507701,1.0,1.0
3068,0.06236425459644908,7.936507936507938E-4,20.00100815565405,1.0,1.0,8.0,8.0
3069,0.06236425459644908,7.936507936507938E-4,19.906819380268264,0.9952942367981995,0.9952942367981995,8.0,8.0
307,0.060067163664051654,0.00248015873015873,19.939634678062333,0.9969749250113618,0.9969749250113618,25.0,25.0
3070,0.033808035322840595,0.0023809523809523807,19.5112525488746,0.97550302744941,0.97550302744941,24.0,24.0
3071,0.033808035322840595,0.001388888888888889,19.756359812828933,0.987751513724705,0.987751513724705,14.0,14.0
3072,0.06177915511898851,0.005753968253968254,19.480989876324927,0.9740350949029598,0.9740350949029598,58.0,58.0
3073,0.06177915511898851,0.0014880952380952382,19.847664717858493,0.9923632632067528,0.9923632632067528,15.0,15.0
3074,0.060012989971419996,0.00505952380952381,19.8806224137872,0.9940102483289576,0.9940102483289576,51.0,51.0
3075,0.060012989971419996,0.0011904761904761906,19.970625231555854,0.9985025620822394,0.9985025620822394,12.0,12.0
3076,0.08544063111245002,0.00496031746031746,19.749738655265112,0.9874731260465307,0.9874731260465307,50.0,50.0
3077,0.08544063111245002,9.920634920634922E-4,19.943805112482536,0.997171351042765,0.997171351042765,10.0,10.0
3078,0.1716899837632037,0.004265873015873016,19.98464357195268,0.9992273957852957,0.9992273957852957,43.0,43.0
3079,0.1716899837632037,0.0025793650793650797,19.989159729784667,0.9994527386812512,0.9994527386812512,26.0,26.0
308,0.060067163664051654,0.001884920634920635,19.943195313583736,0.9971528705989288,0.9971528705989288,19.0,19.0
3080,0.8793963775024449,9.92063492063492E-5,20.00004396338896,1.0,1.0,1.0,1.0
3081,0.8793963775024449,0.0,20.00004396338896,1.0,1.0,0.0,0.0
3082,0.06214309398606143,0.0012896825396825399,19.859850820282848,0.9929319176865543,0.9929319176865543,13.0,13.0
3083,0.06214309398606143,0.0028769841269841267,19.6617471372305,0.9830366024477304,0.9830366024477304,29.0,29.0
3084,0.07618276335190266,0.0016865079365079366,19.949876994110934,0.997436583958415,0.997436583958415,17.0,17.0
3085,0.07618276335190266,0.003174603174603175,19.915589035942883,0.9957276399306917,0.9957276399306917,32.0,32.0
3086,0.06841760077291857,0.002281746031746032,19.824629640244357,0.9912201043477608,0.9912201043477608,23.0,23.0
3087,0.06841760077291857,0.0030753968253968257,19.734281498726222,0.9867032661550771,0.9867032661550771,31.0,31.0
3088,0.06366405787880855,9.92063492063492E-4,19.93517619589417,0.9967158966382802,0.9967158966382802,10.0,10.0
3089,0.06366405787880855,2.9761904761904765E-4,19.97274737936615,0.9985925271306915,0.9985925271306915,3.0,3.0
309,0.29558404037179375,0.0017857142857142857,19.99391356627912,0.9996933361369301,0.9996933361369301,18.0,18.0
3094,0.2612596489243749,0.03501984126984127,19.7704009089159,0.988512537831695,0.988512537831695,353.0,353.0
3095,0.2612596489243749,0.01746031746031746,19.830751042027707,0.9915284123972635,0.9915284123972635,176.0,176.0
3096,0.03208394110512548,0.029563492063492063,19.603540112706003,0.9801677311956148,0.9801677311956148,298.0,298.0
3097,0.03208394110512548,0.013194444444444443,19.69568559886883,0.9847730322187168,0.9847730322187168,133.0,133.0
3098,0.02607659231363032,0.029365079365079365,19.30852438703494,0.9653441579186897,0.9653441579186897,296.0,296.0
3099,0.02607659231363032,0.023710317460317463,19.359403872713592,0.9678776562749978,0.9678776562749978,239.0,239.0
31,0.1738824194536844,0.002976190476190476,19.913695645402857,0.9956633706157554,0.9956633706157554,30.0,30.0
310,0.29558404037179375,0.0017857142857142857,19.950973648751813,0.997546689095441,0.997546689095441,18.0,18.0
3100,0.10038646850727927,0.027281746031746032,19.506045858623114,0.9752866769227915,0.9752866769227915,275.0,275.0
3101,0.10038646850727927,0.013095238095238094,19.560786585116787,0.9780217612464296,0.9780217612464296,132.0,132.0
3102,0.13312073929278992,0.013888888888888888,19.94482174232025,0.99722164691682,0.99722164691682,140.0,140.0
3103,0.13312073929278992,0.006448412698412698,19.98078906077384,0.9990196941477096,0.9990196941477096,65.0,65.0
3104,0.08864442412302884,0.0016865079365079364,20.001248940326157,1.0,1.0,17.0,17.0
3105,0.08864442412302884,0.0016865079365079364,19.993045303065475,0.9995989249935109,0.9995989249935109,17.0,17.0
3106,0.206590586700389,0.002380952380952381,19.977850586325687,0.9988847390434074,0.9988847390434074,24.0,24.0
3107,0.206590586700389,0.003869047619047619,19.90198373476334,0.9950928517909924,0.9950928517909924,39.0,39.0
3108,0.05471556120677299,2.9761904761904765E-4,19.992125988497072,0.9995275031788098,0.9995275031788098,3.0,3.0
3109,0.05471556120677299,9.920634920634922E-4,19.969957518836733,0.9984250105960327,0.9984250105960327,10.0,10.0
311,0.14674216798425394,0.020039682539682538,19.74394635781921,0.9871847480047033,0.9871847480047033,202.0,202.0
3110,0.28126230084433185,0.003472222222222222,20.000084599909034,1.0,1.0,35.0,35.0
3111,0.28126230084433185,0.003472222222222222,19.961992118517255,0.9980964774917266,0.9980964774917266,35.0,35.0
3112,0.025826007660522936,9.920634920634922E-5,19.988263106208866,0.9992680862060295,0.9992680862060295,1.0,1.0
3113,0.025826007660522936,9.920634920634922E-5,19.988263106208866,0.9992680862060295,0.9992680862060295,1.0,1.0
3114,0.0279613872627325,9.920634920634922E-5,19.96662080500057,0.9983212668529372,0.9983212668529372,1.0,1.0
3115,0.0279613872627325,9.920634920634922E-5,19.96662080500057,0.9983212668529372,0.9983212668529372,1.0,1.0
3116,0.08972505657564997,0.005456349206349206,19.656870947165423,0.9828228162128436,0.9828228162128436,55.0,55.0
3117,0.08972505657564997,0.005456349206349206,19.653068470271677,0.9826326923681563,0.9826326923681563,55.0,55.0
3118,0.09663901017359144,0.0014880952380952382,19.951008835379046,0.9975492782515771,0.9975492782515771,15.0,15.0
3119,0.09663901017359144,0.0021825396825396826,19.859978628540958,0.9929979378616488,0.9929979378616488,22.0,22.0
312,0.14674216798425394,0.07331349206349207,19.766825454891105,0.9883305650636696,0.9883305650636696,739.0,739.0
3120,0.04324930501663748,6.944444444444445E-4,20.002247952196164,1.0,1.0,7.0,7.0
3121,0.04324930501663748,6.944444444444445E-4,19.962868526540277,0.9980392243762543,0.9980392243762543,7.0,7.0
3122,0.04512851078650179,0.0012896825396825399,20.00032485921537,1.0,1.0,13.0,13.0
3123,0.04512851078650179,0.0012896825396825399,19.797312302484677,0.9898510641385454,0.9898510641385454,13.0,13.0
313,0.007913073000939205,0.09523809523809523,16.283528933200852,0.7911215697630684,0.8140627838013222,960.0,960.0
314,0.007913073000939205,0.1070436507936508,17.0003151837776,0.8498969298365816,0.8498969298365816,1079.0,1079.0
315,0.768688863582947,0.05783730158730159,20.000143888890882,1.0,1.0,583.0,583.0
316,0.768688863582947,0.05783730158730159,19.955270964138972,0.9977598760425458,0.9977598760425458,583.0,583.0
317,0.11500912501339818,0.11633333333333333,29.764831878195263,0.9921255213405556,0.9921255213405556,4188.0,4188.0
318,0.11500912501339818,0.07455555555555556,26.14551123875876,0.8390698722747089,0.871480673484937,2684.0,2684.0
319,1.4574206734012032,0.01765873015873016,19.985068674316487,0.9992513718134384,0.9992513718134384,178.0,178.0
32,0.10770695784281298,3.968253968253969E-4,20.00026039274394,1.0,1.0,4.0,4.0
320,1.4574206734012032,0.006547619047619048,19.982973210512903,0.9991468277235243,0.9991468277235243,66.0,66.0
321,0.04528057795290692,0.015575396825396826,19.11449269295025,0.9556904914078242,0.9556904914078242,157.0,157.0
322,0.04528057795290692,0.04186507936507936,18.956654135376844,0.9478011403774323,0.9478011403774323,422.0,422.0
323,0.14847901140996905,0.01597222222222222,19.91136913655314,0.9955637832790765,0.9955637832790765,161.0,161.0
324,0.14847901140996905,0.010119047619047618,19.91473142068414,0.9957313782024507,0.9957313782024507,102.0,102.0
325,0.18543192187810825,0.006547619047619047,19.893557333584667,0.9946620362333535,0.9946620362333535,66.0,66.0
326,0.18543192187810825,0.0067460317460317455,19.87532331923572,0.9937512667186048,0.9937512667186048,68.0,68.0
327,0.24611214303258155,0.019047619047619046,19.8515513153194,0.9925753382831121,0.9925753382831121,192.0,192.0
328,0.24611214303258155,0.012698412698412698,19.886657456667685,0.9943302085891814,0.9943302085891814,128.0,128.0
329,0.291608496202645,0.01011904761904762,19.945967649155467,0.9972911343445077,0.9972911343445077,102.0,102.0
33,0.10770695784281298,3.968253968253968E-4,19.97471839353404,0.9987234425243882,0.9987234425243882,4.0,4.0
330,0.291608496202645,0.004265873015873016,19.94998498526469,0.9974917910597293,0.9974917910597293,43.0,43.0
331,0.3465611114481399,0.010317460317460319,19.920653343504313,0.9960326665066256,0.9960326665066256,104.0,104.0
332,0.3465611114481399,0.02142857142857143,19.89567667558167,0.9947838333029663,0.9947838333029663,216.0,216.0
333,0.5501938093253609,0.0010937499999999999,45.001538455293755,1.0,1.0,63.0,63.0
334,0.5501938093253609,0.05552083333333333,43.94374719232875,0.9765120459330172,0.9765120459330172,3198.0,3198.0
335,0.1912711483862767,0.014781746031746031,19.841294913462693,0.9920518093745915,0.9920518093745915,149.0,149.0
336,0.1912711483862767,0.014384920634920636,19.855533866378085,0.9927635129392565,0.9927635129392565,145.0,145.0
337,0.10526746952148956,0.007837301587301587,19.981336604352574,0.9990618250864298,0.9990618250864298,79.0,79.0
338,0.10526746952148956,0.008432539682539684,19.984187503288815,0.9992039728006071,0.9992039728006071,85.0,85.0
339,0.1414344554454808,0.005952380952380952,19.87855514830306,0.9939221375982465,0.9939221375982465,60.0,60.0
34,0.31991725178092173,0.00873015873015873,19.958297997081655,0.9979136043419263,0.9979136043419263,88.0,88.0
340,0.1414344554454808,0.0051587301587301595,19.904613047348814,0.9952245366843365,0.9952245366843365,52.0,52.0
341,0.13637793927305378,0.004067460317460318,20.00002368351775,1.0,1.0,41.0,41.0
342,0.13637793927305378,0.004067460317460318,19.902090234214125,0.9951036482491216,0.9951036482491216,41.0,41.0
343,0.14723075950221526,0.01646825396825397,19.798625150893383,0.9899204984261706,0.9899204984261706,166.0,166.0
344,0.14723075950221526,0.01646825396825397,19.826097261855775,0.9912934710849667,0.9912934710849667,166.0,166.0
345,0.004858003405367485,0.01121031746031746,18.933290102537903,0.946375678454292,0.946375678454292,113.0,113.0
346,0.004858003405367485,0.01121031746031746,18.951435781247056,0.9472672082076077,0.9472672082076077,113.0,113.0
347,0.10425071104080379,0.0061507936507936515,19.922833251881492,0.9961369734760639,0.9961369734760639,62.0,62.0
348,0.10425071104080379,0.006150793650793651,19.93056356776392,0.9965232761284575,0.9965232761284575,62.0,62.0
349,0.022897955914784593,0.015376984126984128,18.501212216483285,0.9249727388564798,0.9249727388564798,155.0,155.0
35,0.31991725178092173,0.008234126984126984,19.942196072774667,0.9971085843331744,0.9971085843331744,83.0,83.0
350,0.022897955914784593,0.01875,18.582123162115515,0.9290134931216721,0.9290134931216721,189.0,189.0
351,0.06541687624448182,0.1628968253968254,19.56789880674661,0.9783934052132067,0.9783934052132067,1642.0,1642.0
352,0.06541687624448182,0.15416666666666667,19.71193241866724,0.9855951525537654,0.9855951525537654,1554.0,1554.0
353,0.14080093501596447,0.1630952380952381,19.586394180548147,0.9793165270069318,0.9793165270069318,1644.0,1644.0
354,0.14080093501596447,0.1623015873015873,19.038625649203457,0.9519282387884135,0.9519282387884135,1636.0,1636.0
355,0.23085095381075704,0.004067460317460318,20.000082634676808,1.0,1.0,41.0,41.0
356,0.23085095381075704,0.004067460317460318,19.93356450269987,0.9966753845679781,0.9966753845679781,41.0,41.0
357,0.08457340592750376,0.0025793650793650797,20.000279927676118,1.0,1.0,26.0,26.0
358,0.08457340592750376,0.0025793650793650797,19.777698687387254,0.9888741454901789,0.9888741454901789,26.0,26.0
359,0.06839128425456809,0.043948412698412695,19.458854612194752,0.9729255826324444,0.9729255826324444,443.0,443.0
36,0.4456967200402419,0.008134920634920636,19.950269041250547,0.9975096759492141,0.9975096759492141,82.0,82.0
360,0.06839128425456809,0.0886904761904762,19.424396520903187,0.9712030429184468,0.9712030429184468,894.0,894.0
361,3.6819013047814457,0.015178571428571428,20.00000708754418,1.0,1.0,153.0,153.0
362,3.6819013047814457,0.015178571428571428,19.995262098623286,0.9997629129768428,0.9997629129768428,153.0,153.0
363,0.1540277524099423,0.002182539682539683,20.000718102575107,1.0,1.0,22.0,22.0
364,0.1540277524099423,0.002182539682539683,19.967859779978017,0.9983630680582715,0.9983630680582715,22.0,22.0
365,0.3614486732017963,0.0031746031746031746,19.98539795994722,0.9992588077464672,0.9992588077464672,32.0,32.0
366,0.3614486732017963,7.936507936507938E-4,19.9794635470834,0.9989623308450541,0.9989623308450541,8.0,8.0
367,0.09976964564599186,0.0251984126984127,19.955505561820257,0.9977597262861494,0.9977597262861494,254.0,254.0
368,0.09976964564599186,0.01646825396825397,19.957622790478744,0.9978640325385875,0.9978640325385875,166.0,166.0
369,0.07852928968222354,0.003373015873015873,19.748088538260404,0.9873893854158368,0.9873893854158368,34.0,34.0
37,0.4456967200402419,0.00486111111111111,19.950579617933922,0.9975251515986885,0.9975251515986885,49.0,49.0
370,0.07852928968222354,6.944444444444445E-4,19.916286220972065,0.9957964618052789,0.9957964618052789,7.0,7.0
371,0.10759349882367089,5.952380952380953E-4,19.994252504052906,0.9996702238480525,0.9996702238480525,6.0,6.0
372,0.10759349882367089,7.936507936507938E-4,19.96123025585332,0.9980213430883149,0.9980213430883149,8.0,8.0
373,0.2341309838273142,0.005059523809523809,20.000273871777782,1.0,1.0,51.0,51.0
374,0.2341309838273142,0.00505952380952381,19.875708212561843,0.9937759962857308,0.9937759962857308,51.0,51.0
375,0.07944295380020626,0.09692460317460318,19.431439967276184,0.9715480122883913,0.9715480122883913,977.0,977.0
376,0.07944295380020626,0.033234126984126984,19.476767606848718,0.973811729147527,0.973811729147527,335.0,335.0
377,0.23565946629933257,0.003968253968253968,20.000331903380573,1.0,1.0,40.0,40.0
378,0.23565946629933257,0.003968253968253968,19.92983654747113,0.996479553863129,0.996479553863129,40.0,40.0
379,0.10727584345254824,0.0012896825396825399,20.000675147815716,1.0,1.0,13.0,13.0
38,0.2288711475170328,0.021031746031746033,19.82508518936478,0.9912434505424906,0.9912434505424906,212.0,212.0
380,0.10727584345254824,0.0012896825396825399,19.92149539167064,0.996044880227107,0.996044880227107,13.0,13.0
381,0.021902416648144397,0.0,20.002206984606755,1.0,1.0,0.0,0.0
382,0.021902416648144397,0.0,20.002206984606755,1.0,1.0,0.0,0.0
383,0.11482395626063663,0.0810515873015873,19.682983315608872,0.9841417721218763,0.9841417721218763,817.0,817.0
384,0.11482395626063663,0.0693452380952381,19.73107134833894,0.9865466456940328,0.9865466456940328,699.0,699.0
385,0.0287261209040087,3.968253968253969E-4,20.002714749406444,1.0,1.0,4.0,4.0
386,0.0287261209040087,3.968253968253969E-4,19.887421324114726,0.9942409844633442,0.9942409844633442,4.0,4.0
387,0.11731879775971282,0.06507936507936508,19.420715716627466,0.9710276492884531,0.9710276492884531,656.0,656.0
388,0.11731879775971282,0.029265873015873016,19.59696850293428,0.9798387748283668,0.9798387748283668,295.0,295.0
389,0.12985775242979963,0.012003968253968255,19.799275927344443,0.9899533989507229,0.9899533989507229,121.0,121.0
39,0.2288711475170328,0.006646825396825397,19.864793675793564,0.9932270393859723,0.9932270393859723,67.0,67.0
390,0.12985775242979963,0.011607142857142858,19.758077359117177,0.9878938229941563,0.9878938229941563,117.0,117.0
391,0.1893720204141663,0.0021825396825396826,19.951599767133295,0.9975543669854016,0.9975543669854016,22.0,22.0
392,0.1893720204141663,9.920634920634922E-4,19.935581457135857,0.9967534514855296,0.9967534514855296,10.0,10.0
393,0.1306636285496018,0.001388888888888889,19.96698191725465,0.9983314345101678,0.9983314345101678,14.0,14.0
394,0.1306636285496018,0.0015873015873015873,19.946104778912925,0.9972885810790226,0.9972885810790226,16.0,16.0
395,0.07699384718405458,0.008035714285714287,19.915846424641686,0.9957520695214377,0.9957520695214377,81.0,81.0
396,0.07699384718405458,0.015376984126984128,19.91253233899778,0.9955903904103071,0.9955903904103071,155.0,155.0
397,0.016884181384489494,2.976190476190477E-4,20.001004601567022,1.0,1.0,3.0,3.0
398,0.016884181384489494,2.9761904761904775E-4,19.85084080920682,0.9924933800719383,0.9924933800719383,3.0,3.0
399,0.0657698640684202,0.0051587301587301595,19.91940588185996,0.9959363632266957,0.9959363632266957,52.0,52.0
4,0.07571751776785363,0.16424836601307188,68.97164001097254,0.9853038739800207,0.9853038739800207,5026.0,5026.0
40,0.3087434023154828,0.02628968253968254,19.92108754205824,0.9960463062453414,0.9960463062453414,265.0,265.0
400,0.0657698640684202,0.0125,19.853492642247392,0.9926472848469916,0.9926472848469916,126.0,126.0
401,0.009895132649957993,0.008234126984126984,19.20289805969266,0.9601007067434133,0.9601007067434133,83.0,83.0
402,0.009895132649957993,0.006646825396825397,19.217072299221464,0.9524928166916967,0.9608057960771307,67.0,67.0
403,0.1131999261985598,0.0036706349206349206,19.87075391629627,0.9934998616222996,0.9934998616222996,37.0,37.0
404,0.1131999261985598,0.0011904761904761906,19.93276088726393,0.9965951656116807,0.9965951656116807,12.0,12.0
405,0.08271508750854155,0.0010912698412698413,19.990072102312787,0.9994590349033072,0.9994590349033072,11.0,11.0
406,0.08271508750854155,0.0012896825396825397,19.98384958095266,0.9991499119909113,0.9991499119909113,13.0,13.0
407,0.08031533426986319,0.0017857142857142859,19.92549217110109,0.9962275011706623,0.9962275011706623,18.0,18.0
408,0.08031533426986319,0.0017857142857142857,19.895268359643698,0.9947185016389273,0.9947185016389273,18.0,18.0
409,0.08001195495464171,0.0029761904761904765,19.883931927476013,0.9941875878372897,0.9941875878372897,30.0,30.0
41,0.3087434023154828,0.003968253968253969,19.96057825600109,0.9980181008965164,0.9980181008965164,40.0,40.0
410,0.08001195495464171,0.0026785714285714286,19.835333803802406,0.9917581210944149,0.9917581210944149,27.0,27.0
411,0.0856009491378274,0.001884920634920635,19.923137573136763,0.9961469456042248,0.9961469456042248,19.0,19.0
412,0.0856009491378274,0.01111111111111111,19.64372699955432,0.9821797664428443,0.9821797664428443,112.0,112.0
413,0.0770989423747797,0.00248015873015873,19.98286222306108,0.9990908454424133,0.9990908454424133,25.0,25.0
414,0.0770989423747797,0.0067460317460317455,19.942592016565847,0.9970907054157225,0.9970907054157225,68.0,68.0
415,0.08127642435782415,0.001884920634920635,19.94950364701949,0.9974288637806135,0.9974288637806135,19.0,19.0
416,0.08127642435782415,0.00882936507936508,19.768075957446992,0.9883725597667574,0.9883725597667574,89.0,89.0
417,0.1363636751969804,0.0015873015873015875,20.000376072891804,1.0,1.0,16.0,16.0
418,0.1363636751969804,0.0015873015873015875,19.947291741398338,0.9973485256234961,0.9973485256234961,16.0,16.0
419,0.2694988047120366,0.02093253968253968,19.89385502937325,0.994685167358949,0.994685167358949,211.0,211.0
42,0.2502459267613893,0.02638888888888889,19.79684035925036,0.9898388711159268,0.9898388711159268,266.0,266.0
420,0.2694988047120366,0.018154761904761903,19.906380742232994,0.9953104417873079,0.9953104417873079,183.0,183.0
421,0.0668585118870987,0.011507936507936509,19.36614478847562,0.9682819052297984,0.9682819052297984,116.0,116.0
422,0.0668585118870987,0.01626984126984127,19.242026897408454,0.9620778531632752,0.9620778531632752,164.0,164.0
423,0.034266528386007016,0.010912698412698412,18.98654329330314,0.9492365766201366,0.9492365766201366,110.0,110.0
424,0.034266528386007016,0.011805555555555555,18.936952119986273,0.9467603120650213,0.9467603120650213,119.0,119.0
425,0.025159668994316754,0.009821428571428571,19.196805216807682,0.9597465774542868,0.9597465774542868,99.0,99.0
426,0.025159668994316754,0.010615079365079366,19.15746545168406,0.957782995866691,0.957782995866691,107.0,107.0
427,0.08017493178922751,0.009821428571428571,19.700360231678495,0.9849975926654974,0.9849975926654974,99.0,99.0
428,0.08017493178922751,0.010714285714285714,19.6608450073454,0.9830235917004312,0.9830235917004312,108.0,108.0
429,0.060221950171624516,0.008630952380952382,19.8919724725237,0.9945437851440595,0.9945437851440595,87.0,87.0
43,0.2502459267613893,0.004464285714285714,19.874556131554748,0.9937236724851567,0.9937236724851567,45.0,45.0
430,0.060221950171624516,0.009126984126984126,19.888922962554137,0.9943922236202835,0.9943922236202835,92.0,92.0
431,0.08406701345257084,0.009623015873015874,19.577352669705515,0.9788650552792078,0.9788650552792078,97.0,97.0
432,0.08406701345257084,0.010813492063492063,19.5204643009086,0.9760208087197665,0.9760208087197665,109.0,109.0
433,0.45055270378745355,0.006349206349206349,19.986385183117196,0.9993136331415714,0.9993136331415714,64.0,64.0
434,0.45055270378745355,0.007837301587301587,19.92686754952638,0.9963393767550472,0.9963393767550472,79.0,79.0
435,0.3479798345462032,0.010615079365079366,19.962803177261684,0.9981361568729851,0.9981361568729851,107.0,107.0
436,0.3479798345462032,0.012003968253968253,19.94601196620232,0.9972970273035661,0.9972970273035661,121.0,121.0
437,0.15917808088690985,0.003174603174603175,19.96003800818406,0.9980003135611711,0.9980003135611711,32.0,32.0
438,0.15917808088690985,6.944444444444445E-4,19.985038055789502,0.9992501175854391,0.9992501175854391,7.0,7.0
439,0.3422421036382227,0.004365079365079366,20.000187865811757,1.0,1.0,44.0,44.0
44,0.2507065158785604,0.026587301587301587,19.797160317949064,0.9898560208549797,0.9898560208549797,268.0,268.0
440,0.3422421036382227,0.004365079365079365,19.96950545394974,0.9984681298827691,0.9984681298827691,44.0,44.0
441,0.4922407253497723,0.0014444444444444444,29.932491165164773,0.997736878227017,0.997736878227017,26.0,26.0
442,0.4922407253497723,0.16399999999999998,29.702290275385778,0.9900693031527202,0.9900693031527202,2952.0,2952.0
443,0.012650479243051677,0.009226190476190476,18.11135278612605,0.9055443559235219,0.9055443559235219,93.0,93.0
444,0.012650479243051677,0.02212301587301587,17.492821135772555,0.8746217197419116,0.8746217197419116,223.0,223.0
445,0.14835779759765186,0.00753968253968254,19.938634653917493,0.9969208704955972,0.9969208704955972,76.0,76.0
446,0.14835779759765186,0.030257936507936508,19.861693872114234,0.9930769798692829,0.9930769798692829,305.0,305.0
447,0.3771407519751549,0.001,29.92982787262614,0.9976441266572147,0.9976441266572147,18.0,18.0
448,0.3771407519751549,0.001611111111111111,29.89950118912098,0.9966344666531639,0.9966344666531639,29.0,29.0
449,0.1311684285147065,0.008333333333333333,19.882358155591245,0.9941092328606875,0.9941092328606875,84.0,84.0
45,0.2507065158785604,0.011706349206349206,19.83362149315259,0.9916788801109087,0.9916788801109087,118.0,118.0
450,0.1311684285147065,0.002976190476190476,19.929173937708356,0.9964482030319404,0.9964482030319404,30.0,30.0
451,0.23461583159169594,0.011607142857142856,19.86609738114917,0.9932922937776623,0.9932922937776623,117.0,117.0
452,0.23461583159169594,0.006547619047619048,19.87728946679953,0.9938512692961904,0.9938512692961904,66.0,66.0
453,0.12765118568286093,8.928571428571428E-4,20.000185770914364,1.0,1.0,9.0,9.0
454,0.12765118568286093,9.920634920634922E-5,19.999977435645917,0.9999896799922622,0.9999896799922622,1.0,1.0
455,0.19440388898815966,0.005555555555555556,19.999400081657434,0.9999543751116796,0.9999543751116796,56.0,56.0
456,0.19440388898815966,4.96031746031746E-4,20.00020962166155,0.9999913095450819,0.9999913095450819,5.0,5.0
457,0.012730492670544116,0.011706349206349206,18.030604448825574,0.9014035728714828,0.9014035728714828,118.0,118.0
458,0.012730492670544116,0.009126984126984128,18.2313880084774,0.9114360850872426,0.9114360850872426,92.0,92.0
459,0.03198723429673434,0.012896825396825396,19.66489820821904,0.9831737620425126,0.9831737620425126,130.0,130.0
46,0.040246644063806625,0.053670634920634924,18.765067451518863,0.9382260443398033,0.9382260443398033,541.0,541.0
460,0.03198723429673434,0.010416666666666666,19.69021379555003,0.9844357298893242,0.9844357298893242,105.0,105.0
461,0.10050224733785806,0.014186507936507936,19.601315499384118,0.9800527307196152,0.9800527307196152,143.0,143.0
462,0.10050224733785806,0.01130952380952381,19.599824616414118,0.9799779536380867,0.9799779536380867,114.0,114.0
463,0.028769763201802936,0.008928571428571428,18.996999632084613,0.9497793407751516,0.9497793407751516,90.0,90.0
464,0.028769763201802936,0.010416666666666666,18.945997521025078,0.9472337203541797,0.9472337203541797,105.0,105.0
465,0.10207543874474016,0.007440476190476191,19.812382970544,0.9905964991176992,0.9905964991176992,75.0,75.0
466,0.10207543874474016,0.0025793650793650797,19.863125911507773,0.9931313483997065,0.9931313483997065,26.0,26.0
467,0.12512793572660466,0.005753968253968254,19.88496950969356,0.994247502461558,0.994247502461558,58.0,58.0
468,0.12512793572660466,0.00505952380952381,19.866084859541196,0.9933033882945896,0.9933033882945896,51.0,51.0
469,0.031109998194048683,0.00744047619047619,19.557237300127266,0.9777666486071536,0.9777666486071536,75.0,75.0
47,0.040246644063806625,0.026488095238095238,18.995335142441878,0.9497405675624598,0.9497405675624598,267.0,267.0
470,0.031109998194048683,0.015476190476190477,19.45975810191029,0.9729031029899684,0.9729031029899684,156.0,156.0
471,0.06424827636216215,0.007837301587301587,19.76652614414882,0.9882859219625563,0.9882859219625563,79.0,79.0
472,0.06424827636216215,0.015873015873015872,19.68644646418131,0.9842869084558589,0.9842869084558589,160.0,160.0
473,0.11942408043649766,0.012301587301587301,19.81175423702742,0.9905781489115579,0.9905781489115579,124.0,124.0
474,0.11942408043649766,0.015277777777777777,19.78521186396902,0.9892515165098149,0.9892515165098149,154.0,154.0
475,0.36004172923323596,0.00753968253968254,19.97912556266029,0.9989511831582378,0.9989511831582378,76.0,76.0
476,0.36004172923323596,0.0,20.00015777986405,1.0,1.0,0.0,0.0
477,0.11823454655380775,0.0047619047619047615,19.809824483376175,0.9904839557912837,0.9904839557912837,48.0,48.0
478,0.11823454655380775,0.00376984126984127,19.850620356533533,0.9925231081217228,0.9925231081217228,38.0,38.0
479,0.12296654676444863,0.004861111111111111,19.82810474887863,0.9913711617695727,0.9913711617695727,49.0,49.0
48,0.46960878208365814,0.06765873015873015,19.905809428601128,0.9952871076402441,0.9952871076402441,682.0,682.0
480,0.12296654676444863,0.011507936507936509,19.8406813494089,0.9919990708319144,0.9919990708319144,116.0,116.0
481,0.12632285384491737,0.0030753968253968253,19.9645019977547,0.998220881060361,0.998220881060361,31.0,31.0
482,0.12632285384491737,0.01359126984126984,19.87704845101419,0.9938492974933955,0.9938492974933955,137.0,137.0
483,0.12770084504310886,0.0035714285714285713,20.0001323481768,1.0,1.0,36.0,36.0
484,0.12770084504310886,0.0035714285714285713,19.996835224909255,0.9998369360515169,0.9998369360515169,36.0,36.0
485,0.04953970007093427,0.001388888888888889,20.00032749303167,1.0,1.0,14.0,14.0
486,0.04953970007093427,0.001388888888888889,19.97535023219257,0.9987533543587803,0.9987533543587803,14.0,14.0
487,0.12695444091080776,0.01488095238095238,19.92420714441366,0.9961906800853592,0.9961906800853592,150.0,150.0
488,0.12695444091080776,0.00753968253968254,19.952110975308237,0.9975836852817185,0.9975836852817185,76.0,76.0
489,0.12328003288761906,0.0125,19.699545138110466,0.9849667765899586,0.9849667765899586,126.0,126.0
49,0.46960878208365814,0.06855158730158731,19.90926896930279,0.9954602993853152,0.9954602993853152,691.0,691.0
490,0.12328003288761906,0.0051587301587301595,19.774596665501793,0.988717256896412,0.988717256896412,52.0,52.0
491,0.07042781750509211,0.0014880952380952382,20.00001128171741,1.0,1.0,15.0,15.0
492,0.07042781750509211,0.0014880952380952382,19.937895862063613,0.9968942995280441,0.9968942995280441,15.0,15.0
495,0.34241524191790457,0.009722222222222222,19.959656110585858,0.9979748886075862,0.9979748886075862,98.0,98.0
496,0.34241524191790457,0.03422619047619048,19.932447694862923,0.9966162271373742,0.9966162271373742,345.0,345.0
497,0.04242977590993464,0.06944444444444445,19.380855393939708,0.9690211845322686,0.9690211845322686,700.0,700.0
498,0.04242977590993464,0.039980158730158734,19.51278887958843,0.975616877670854,0.975616877670854,403.0,403.0
499,0.014245393328437397,0.042956349206349206,18.457062756137073,0.9228219123439421,0.9228219123439421,433.0,433.0
5,0.1412785141885989,0.03355902777777778,43.61053790180394,0.9691114044179544,0.9691114044179544,1933.0,1933.0
50,0.2913153605713229,0.07569444444444444,19.796950785750223,0.9898407014622504,0.9898407014622504,763.0,763.0
500,0.014245393328437397,0.03819444444444445,18.32325909761237,0.9161310355185311,0.9161310355185311,385.0,385.0
501,0.20508038059519454,0.03809523809523809,19.96627523085878,0.9983076800290908,0.9983076800290908,384.0,384.0
502,0.20508038059519454,0.03333333333333333,19.97012599921158,0.9985002184467308,0.9985002184467308,336.0,336.0
503,0.05791817872686281,0.062003968253968256,19.232837563810207,0.9616299122465123,0.9616299122465123,625.0,625.0
504,0.05791817872686281,0.03253968253968254,19.456000358786728,0.9727875080887929,0.9727875080887929,328.0,328.0
505,0.2001104826674736,0.020436507936507937,19.755120577692388,0.9877424351772189,0.9877424351772189,206.0,206.0
506,0.2001104826674736,0.02251984126984127,19.713304454798283,0.9856526549726948,0.9856526549726948,227.0,227.0
507,0.13258693448719097,0.03095238095238095,19.882528396685796,0.9941128391157821,0.9941128391157821,312.0,312.0
508,0.13258693448719097,0.026984126984126982,19.90235955495543,0.9951046799608994,0.9951046799608994,272.0,272.0
509,0.13216822345634288,0.003472222222222222,20.000235579774458,1.0,1.0,35.0,35.0
51,0.2913153605713229,0.05813492063492064,19.87256967539758,0.9936217978962906,0.9936217978962906,586.0,586.0
510,0.13216822345634288,0.003472222222222222,19.960130940721264,0.9979974673989226,0.9979974673989226,35.0,35.0
511,0.06509095726019466,0.035515873015873015,19.71715385825274,0.9858431281607827,0.9858431281607827,358.0,358.0
512,0.06509095726019466,0.03551587301587302,19.748475640054682,0.9874075621654418,0.9874075621654418,358.0,358.0
513,0.08057670080491017,0.03402777777777778,19.609167509516414,0.9804323201483509,0.9804323201483509,343.0,343.0
514,0.08057670080491017,0.03402777777777778,19.651478035977643,0.9825455304423039,0.9825455304423039,343.0,343.0
515,0.21539135622811997,0.0051587301587301595,20.00022910552571,1.0,1.0,52.0,52.0
516,0.21539135622811997,0.0051587301587301595,19.96459835548996,0.998221922946257,0.998221922946257,52.0,52.0
517,0.17341040195066074,0.0031746031746031746,19.964692078724344,0.998208693508409,0.998208693508409,32.0,32.0
518,0.17341040195066074,0.004563492063492063,19.851967574184453,0.992578873106266,0.992578873106266,46.0,46.0
519,0.030176428826052367,0.0012896825396825399,20.00278839510008,1.0,1.0,13.0,13.0
52,0.17229727126791988,0.09623015873015874,19.522416936379337,0.9761129851633786,0.9761129851633786,970.0,970.0
520,0.030176428826052367,0.0012896825396825399,19.805191405572096,0.9901346734147469,0.9901346734147469,13.0,13.0
521,0.08725357491146042,0.0010912698412698415,20.00081946394508,1.0,1.0,11.0,11.0
522,0.08725357491146042,0.0010912698412698413,19.95856512855413,0.9978919780759711,0.9978919780759711,11.0,11.0
523,0.09140010069436127,0.008432539682539684,19.75107203439664,0.9875528787365213,0.9875528787365213,85.0,85.0
524,0.09140010069436127,0.007638888888888889,19.758257061545248,0.9879121645217286,0.9879121645217286,77.0,77.0
525,0.07135029360221092,0.00882936507936508,19.893078387332395,0.9946512189258221,0.9946512189258221,89.0,89.0
526,0.07135029360221092,0.009623015873015874,19.89944085937356,0.9949696425768578,0.9949696425768578,97.0,97.0
527,0.0631963494420695,0.014484126984126985,19.543499114992596,0.9771573711561676,0.9771573711561676,146.0,146.0
528,0.0631963494420695,0.0185515873015873,19.457631301124003,0.9728655505157255,0.9728655505157255,187.0,187.0
529,0.1228145708958273,0.013293650793650793,19.674249370396428,0.9836951547278995,0.9836951547278995,134.0,134.0
53,0.17229727126791988,0.0642857142857143,19.66369466610557,0.9831772134608028,0.9831772134608028,648.0,648.0
530,0.1228145708958273,0.016170634920634922,19.61636970932386,0.9808032258529736,0.9808032258529736,163.0,163.0
531,0.17720262739181464,0.012202380952380952,19.963164479862876,0.9981486480495003,0.9981486480495003,123.0,123.0
532,0.17720262739181464,0.06617063492063492,19.929824106790825,0.9964841006071607,0.9964841006071607,667.0,667.0
533,0.12844522014700377,0.02509920634920635,19.644349967945534,0.9822140384350608,0.9822140384350608,253.0,253.0
534,0.12844522014700377,0.06388888888888888,19.604205179613857,0.9802073651941123,0.9802073651941123,644.0,644.0
535,0.050876584724957964,0.06884920634920635,19.06537441906626,0.9532294169808658,0.9532294169808658,694.0,694.0
536,0.050876584724957964,0.1193452380952381,18.67930908622457,0.9339243637945791,0.9339243637945791,1203.0,1203.0
537,0.09063970295885676,0.03640873015873016,19.552272049739003,0.9776093924254399,0.9776093924254399,367.0,367.0
538,0.09063970295885676,0.08422619047619047,19.545305532513705,0.9772609730072526,0.9772609730072526,849.0,849.0
539,0.08066606699913151,0.004464285714285714,19.8542475648744,0.9926650175809449,0.9926650175809449,45.0,45.0
54,0.024850697079565037,0.16259920634920635,17.169854822290787,0.8283963255992526,0.8584795919778749,1639.0,1639.0
540,0.08066606699913151,0.004464285714285715,19.802509537755977,0.990081316269806,0.990081316269806,45.0,45.0
541,0.02942675613484783,0.0023809523809523807,19.58746237284093,0.9792463086330457,0.9792463086330457,24.0,24.0
542,0.02942675613484783,0.0,20.003081964775713,1.0,1.0,0.0,0.0
543,0.1517624662954116,0.0021825396825396826,19.918868344528565,0.9959359757927029,0.9959359757927029,22.0,22.0
544,0.1517624662954116,0.003273809523809524,19.878213219588144,0.9939039636890543,0.9939039636890543,33.0,33.0
545,0.09393430064976745,4.960317460317461E-4,20.000205958076815,1.0,1.0,5.0,5.0
546,0.09393430064976745,4.960317460317461E-4,19.994568645122946,0.9997186707014649,0.9997186707014649,5.0,5.0
547,0.34716404554088376,0.04365079365079365,19.90385100117497,0.9951882356876534,0.9951882356876534,440.0,440.0
548,0.34716404554088376,0.03799603174603174,19.903270889264633,0.9951596703340849,0.9951596703340849,383.0,383.0
55,0.024850697079565037,0.07738095238095238,18.385335949804237,0.9192539405565843,0.9192539405565843,780.0,780.0
551,0.06977437943026114,0.0,20.000618357268902,1.0,1.0,0.0,0.0
552,0.06977437943026114,0.0,20.000618357268902,1.0,1.0,0.0,0.0
553,0.09659660136246864,5.952380952380953E-4,20.000446592562668,1.0,1.0,6.0,6.0
554,0.09659660136246864,5.952380952380953E-4,19.96497126339241,0.9982273965429524,0.9982273965429524,6.0,6.0
555,0.1946659925572896,0.0251984126984127,19.749309685762,0.9874521623242648,0.9874521623242648,254.0,254.0
556,0.1946659925572896,0.0251984126984127,19.74467335834729,0.9872206071685063,0.9872206071685063,254.0,254.0
557,0.11458946616244722,0.0025793650793650797,20.000100755590516,1.0,1.0,26.0,26.0
558,0.11458946616244722,0.0025793650793650797,19.933314704853096,0.9966616420467902,0.9966616420467902,26.0,26.0
559,0.12619534149642744,0.002380952380952381,20.000142169805798,1.0,1.0,24.0,24.0
56,0.09171384413060621,0.07549603174603176,19.655275329322222,0.982749797571036,0.982749797571036,761.0,761.0
560,0.12619534149642744,0.002380952380952381,19.948511368008745,0.9974199408456245,0.9974199408456245,24.0,24.0
561,0.04713645238480367,9.920634920634922E-4,19.905761622380314,0.9952274206413395,0.9952274206413395,10.0,10.0
562,0.04713645238480367,8.928571428571429E-4,19.893816387511464,0.9946308482215069,0.9946308482215069,9.0,9.0
563,0.2684872733052541,0.02876984126984127,19.856425679733874,0.9928140993895633,0.9928140993895633,290.0,290.0
564,0.2684872733052541,0.020734126984126987,19.874251790865557,0.993704487763535,0.993704487763535,209.0,209.0
565,0.1321141024910884,0.0012896825396825397,19.99472356180506,0.9997142427713488,0.9997142427713488,13.0,13.0
566,0.1321141024910884,0.0015873015873015875,19.971806376238376,0.9985712138567442,0.9985712138567442,16.0,16.0
567,0.4167040498940103,0.0035714285714285713,19.98657034344309,0.9993193044003028,0.9993193044003028,36.0,36.0
568,0.4167040498940103,0.0012896825396825399,19.970221500340223,0.9985024696806661,0.9985024696806661,13.0,13.0
569,0.20487265614214795,0.011408730158730158,19.975109874815182,0.9987541699890536,0.9987541699890536,115.0,115.0
57,0.09171384413060621,0.053968253968253964,19.662460736308166,0.9831093783402238,0.9831093783402238,544.0,544.0
570,0.20487265614214795,0.005158730158730159,19.962013556342022,0.9980991996276968,0.9980991996276968,52.0,52.0
571,0.10343843790273934,3.968253968253969E-4,20.00098702598892,1.0,1.0,4.0,4.0
572,0.10343843790273934,3.968253968253969E-4,19.984231813173288,0.999164295663362,0.999164295663362,4.0,4.0
573,0.18851788844613285,0.001884920634920635,19.999308536560125,0.9999590808335196,0.9999590808335196,19.0,19.0
574,0.18851788844613285,0.006845238095238095,19.984939570886215,0.9992429954201119,0.9992429954201119,69.0,69.0
575,0.05332652616024116,0.005952380952380952,19.733592681277155,0.9866258236281136,0.9866258236281136,60.0,60.0
576,0.05332652616024116,0.016170634920634922,19.592492736388724,0.9795817566284527,0.9795817566284527,163.0,163.0
577,0.13597966599172331,0.005158730158730159,19.878009359415678,0.9938906319159524,0.9938906319159524,52.0,52.0
578,0.13597966599172331,0.006150793650793651,19.862833384448564,0.9931319778154617,0.9931319778154617,62.0,62.0
579,0.4193561414006216,0.007638888888888889,19.961837097428685,0.9980908507685062,0.9980908507685062,77.0,77.0
58,0.1526016455854128,0.04791666666666667,19.676704424731774,0.9838300540696361,0.9838300540696361,483.0,483.0
580,0.4193561414006216,0.004563492063492064,19.96466604874918,0.9982322692300983,0.9982322692300983,46.0,46.0
581,0.3490410068035282,0.006150793650793651,19.998977170106805,0.9999429170716386,0.9999429170716386,31.0,31.0
582,0.3490410068035282,0.020634920634920638,19.967398954743913,0.9983664081596714,0.9983664081596714,104.0,104.0
583,0.03753041746847901,9.92063492063492E-5,20.00140679297179,1.0,1.0,1.0,1.0
584,0.03753041746847901,0.0,20.00140679297179,1.0,1.0,0.0,0.0
585,0.09283509864836342,7.936507936507937E-4,20.000380319216536,1.0,1.0,8.0,8.0
586,0.09283509864836342,7.936507936507937E-4,19.97550239516751,0.9987574903780256,0.9987574903780256,8.0,8.0
587,0.05583487617430068,0.01130952380952381,19.334814566667177,0.9667237455689797,0.9667237455689797,114.0,114.0
588,0.05583487617430068,0.00634920634920635,19.478757938079895,0.9739186113919029,0.9739186113919029,64.0,64.0
589,0.07781495105368347,0.011805555555555555,19.4901562272333,0.9744774819566194,0.9744774819566194,119.0,119.0
59,0.1526016455854128,0.02718253968253968,19.797423500755055,0.9898656708816512,0.9898656708816512,274.0,274.0
590,0.07781495105368347,0.009226190476190476,19.464191404277784,0.9731797548665563,0.9731797548665563,93.0,93.0
591,0.07387498057680578,0.018749999999999996,19.511014196852646,0.9755297063530043,0.9755297063530043,189.0,189.0
592,0.07387498057680578,0.01369047619047619,19.507452478306405,0.9753520093792037,0.9753520093792037,138.0,138.0
593,0.1599389604631133,0.019246031746031744,19.931076132474665,0.9965535595610167,0.9965535595610167,194.0,194.0
594,0.1599389604631133,0.004662698412698413,19.957566402467446,0.9978780031372454,0.9978780031372454,47.0,47.0
595,0.0799778217457745,0.0023809523809523807,20.000010995053362,1.0,1.0,24.0,24.0
596,0.0799778217457745,0.0023809523809523807,19.857399805541412,0.9928695378764375,0.9928695378764375,24.0,24.0
597,0.25383560299730223,0.018353174603174604,19.9354041229673,0.9967652696664888,0.9967652696664888,185.0,185.0
598,0.25383560299730223,0.013888888888888888,19.931887610210037,0.9965896303109608,0.9965896303109608,140.0,140.0
599,0.09310867693207547,0.0125,19.873668696113246,0.9936649261361913,0.9936649261361913,126.0,126.0
6,0.07063925709429945,0.001701388888888889,44.26492917925688,0.983647214103623,0.983647214103623,49.0,49.0
60,0.1317619660869857,0.04365079365079365,19.87729911853076,0.9938618466939546,0.9938618466939546,440.0,440.0
600,0.09310867693207547,0.012003968253968255,19.870692076006723,0.993516095130865,0.993516095130865,121.0,121.0
601,0.20824205176597474,0.0037698412698412703,19.949155450670297,0.9974449570716409,0.9974449570716409,38.0,38.0
602,0.20824205176597474,0.003869047619047619,19.929441952014756,0.9964608642946509,0.9964608642946509,39.0,39.0
603,0.4283144614662529,0.004067460317460318,19.971181859313486,0.9985522484998807,0.9985522484998807,41.0,41.0
604,0.4283144614662529,0.0021825396825396826,19.956694566504016,0.997828372749821,0.997828372749821,22.0,22.0
605,0.42436629437617324,0.004563492063492064,19.98027650922601,0.9990031379670636,0.9990031379670636,46.0,46.0
606,0.42436629437617324,0.0017857142857142859,19.978612527862964,0.9989200661309856,0.9989200661309856,18.0,18.0
607,0.19643466458971365,0.004861111111111111,19.918398877770038,0.9959147198423802,0.9959147198423802,49.0,49.0
608,0.19643466458971365,0.004464285714285715,19.91096827185656,0.9955433307371421,0.9955433307371421,45.0,45.0
609,0.13488649921592458,0.061408730158730156,19.654809312535683,0.982729218978508,0.982729218978508,619.0,619.0
61,0.1317619660869857,0.02619047619047619,19.880806597623256,0.9940370854645539,0.9940370854645539,264.0,264.0
610,0.13488649921592458,0.010317460317460317,19.78020487773417,0.9889955743454789,0.9889955743454789,104.0,104.0
611,0.13218948995717011,0.010218253968253968,19.92519209597747,0.9962566208032981,0.9962566208032981,103.0,103.0
612,0.13218948995717011,0.009325396825396825,19.90761605466789,0.9953780555628648,0.9953780555628648,94.0,94.0
613,0.05336549290853769,0.0012896825396825399,19.919343894537008,0.9958936325368415,0.9958936325368415,13.0,13.0
614,0.05336549290853769,0.0052579365079365075,19.762976888702063,0.9880915343568404,0.9880915343568404,53.0,53.0
615,0.038109413837382325,7.936507936507939E-4,20.00202504950815,1.0,1.0,8.0,8.0
616,0.038109413837382325,7.936507936507939E-4,19.972647075216685,0.9985384842784252,0.9985384842784252,8.0,8.0
617,0.11063997864424724,0.025496031746031746,19.938090503167537,0.9968994977281209,0.9968994977281209,257.0,257.0
618,0.11063997864424724,0.027678571428571427,19.95946742535046,0.9979682412366496,0.9979682412366496,279.0,279.0
619,0.09768702166104185,0.006944444444444444,19.846304884125217,0.9922900722034728,0.9922900722034728,70.0,70.0
62,0.052319683430827706,0.01498015873015873,19.50376819712746,0.9751547727918184,0.9751547727918184,151.0,151.0
620,0.09768702166104185,1.9841269841269844E-4,19.99110201783624,0.999518129512717,0.999518129512717,2.0,2.0
621,0.09484780309835582,0.0041666666666666675,19.721439096278715,0.9860461333913804,0.9860461333913804,42.0,42.0
622,0.09484780309835582,0.0014880952380952382,19.87181479160023,0.9935597538729448,0.9935597538729448,15.0,15.0
623,0.09570892616334119,0.005952380952380952,19.768080437228228,0.9883783416923824,0.9883783416923824,60.0,60.0
624,0.09570892616334119,0.0072420634920634915,19.714397991123086,0.9856964205444706,0.9856964205444706,73.0,73.0
625,0.093338758721549,0.004662698412698413,19.939884511549398,0.9969512342199575,0.9969512342199575,47.0,47.0
626,0.093338758721549,0.004761904761904762,19.932531142952637,0.9965853823263523,0.9965853823263523,48.0,48.0
627,0.09623015936807153,0.005555555555555556,19.77329017027366,0.9886469776111686,0.9886469776111686,56.0,56.0
628,0.09623015936807153,0.003273809523809524,19.835456183438005,0.9917534736176564,0.9917534736176564,33.0,33.0
629,0.1000564157368645,0.0031746031746031746,19.792668116852767,0.989626331197642,0.989626331197642,32.0,32.0
63,0.052319683430827706,0.01130952380952381,19.468289626365888,0.9733826462393409,0.9733826462393409,114.0,114.0
630,0.1000564157368645,0.0028769841269841267,19.772209454638293,0.9886037562967915,0.9886037562967915,29.0,29.0
631,0.21727106051203654,0.0820436507936508,19.675378403189967,0.9837592298362101,0.9837592298362101,827.0,827.0
632,0.21727106051203654,0.03422619047619048,19.75529781718671,0.9877554111952493,0.9877554111952493,345.0,345.0
633,0.18312147330716186,0.012301587301587303,19.990430019267627,0.9995064624390324,0.9995064624390324,124.0,124.0
634,0.18312147330716186,0.06626984126984127,19.97107365872987,0.9985416521170144,0.9985416521170144,668.0,668.0
635,0.1252310336402842,0.00744047619047619,19.823125076029825,0.9911400040995271,0.9911400040995271,75.0,75.0
636,0.1252310336402842,0.06636904761904763,19.761862475207295,0.9880812073122577,0.9880812073122577,669.0,669.0
637,0.12877353358852586,0.006051587301587302,19.765018985561394,0.9882442662829182,0.9882442662829182,61.0,61.0
638,0.12877353358852586,0.05089285714285714,19.62121482194131,0.9810560736083883,0.9810560736083883,513.0,513.0
639,0.21756586118916035,0.009027777777777777,19.81710039772596,0.990840919210288,0.990840919210288,91.0,91.0
64,0.02203868080700053,0.007142857142857143,19.94463103932326,0.9970748086949043,0.9970748086949043,72.0,72.0
640,0.21756586118916035,0.012996031746031747,19.80490329165708,0.9902328833489099,0.9902328833489099,131.0,131.0
641,0.13133273758363398,0.0018849206349206347,19.9756849411031,0.9987496276564379,0.9987496276564379,19.0,19.0
642,0.13133273758363398,0.0019841269841269845,19.947480750966488,0.9973429587699305,0.9973429587699305,20.0,20.0
643,0.12609879183674033,0.002281746031746032,19.973242946989064,0.9986312614611108,0.9986312614611108,23.0,23.0
644,0.12609879183674033,0.018650793650793654,19.8669936379724,0.9933310067103199,0.9933310067103199,188.0,188.0
645,0.10244730757082188,0.0027777777777777775,20.000558961765655,1.0,1.0,28.0,28.0
646,0.10244730757082188,0.0027777777777777775,19.87774851200043,0.993865300030131,0.993865300030131,28.0,28.0
647,0.25197755643486525,0.013988095238095237,19.869171561897087,0.9934466700575905,0.9934466700575905,141.0,141.0
648,0.25197755643486525,0.00625,19.898179384610437,0.9948955175587978,0.9948955175587978,63.0,63.0
649,0.15895074849199348,0.0017857142857142859,19.97214864565937,0.9986032138238463,0.9986032138238463,18.0,18.0
65,0.02203868080700053,0.009623015873015874,19.935774723756907,0.9966446335029785,0.9966446335029785,97.0,97.0
650,0.15895074849199348,0.0021825396825396826,19.952586771934183,0.9976254635005388,0.9976254635005388,22.0,22.0
651,0.08620394214660357,6.944444444444445E-4,19.988309908096657,0.9993707156072769,0.9993707156072769,7.0,7.0
652,0.08620394214660357,0.0010912698412698413,19.94419330729053,0.997168220232746,0.997168220232746,11.0,11.0
653,0.22134609990756604,0.03888888888888889,19.92809264589105,0.9964007369161164,0.9964007369161164,392.0,392.0
654,0.22134609990756604,0.036210317460317464,19.960716542338556,0.9980319317384917,0.9980319317384917,365.0,365.0
655,0.4159319417607159,0.004365079365079365,19.99650574481823,0.9998163187735123,0.9998163187735123,44.0,44.0
656,0.4159319417607159,0.0031746031746031746,19.991333470815274,0.9995591650564295,0.9995591650564295,32.0,32.0
657,0.024806319545940512,0.0,20.0006159832891,1.0,1.0,0.0,0.0
658,0.024806319545940512,0.0,20.0006159832891,1.0,1.0,0.0,0.0
659,0.03441508090249239,0.0015873015873015875,19.642444334116902,0.9820248786260855,0.9820248786260855,16.0,16.0
66,0.02051567495053007,0.008432539682539684,19.410776381197454,0.9704020707565892,0.9704020707565892,85.0,85.0
660,0.03441508090249239,0.0014880952380952382,19.666435196709223,0.9832232200510131,0.9832232200510131,15.0,15.0
661,0.19895305475474565,0.004464285714285715,19.971869151044608,0.9985822616470514,0.9985822616470514,45.0,45.0
662,0.19895305475474565,8.928571428571429E-4,19.991556953334047,0.9995637728144774,0.9995637728144774,9.0,9.0
663,0.0466718585546155,0.008531746031746033,19.501100972534054,0.9749843555095423,0.9749843555095423,86.0,86.0
664,0.0466718585546155,0.006944444444444445,19.585512072026148,0.9791991159663469,0.9791991159663469,70.0,70.0
665,0.1266807324356645,0.0022817460317460314,20.00046648400983,1.0,1.0,23.0,23.0
666,0.1266807324356645,0.0022817460317460314,19.969976642440457,0.9984796382487017,0.9984796382487017,23.0,23.0
667,0.1224803098196899,0.005654761904761905,19.767093428774892,0.9883398123748609,0.9883398123748609,57.0,57.0
668,0.1224803098196899,0.01775793650793651,19.62716114772593,0.9813466439024436,0.9813466439024436,179.0,179.0
669,0.041255841533976344,0.01875,19.311734394456092,0.9655829649563049,0.9655829649563049,189.0,189.0
67,0.02051567495053007,0.010813492063492063,19.362640673109976,0.9680022386557722,0.9680022386557722,109.0,109.0
670,0.041255841533976344,0.02251984126984127,19.34242574504595,0.9671175324857978,0.9671175324857978,227.0,227.0
671,0.02433239741574811,0.040674603174603176,18.3970054782985,0.9197612622789928,0.9197612622789928,410.0,410.0
672,0.02433239741574811,0.04265873015873016,18.722064783339142,0.9360102714583168,0.9360102714583168,430.0,430.0
673,0.09273136376985035,0.03948412698412698,19.80512148138681,0.9902379464507961,0.9902379464507961,398.0,398.0
674,0.09273136376985035,0.04146825396825397,19.715206917691145,0.9857414125940777,0.9857414125940777,418.0,418.0
675,0.025208413007950393,0.020337301587301588,19.095456196302923,0.9547149459317924,0.9547149459317924,205.0,205.0
676,0.025208413007950393,0.02509920634920635,19.026992379177877,0.9512905741799614,0.9512905741799614,253.0,253.0
677,0.03935744823670028,0.01646825396825397,18.9274727132462,0.9463480868714482,0.9463480868714482,166.0,166.0
678,0.03935744823670028,0.021230158730158728,18.899300090556935,0.9449389547803014,0.9449389547803014,214.0,214.0
679,0.002821645434659344,0.009523809523809523,15.919756934601683,0.7949567409327841,0.7949567409327841,96.0,96.0
68,0.05288740081108621,0.00882936507936508,19.63073893255904,0.981489676460244,0.981489676460244,89.0,89.0
680,0.002821645434659344,0.01746031746031746,15.664628489898895,0.777563417233388,0.7822371439046912,176.0,176.0
681,0.06493647607849201,0.007936507936507936,19.79512469574462,0.989726993382713,0.989726993382713,80.0,80.0
682,0.06493647607849201,0.015873015873015872,19.768040051589704,0.9883752819857016,0.9883752819857016,160.0,160.0
683,0.06471325471552364,0.006944444444444444,19.792877854526488,0.9896224990095527,0.9896224990095527,70.0,70.0
684,0.06471325471552364,0.01488095238095238,19.67636522511492,0.9837999730785058,0.9837999730785058,150.0,150.0
685,0.04128430123779636,0.004861111111111111,19.60038140310314,0.9800022187704301,0.9800022187704301,49.0,49.0
686,0.04128430123779636,0.006845238095238095,19.541109180141124,0.9770395845141976,0.9770395845141976,69.0,69.0
687,0.03248889337673781,0.002182539682539682,19.910280528081707,0.9955139127305863,0.9955139127305863,22.0,22.0
688,0.03248889337673781,0.008531746031746033,19.804724957945247,0.9902361630018642,0.9902361630018642,86.0,86.0
689,0.37358200653656704,0.001884920634920635,19.98864537897216,0.9994215388913772,0.9994215388913772,19.0,19.0
69,0.05288740081108621,0.010813492063492063,19.590652516249346,0.979488560401892,0.979488560401892,109.0,109.0
690,0.37358200653656704,0.005853174603174603,19.930740311751467,0.9965292333482632,0.9965292333482632,59.0,59.0
691,0.15916724288369807,0.0028769841269841267,19.962356750454777,0.9981147829691037,0.9981147829691037,29.0,29.0
692,0.15916724288369807,0.0011904761904761906,19.97995738888523,0.9989945509168553,0.9989945509168553,12.0,12.0
693,0.132821912305724,0.005357142857142857,19.97979949442324,0.9989611760376685,0.9989611760376685,54.0,54.0
694,0.132821912305724,0.0024801587301587305,19.985450759279704,0.9992408594121424,0.9992408594121424,25.0,25.0
695,0.338689681692059,0.004365079365079365,19.997833696078374,0.9998897829033933,0.9998897829033933,44.0,44.0
696,0.338689681692059,4.960317460317461E-4,19.999432060475556,0.9999693841398315,0.9999693841398315,5.0,5.0
697,0.10783123848797004,0.003968253968253969,20.000641895857186,1.0,1.0,40.0,40.0
698,0.10783123848797004,0.003968253968253969,19.85904360143511,0.9929277746563521,0.9929277746563521,40.0,40.0
699,0.2947364801570524,0.01755952380952381,19.842943339357788,0.9921412724567102,0.9921412724567102,177.0,177.0
7,0.06887066385464326,0.0026785714285714286,19.865640162391074,0.9932324302193117,0.9932324302193117,27.0,27.0
70,0.019124067132659094,0.014781746031746031,18.65700866335319,0.9327981732119376,0.9327981732119376,149.0,149.0
700,0.2947364801570524,0.03194444444444445,19.807852982061654,0.9903873106778637,0.9903873106778637,322.0,322.0
701,0.16421651881517618,0.019246031746031744,19.82034957403111,0.9910003269234886,0.9910003269234886,194.0,194.0
702,0.16421651881517618,0.02966269841269841,19.844880078796006,0.9922278812684174,0.9922278812684174,299.0,299.0
703,0.0672541398565658,0.007837301587301587,19.542228571037572,0.9770703890815857,0.9770703890815857,79.0,79.0
704,0.0672541398565658,0.006944444444444444,19.49758519219762,0.9748395026230345,0.9748395026230345,70.0,70.0
705,0.2696799524636757,0.003968253968253968,19.965109977258596,0.9982489468499807,0.9982489468499807,40.0,40.0
706,0.2696799524636757,0.0023809523809523807,19.96705727187305,0.9983462275805374,0.9983462275805374,24.0,24.0
707,0.052329611213229314,0.0025793650793650793,19.782818116559156,0.989112437844649,0.989112437844649,26.0,26.0
708,0.052329611213229314,0.001388888888888889,19.855445661158896,0.992741625229766,0.992741625229766,14.0,14.0
709,0.13178357202247462,0.00248015873015873,20.000036224480784,1.0,1.0,25.0,25.0
71,0.019124067132659094,0.06121031746031746,18.38403761174595,0.9191556506264666,0.9191556506264666,617.0,617.0
710,0.13178357202247462,0.00248015873015873,19.956442395522735,0.997820648156605,0.997820648156605,25.0,25.0
711,0.07417032762063583,0.00505952380952381,19.683824980179097,0.98415731319969,0.98415731319969,51.0,51.0
712,0.07417032762063583,0.017559523809523806,19.570313641762695,0.9784884306049373,0.9784884306049373,177.0,177.0
713,0.027663285472418656,0.002182539682539683,19.987571042642433,0.9993130461678453,0.9993130461678453,22.0,22.0
714,0.027663285472418656,9.920634920634922E-4,19.993696524111268,0.999613588469413,0.999613588469413,10.0,10.0
715,0.6549507206505009,0.013202614379084968,69.67174019603566,0.9953079034579407,0.9953079034579407,404.0,404.0
716,0.6549507206505009,0.013202614379084968,69.6627884928068,0.9951800219832427,0.9951800219832427,404.0,404.0
717,2.1549758202460176,0.007516339869281045,70.00020710553983,1.0,1.0,230.0,230.0
718,2.1549758202460176,0.007516339869281046,69.95361256077636,0.9993356272365833,0.9993356272365833,230.0,230.0
719,0.05617250296317053,0.0,20.00009995721629,1.0,1.0,0.0,0.0
72,0.014181325205490663,0.03025793650793651,18.284537613015743,0.9141043818000043,0.9141043818000043,305.0,305.0
720,0.05617250296317053,0.0,20.00009995721629,1.0,1.0,0.0,0.0
721,0.06781609521212711,0.04255952380952381,19.37095875471255,0.9685119534736224,0.9685119534736224,429.0,429.0
722,0.06781609521212711,0.005952380952380952,19.60698587481803,0.9802995282721709,0.9802995282721709,60.0,60.0
723,0.1678183477250275,0.010515873015873015,20.000200344625384,1.0,1.0,106.0,106.0
724,0.1678183477250275,0.010515873015873015,19.787026166220976,0.9893454649261417,0.9893454649261417,106.0,106.0
725,0.1554610460291853,0.006746031746031746,19.996956239689712,0.9998227946380558,0.9998227946380558,68.0,68.0
726,0.1554610460291853,0.006746031746031746,19.996152639880115,0.9997848220604963,0.9997848220604963,68.0,68.0
727,0.126105614202661,0.0035714285714285713,19.948206740948923,0.9974099640276723,0.9974099640276723,36.0,36.0
728,0.126105614202661,0.014682539682539682,19.848911765726513,0.9924453315324553,0.9924453315324553,148.0,148.0
729,0.12300227307302343,0.003869047619047619,19.90688961699674,0.9953283106149142,0.9953283106149142,39.0,39.0
73,0.014181325205490663,0.04523809523809524,18.277056823986474,0.9137329487070681,0.9137329487070681,456.0,456.0
730,0.12300227307302343,0.014186507936507936,19.644878471153802,0.9822341059150584,0.9822341059150584,143.0,143.0
731,0.18799144427518763,0.03501984126984127,19.945707398483563,0.9972787148790344,0.9972787148790344,353.0,353.0
732,0.18799144427518763,0.012202380952380952,19.953118260370555,0.9976484083931528,0.9976484083931528,123.0,123.0
733,0.09995870747384786,0.002777777777777778,19.99905654024389,0.9999268778182723,0.9999268778182723,28.0,28.0
734,0.09995870747384786,0.0016865079365079366,19.999241731268555,0.9999354804278873,0.9999354804278873,17.0,17.0
735,0.07197243725819016,0.0010912698412698413,19.99501166326151,0.9997478132574676,0.9997478132574676,11.0,11.0
736,0.07197243725819016,0.0016865079365079364,19.989242415255184,0.9994595998374306,0.9994595998374306,17.0,17.0
737,0.19112305288960216,0.1740079365079365,19.448198369193857,0.9724079264226355,0.9724079264226355,1754.0,1754.0
738,0.19112305288960216,0.09007936507936508,19.414558290595348,0.9707258319455713,0.9707258319455713,908.0,908.0
739,0.11813822300371829,0.13452380952380952,19.57145984874532,0.9785540215095591,0.9785540215095591,1356.0,1356.0
74,0.01186095291616724,0.006547619047619048,17.876351178735984,0.8935282791242587,0.8935282791242587,66.0,66.0
740,0.11813822300371829,0.07013888888888889,19.56519527768386,0.9782399306415903,0.9782399306415903,707.0,707.0
741,0.2030632430870903,0.1826388888888889,19.300637063218208,0.9650270410348869,0.9650270410348869,1841.0,1841.0
742,0.2030632430870903,0.0873015873015873,19.78171182617459,0.9890806698162056,0.9890806698162056,880.0,880.0
743,0.13406447655691445,0.1765873015873016,19.58179232940729,0.9790781105535448,0.9790781105535448,1780.0,1780.0
744,0.13406447655691445,0.0746031746031746,19.507611673564963,0.9753685547652092,0.9753685547652092,752.0,752.0
745,0.18242820901553897,0.1306547619047619,19.929413045532485,0.9964695442068828,0.9964695442068828,1317.0,1317.0
746,0.18242820901553897,0.06180555555555556,19.87724633199951,0.993861183906462,0.993861183906462,623.0,623.0
747,0.0062910492408386216,0.11884920634920634,15.298420820964106,0.759394329834972,0.7647600165819873,1198.0,1198.0
748,0.0062910492408386216,0.039781746031746036,15.410816146086598,0.7595013360186522,0.7703762045166405,401.0,401.0
749,0.09084562073455547,0.11547619047619047,19.5855161981289,0.9792697403444272,0.9792697403444272,1164.0,1164.0
75,0.01186095291616724,0.004067460317460318,18.384615972178675,0.9189035804603223,0.9189035804603223,41.0,41.0
750,0.09084562073455547,0.04375,19.562713936944938,0.9781293575269172,0.9781293575269172,441.0,441.0
751,0.05976641104748907,0.11349206349206349,19.752877247802807,0.9876022911219531,0.9876022911219531,1144.0,1144.0
752,0.05976641104748907,0.03611111111111111,19.739806027524395,0.9869450348841936,0.9869450348841936,364.0,364.0
753,0.1602539985594355,0.10505952380952381,19.935793142140884,0.9967779608528453,0.9967779608528453,1059.0,1059.0
754,0.1602539985594355,0.031746031746031744,19.905534461040062,0.9952637272140042,0.9952637272140042,320.0,320.0
755,0.18204982581813503,0.08501984126984127,19.912450442443593,0.9956086655119152,0.9956086655119152,857.0,857.0
756,0.18204982581813503,0.021825396825396824,19.91577297799852,0.9957726368169539,0.9957726368169539,220.0,220.0
757,0.17428830430549844,0.0625,19.790858799153874,0.9895295701009332,0.9895295701009332,630.0,630.0
758,0.17428830430549844,0.015674603174603174,19.82507635370157,0.9912368825331819,0.9912368825331819,158.0,158.0
759,0.22660487675548183,0.018849206349206348,19.949528487369044,0.9974638702023838,0.9974638702023838,190.0,190.0
76,0.033880903911083095,0.004464285714285714,19.218244503849807,0.9608478236679773,0.9608478236679773,45.0,45.0
760,0.22660487675548183,0.012896825396825396,19.95575544097795,0.9977743211566814,0.9977743211566814,130.0,130.0
761,0.1906386448108196,0.0023809523809523807,19.95972277436589,0.997961178767701,0.997961178767701,24.0,24.0
762,0.1906386448108196,0.0035714285714285713,19.902554514906097,0.9951068290424824,0.9951068290424824,36.0,36.0
763,0.08496585943427278,0.004166666666666667,19.807786647080516,0.9903456697015307,0.9903456697015307,42.0,42.0
764,0.08496585943427278,0.003373015873015873,19.780167916105754,0.9889664796588922,0.9889664796588922,34.0,34.0
765,0.1255808693416844,0.006349206349206349,19.88300185412195,0.9941331673374264,0.9941331673374264,64.0,64.0
766,0.1255808693416844,0.0014880952380952382,19.953860791597208,0.9976717546465315,0.9976717546465315,15.0,15.0
767,0.12441181238960673,0.00505952380952381,19.87386202402565,0.9936888148971793,0.9936888148971793,51.0,51.0
768,0.12441181238960673,0.008234126984126984,19.79411883053735,0.9897024772536881,0.9897024772536881,83.0,83.0
769,0.08382895757694955,0.0014880952380952384,20.00028148167661,1.0,1.0,15.0,15.0
77,0.033880903911083095,0.0011904761904761904,19.70652066805458,0.9852443299761079,0.9852443299761079,12.0,12.0
770,0.08382895757694955,0.014186507936507936,19.478347052697753,0.9739097291728128,0.9739097291728128,143.0,143.0
771,0.09838693161032575,0.0019841269841269845,19.956945157401254,0.9978156365556494,0.9978156365556494,20.0,20.0
772,0.09838693161032575,0.0016865079365079366,19.946840621184286,0.9973115526838763,0.9973115526838763,17.0,17.0
773,0.008282642083553856,0.0012896825396825399,19.4270342863289,0.9708314131533158,0.9708314131533158,13.0,13.0
774,0.008282642083553856,0.0020833333333333333,19.054940759840385,0.9522695851599713,0.9522695851599713,21.0,21.0
775,0.026859030486799936,9.92063492063492E-5,20.00258786770372,1.0,1.0,1.0,1.0
776,0.026859030486799936,9.92063492063492E-5,19.99567030606614,0.9996554697658833,0.9996554697658833,1.0,1.0
777,0.5096306466671551,0.018353174603174604,19.99406635794906,0.9996982749095198,0.9996982749095198,185.0,185.0
778,0.5096306466671551,0.022321428571428572,19.972299931070395,0.9986120645837911,0.9986120645837911,225.0,225.0
779,0.23599746271034353,0.007837301587301587,19.94724639237851,0.9973523277725529,0.9973523277725529,79.0,79.0
78,0.0037984774052222795,0.0010912698412698413,19.360138590416405,0.9670547846812511,0.9670547846812511,11.0,11.0
780,0.23599746271034353,0.004662698412698413,19.939673621108703,0.9969740888829176,0.9969740888829176,47.0,47.0
781,0.18074876516978128,0.010515873015873017,19.906334438645143,0.9953007851571781,0.9953007851571781,106.0,106.0
782,0.18074876516978128,0.0023809523809523807,19.941638312872854,0.9970629907232363,0.9970629907232363,24.0,24.0
783,0.16724115584781643,0.011607142857142858,19.78004079783625,0.9889935678830644,0.9889935678830644,117.0,117.0
784,0.16724115584781643,0.0033730158730158727,19.855591723791726,0.9927694197790884,0.9927694197790884,34.0,34.0
785,0.17007302758369608,0.03660714285714286,19.82630603350723,0.991312785989511,0.991312785989511,369.0,369.0
786,0.17007302758369608,0.010416666666666668,19.888259501170936,0.9944103607183493,0.9944103607183493,105.0,105.0
787,0.171633588078861,0.04742063492063492,19.91899109830707,0.995948828254849,0.995948828254849,478.0,478.0
788,0.171633588078861,0.011706349206349206,19.969397918959636,0.9984690765223065,0.9984690765223065,118.0,118.0
789,0.17381529870516801,0.05109126984126984,19.758098964161153,0.987893403747679,0.987893403747679,515.0,515.0
79,0.0037984774052222795,0.0010912698412698413,19.29402673074645,0.9637602631493762,0.9637602631493762,11.0,11.0
790,0.17381529870516801,0.014285714285714285,19.80059422750354,0.9900164101490887,0.9900164101490887,144.0,144.0
791,0.12983147306966408,0.06646825396825397,19.635758748507183,0.9817742988903259,0.9817742988903259,670.0,670.0
792,0.12983147306966408,0.018551587301587298,19.7486002834408,0.9874151896774386,0.9874151896774386,187.0,187.0
793,0.16905954774077447,0.06696428571428571,19.765279218027846,0.9882526455555122,0.9882526455555122,675.0,675.0
794,0.16905954774077447,0.029563492063492063,19.770100324846247,0.9884934549106521,0.9884934549106521,298.0,298.0
795,0.10944888830652519,0.07886904761904762,19.638411508608023,0.9819006964788343,0.9819006964788343,795.0,795.0
796,0.10944888830652519,0.09236111111111112,19.723644965595263,0.986163215241029,0.986163215241029,931.0,931.0
797,0.12872875117755014,0.08373015873015872,19.599596520998453,0.9799761239716809,0.9799761239716809,844.0,844.0
798,0.12872875117755014,0.08412698412698412,19.595937477377934,0.9797932505582772,0.9797932505582772,848.0,848.0
799,0.01613945888190662,0.09077380952380952,19.247281720630912,0.9623471628309331,0.9623471628309331,915.0,915.0
8,0.06887066385464326,0.0026785714285714286,19.826919966389696,0.9912988388534008,0.9912988388534008,27.0,27.0
80,0.015729240448756336,0.0,20.00185998428923,1.0,1.0,0.0,0.0
800,0.01613945888190662,0.08313492063492063,19.562367553386572,0.9781010865730506,0.9781010865730506,838.0,838.0
801,0.12056281329056265,0.08571428571428572,19.85492368944242,0.9927392721379351,0.9927392721379351,864.0,864.0
802,0.12056281329056265,0.08402777777777777,19.846768412893994,0.9923315083105139,0.9923315083105139,847.0,847.0
803,0.09814254029051817,0.09236111111111112,19.677160017905003,0.9838401727950222,0.9838401727950222,931.0,931.0
804,0.09814254029051817,0.10446428571428572,19.70918718719319,0.9854415312594316,0.9854415312594316,1053.0,1053.0
805,0.11812356842808525,0.00625,19.820164538762615,0.9909997981141483,0.9909997981141483,63.0,63.0
806,0.11812356842808525,0.004662698412698413,19.797555170071192,0.9898698045429001,0.9898698045429001,47.0,47.0
807,0.06055940800057701,0.0024801587301587305,19.98801394798027,0.9993417178794763,0.9993417178794763,25.0,25.0
808,0.06055940800057701,0.00248015873015873,19.970967409030983,0.9984953551530888,0.9984953551530888,25.0,25.0
809,0.6437860697458369,0.019345238095238096,19.98719357331011,0.9993573320254822,0.9993573320254822,195.0,195.0
81,0.015729240448756336,0.0,20.00185998428923,1.0,1.0,0.0,0.0
810,0.6437860697458369,0.009226190476190476,19.9917498456166,0.9995849685358993,0.9995849685358993,93.0,93.0
811,0.10924365316927145,0.0626984126984127,19.771810231790905,0.9885682505785017,0.9885682505785017,632.0,632.0
812,0.10924365316927145,0.038492063492063494,19.757512581378545,0.9878542766705795,0.9878542766705795,388.0,388.0
813,0.11091205490508371,0.00744047619047619,19.977719368851556,0.9988804727478616,0.9988804727478616,75.0,75.0
814,0.11091205490508371,0.005357142857142857,19.989670099906366,0.999477477459178,0.999477477459178,54.0,54.0
815,0.03569739063580425,0.027480158730158726,19.145925397288288,0.9572567198247594,0.9572567198247594,277.0,277.0
816,0.03569739063580425,0.02748015873015873,19.164876749702042,0.9582008483115642,0.9582008483115642,277.0,277.0
817,0.01773399245311749,0.016765873015873015,18.064838082999426,0.9032225456036792,0.9032225456036792,169.0,169.0
818,0.01773399245311749,0.01676587301587302,18.298940269875605,0.914925331921933,0.914925331921933,169.0,169.0
819,0.053083084284890204,0.0015873015873015875,20.001999521206272,1.0,1.0,16.0,16.0
82,0.06287733605342954,0.0,20.00162673785865,1.0,1.0,0.0,0.0
820,0.053083084284890204,0.0015873015873015875,19.89048837387555,0.994436939641003,0.994436939641003,16.0,16.0
821,0.15486769693824198,0.015178571428571428,20.000133052721736,1.0,1.0,153.0,153.0
822,0.15486769693824198,0.015178571428571428,19.957692294190217,0.9978811497948823,0.9978811497948823,153.0,153.0
823,0.043065725389175684,0.030853174603174605,19.647709712285256,0.9823330235765333,0.9823330235765333,311.0,311.0
824,0.043065725389175684,0.07748015873015873,19.616776292822014,0.9807897012440774,0.9807897012440774,781.0,781.0
825,0.15718056162050384,0.030952380952380953,19.7455571686369,0.9872690027183801,0.9872690027183801,312.0,312.0
826,0.15718056162050384,0.07757936507936508,19.715995807425323,0.9857916726339233,0.9857916726339233,782.0,782.0
827,0.2198722171106471,0.05099206349206349,19.751041170494524,0.9875396991939253,0.9875396991939253,257.0,257.0
828,0.2198722171106471,0.03551587301587302,19.85371074857733,0.9926713373466698,0.9926713373466698,179.0,179.0
829,0.05415538998637457,0.0025793650793650797,20.001990761357185,1.0,1.0,26.0,26.0
83,0.06287733605342954,0.0025793650793650797,19.74073746410599,0.9869741760169973,0.9869741760169973,26.0,26.0
830,0.05415538998637457,0.0025793650793650797,19.912377675664896,0.9955369722482357,0.9955369722482357,26.0,26.0
831,0.1568903415736441,0.0028769841269841267,20.000185186441882,1.0,1.0,29.0,29.0
832,0.1568903415736441,0.0028769841269841267,19.901908414405057,0.9950878975210513,0.9950878975210513,29.0,29.0
833,0.11817141418228468,0.004365079365079365,20.000803528736476,1.0,1.0,44.0,44.0
834,0.11817141418228468,0.004365079365079365,19.814148302623124,0.9906785383171892,0.9906785383171892,44.0,44.0
835,0.15852135322391278,0.003472222222222222,20.000591301513545,1.0,1.0,35.0,35.0
836,0.15852135322391278,0.003472222222222222,19.93349161661551,0.9966511751458642,0.9966511751458642,35.0,35.0
837,0.122724405545319,0.010218253968253968,19.67176971285521,0.9835779223717794,0.9835779223717794,103.0,103.0
838,0.122724405545319,0.002876984126984127,19.819012009544483,0.9909368867570033,0.9909368867570033,29.0,29.0
839,0.12735203400654385,0.005257936507936508,19.98218508805242,0.9990976083109716,0.9990976083109716,53.0,53.0
84,0.05609218230857234,1.9841269841269844E-4,20.00117435725638,1.0,1.0,2.0,2.0
840,0.12735203400654385,0.0041666666666666675,19.960319145174424,0.9980038120488581,0.9980038120488581,42.0,42.0
841,0.08114473582106688,0.002678571428571429,20.000071816776718,1.0,1.0,27.0,27.0
842,0.08114473582106688,0.002678571428571429,19.87421025371864,0.993707782152234,0.993707782152234,27.0,27.0
843,0.05186529253256105,0.012202380952380952,19.461256482094257,0.9730149516443527,0.9730149516443527,123.0,123.0
844,0.05186529253256105,0.012202380952380952,19.44630086430153,0.9722671707547165,0.9722671707547165,123.0,123.0
845,0.061654558108091506,0.010615079365079366,19.42138373534851,0.9710237473957374,0.9710237473957374,107.0,107.0
846,0.061654558108091506,0.010615079365079364,19.347795707200582,0.9673458863060254,0.9673458863060254,107.0,107.0
847,0.0611528348377149,0.007142857142857143,19.4147541687269,0.9707077684086938,0.9707077684086938,72.0,72.0
848,0.0611528348377149,0.0071428571428571435,19.43199455126581,0.9715693046319674,0.9715693046319674,72.0,72.0
849,0.006435125536989061,0.004365079365079365,17.285855834446426,0.8641041692520779,0.8641041692520779,44.0,44.0
85,0.05609218230857234,1.9841269841269844E-4,19.96692992237199,0.9982890015445891,0.9982890015445891,2.0,2.0
850,0.006435125536989061,0.004365079365079365,17.63678690323819,0.8816391151550356,0.8816391151550356,44.0,44.0
851,0.2151350168252726,0.014980158730158729,19.92726050210556,0.9963584603223624,0.9963584603223624,151.0,151.0
852,0.2151350168252726,0.01498015873015873,19.939707315862204,0.9969808825241752,0.9969808825241752,151.0,151.0
853,0.10027707063387264,2.9761904761904775E-4,20.000967049805613,1.0,1.0,3.0,3.0
854,0.10027707063387264,2.9761904761904775E-4,19.969682642462907,0.998437290648186,0.998437290648186,3.0,3.0
855,0.05345704442268424,8.928571428571429E-4,20.00055704860354,1.0,1.0,9.0,9.0
856,0.05345704442268424,8.928571428571429E-4,19.937555293900438,0.9968522333006931,0.9968522333006931,9.0,9.0
857,0.4459952260113102,0.017857142857142856,19.920839672882735,0.9960409248940694,0.9960409248940694,180.0,180.0
858,0.4459952260113102,0.009920634920634922,19.929566817792914,0.9964772821395784,0.9964772821395784,100.0,100.0
859,0.36150223666602305,0.014781746031746031,19.88460635108891,0.9942266439155764,0.9942266439155764,149.0,149.0
86,0.10441608717477524,5.952380952380954E-4,19.996435408298773,0.999775104924846,0.999775104924846,6.0,6.0
860,0.36150223666602305,0.01795634920634921,19.855347847953237,0.9927641054576211,0.9927641054576211,181.0,181.0
861,0.16126343382972533,0.014285714285714285,19.712961807831196,0.9856396883708723,0.9856396883708723,144.0,144.0
862,0.16126343382972533,0.002182539682539683,19.88541835922725,0.9942590651107498,0.9942590651107498,22.0,22.0
865,0.0504919981742087,6.944444444444445E-4,20.001231671121403,1.0,1.0,7.0,7.0
866,0.0504919981742087,6.944444444444445E-4,19.868223480508444,0.9933540809369822,0.9933540809369822,7.0,7.0
867,0.3715671396049828,0.007043650793650794,19.996723213435622,0.9998350071766281,0.9998350071766281,71.0,71.0
868,0.3715671396049828,0.01488095238095238,19.98351424139909,0.9991750358831407,0.9991750358831407,150.0,150.0
869,0.6119761891496255,0.014087301587301588,19.97316813292963,0.9986530723346334,0.9986530723346334,142.0,142.0
87,0.10441608717477524,5.952380952380954E-4,19.987399889981894,0.999325314774538,0.999325314774538,6.0,6.0
870,0.6119761891496255,0.019146825396825395,19.917757318692022,0.9958844897878618,0.9958844897878618,193.0,193.0
871,0.3289672395246025,0.02787698412698413,19.8546555208831,0.9927318509328616,0.9927318509328616,281.0,281.0
872,0.3289672395246025,0.019146825396825395,19.87557383641579,0.9937777667094962,0.9937777667094962,193.0,193.0
873,0.18790313900257544,0.0021825396825396826,20.000334114164495,1.0,1.0,22.0,22.0
874,0.18790313900257544,0.0021825396825396826,19.982882842241352,0.999130220688547,0.999130220688547,22.0,22.0
875,0.2553734631256384,0.09771825396825397,19.972054885795863,0.998600517158768,0.998600517158768,985.0,985.0
876,0.2553734631256384,0.10952380952380952,19.93202669341481,0.9965990063064868,0.9965990063064868,1104.0,1104.0
877,0.21971391508854907,0.09047619047619047,19.868278428461004,0.993408072122488,0.993408072122488,912.0,912.0
878,0.21971391508854907,0.09821428571428571,19.7347200253161,0.9867298860879445,0.9867298860879445,990.0,990.0
879,0.12019077165401675,0.0748015873015873,19.73723304775527,0.9868544725725168,0.9868544725725168,754.0,754.0
88,0.035372929271696114,0.00505952380952381,19.510568557146968,0.9755138526659789,0.9755138526659789,51.0,51.0
880,0.12019077165401675,0.075,19.672985838009776,0.9836417857300037,0.9836417857300037,756.0,756.0
881,0.10518446546755252,0.058333333333333334,19.885542544926803,0.9942720818850797,0.9942720818850797,588.0,588.0
882,0.10518446546755252,0.059623015873015876,19.906797483307997,0.9953347166850002,0.9953347166850002,601.0,601.0
883,0.38459422345461103,0.05257936507936508,19.86448043904787,0.9932175200025075,0.9932175200025075,530.0,530.0
884,0.38459422345461103,0.046031746031746035,19.86062192718314,0.9930244499214956,0.9930244499214956,464.0,464.0
885,0.5968167538158455,0.04712301587301587,19.938514344626473,0.9969256487828705,0.9969256487828705,475.0,475.0
886,0.5968167538158455,0.04097222222222222,19.939654461141124,0.9969826530875264,0.9969826530875264,413.0,413.0
887,0.2165855047508311,0.03611111111111111,19.98420310327591,0.9992053511427829,0.9992053511427829,364.0,364.0
888,0.2165855047508311,0.03799603174603174,19.97277126042436,0.9986336545649657,0.9986336545649657,383.0,383.0
889,0.09271219703434945,0.020634920634920634,19.809055549733138,0.9904471650178586,0.9904471650178586,208.0,208.0
89,0.035372929271696114,0.012499999999999999,19.25304334345359,0.9626402988025645,0.9626402988025645,126.0,126.0
890,0.09271219703434945,0.03204365079365079,19.811421905829157,0.9905653608124683,0.9905653608124683,323.0,323.0
891,0.033579429610659635,0.0433531746031746,18.31517281284903,0.9157360932875949,0.9157360932875949,437.0,437.0
892,0.033579429610659635,0.04603174603174603,18.470870542410765,0.923518930006149,0.923518930006149,464.0,464.0
893,0.26207948492150224,0.03422619047619048,19.78721444385773,0.9893576688106896,0.9893576688106896,345.0,345.0
894,0.26207948492150224,0.04186507936507937,19.800933345554355,0.9900434103367077,0.9900434103367077,422.0,422.0
895,0.22292153115675636,0.03263888888888889,19.738029076929266,0.9868914520911386,0.9868914520911386,329.0,329.0
896,0.22292153115675636,0.06418650793650793,19.760967743355874,0.9880379307872269,0.9880379307872269,647.0,647.0
897,0.06950150686551097,0.06190476190476191,19.379599335209292,0.9689702552471294,0.9689702552471294,624.0,624.0
898,0.06950150686551097,0.06944444444444445,19.57481094697384,0.9787301582879151,0.9787301582879151,700.0,700.0
899,0.1291423341325945,0.06121031746031746,19.632560944883533,0.9816160974582544,0.9816160974582544,617.0,617.0
9,0.15028291638062888,0.0010912698412698415,19.94413432796265,0.997175371870575,0.997175371870575,11.0,11.0
90,0.2548530022779792,0.006845238095238095,19.98585591299307,0.9992840829372523,0.9992840829372523,69.0,69.0
900,0.1291423341325945,0.06875,19.5432556059957,0.9771499968078682,0.9771499968078682,693.0,693.0
901,0.12311166758448538,0.01507936507936508,19.680523739956673,0.9840236444468793,0.9840236444468793,152.0,152.0
902,0.12311166758448538,0.0072420634920634915,19.71856739017751,0.9859255915365366,0.9859255915365366,73.0,73.0
905,0.14816750751233335,0.008035714285714285,19.92117786683523,0.9960550508946064,0.9960550508946064,81.0,81.0
906,0.14816750751233335,0.0067460317460317455,19.910992623849133,0.9955460252035879,0.9955460252035879,68.0,68.0
907,0.0744764813115653,0.03819444444444444,19.529221799499524,0.9764330905532411,0.9764330905532411,385.0,385.0
908,0.0744764813115653,0.07966269841269842,19.512280180816937,0.9755877968162437,0.9755877968162437,803.0,803.0
909,0.08018748517274595,0.0024801587301587305,20.001035586633787,1.0,1.0,25.0,25.0
91,0.2548530022779792,0.05089285714285714,19.970080232156953,0.9984982440376664,0.9984982440376664,513.0,513.0
910,0.08018748517274595,0.0024801587301587305,19.875029062437992,0.9937083036788252,0.9937083036788252,25.0,25.0
911,0.22964468659889573,0.05238095238095238,19.804246811295588,0.9902118462793664,0.9902118462793664,528.0,528.0
912,0.22964468659889573,0.025694444444444443,19.821395081618675,0.9910692158590396,0.9910692158590396,259.0,259.0
913,0.25117951325655835,0.04375,19.814342024111895,0.9907138624410609,0.9907138624410609,441.0,441.0
914,0.25117951325655835,0.023412698412698413,19.833151581180676,0.991653980431774,0.991653980431774,236.0,236.0
915,0.31771795704227374,0.044642857142857144,19.84921837442495,0.9924589726320325,0.9924589726320325,450.0,450.0
916,0.31771795704227374,0.023611111111111114,19.850614307897015,0.9925287269993486,0.9925287269993486,238.0,238.0
917,0.1670749435567679,0.08402777777777778,19.573708522877876,0.9786779606399527,0.9786779606399527,847.0,847.0
918,0.1670749435567679,0.040873015873015874,19.70023795833421,0.9850037537305929,0.9850037537305929,412.0,412.0
919,0.035696042006200274,0.08680555555555555,18.836293807562335,0.9417941769392286,0.9417941769392286,875.0,875.0
92,0.048089093569901535,5.952380952380953E-4,19.98415913240278,0.999203788987459,0.999203788987459,6.0,6.0
920,0.035696042006200274,0.05803571428571428,18.995189788701964,0.9497375773526496,0.9497375773526496,585.0,585.0
921,0.06955048174851758,0.037003968253968254,19.59769428117431,0.9798813228862487,0.9798813228862487,373.0,373.0
922,0.06955048174851758,0.07847222222222222,19.55000067038035,0.9774968588043678,0.9774968588043678,791.0,791.0
923,0.12567771108713482,0.010714285714285714,19.89298106685025,0.9946158413543195,0.9946158413543195,108.0,108.0
924,0.12567771108713482,0.005555555555555556,19.889237212471844,0.9944322883053381,0.9944322883053381,56.0,56.0
925,0.05895290787879475,0.012301587301587301,19.691539475892355,0.9845492268595534,0.9845492268595534,124.0,124.0
926,0.05895290787879475,0.005952380952380952,19.72101062653986,0.9860207290634054,0.9860207290634054,60.0,60.0
927,0.11204198193607903,0.019642857142857146,19.644366819872715,0.9822022369645307,0.9822022369645307,198.0,198.0
928,0.11204198193607903,0.004960317460317461,19.727836276173807,0.9863736967759471,0.9863736967759471,50.0,50.0
929,0.10924444994224784,0.028869047619047617,19.774416397584705,0.9887207931437059,0.9887207931437059,291.0,291.0
93,0.048089093569901535,1.9841269841269844E-4,19.98415913240278,0.999203788987459,0.999203788987459,2.0,2.0
930,0.10924444994224784,0.020734126984126987,19.773384505632198,0.9886692011672108,0.9886692011672108,209.0,209.0
931,0.10969427846394791,0.029365079365079365,19.84477441545162,0.9922136413961352,0.9922136413961352,296.0,296.0
932,0.10969427846394791,0.014186507936507936,19.880976805884885,0.9940227372697802,0.9940227372697802,143.0,143.0
933,0.11288395780488694,0.03968253968253968,19.620129344889605,0.9810037588653444,0.9810037588653444,400.0,400.0
934,0.11288395780488694,0.018154761904761903,19.70960308070662,0.9854770999056671,0.9854770999056671,183.0,183.0
935,0.11385519184848535,0.043849206349206346,19.717596362181002,0.9858570168420963,0.9858570168420963,442.0,442.0
936,0.11385519184848535,0.026785714285714284,19.767777549837888,0.9883646511457559,0.9883646511457559,270.0,270.0
937,0.10777168082523558,0.05942460317460317,19.550820861313635,0.977518263772771,0.977518263772771,599.0,599.0
938,0.10777168082523558,0.03640873015873016,19.664832567783908,0.9832183644304779,0.9832183644304779,367.0,367.0
939,0.10554887936290404,0.07073412698412698,19.829340688198663,0.9914464623923918,0.9914464623923918,713.0,713.0
94,0.13437989028885153,0.0020833333333333337,19.96648054853673,0.998309125524986,0.998309125524986,21.0,21.0
940,0.10554887936290404,0.04275793650793651,19.986533754496985,0.9993069911123097,0.9993069911123097,431.0,431.0
941,0.026630698587649413,0.0695436507936508,19.336307127512402,0.9667650816386266,0.9667650816386266,701.0,701.0
942,0.026630698587649413,0.04117063492063492,19.47787599468671,0.973840097174365,0.973840097174365,415.0,415.0
943,0.09878392722017623,0.07291666666666666,19.852059422673427,0.9926002156269765,0.9926002156269765,735.0,735.0
944,0.09878392722017623,0.03859126984126984,19.840179780888203,0.992006045662259,0.992006045662259,389.0,389.0
945,0.0904143452392031,0.0742063492063492,19.466951088491893,0.9733304139829126,0.9733304139829126,748.0,748.0
946,0.0904143452392031,0.04265873015873016,19.485247860095747,0.9742452525631053,0.9742452525631053,430.0,430.0
947,0.07493403669750073,0.08333333333333333,19.469399238090485,0.9734655619674227,0.9734655619674227,840.0,840.0
948,0.07493403669750073,0.04047619047619048,19.616910167461903,0.9808409128832337,0.9808409128832337,408.0,408.0
949,0.08933312410329092,0.08303571428571428,19.40958042993568,0.9704509665048584,0.9704509665048584,837.0,837.0
95,0.13437989028885153,0.0028769841269841267,19.87851249897357,0.9939128518899496,0.9939128518899496,29.0,29.0
950,0.08933312410329092,0.040178571428571425,19.38628987228141,0.9692851917336149,0.9692851917336149,405.0,405.0
951,0.10481861994229952,0.08412698412698413,19.78815366484458,0.9893989480097319,0.9893989480097319,848.0,848.0
952,0.10481861994229952,0.10158730158730159,19.904022202496908,0.9951919866597929,0.9951919866597929,1024.0,1024.0
953,0.2405251669812049,0.08412698412698412,19.82083557932511,0.9910360399714949,0.9910360399714949,848.0,848.0
954,0.2405251669812049,0.10158730158730159,19.638206193348502,0.9819043156062308,0.9819043156062308,1024.0,1024.0
955,0.08926646950350968,0.0014880952380952382,19.852551981928578,0.9925756976949832,0.9925756976949832,15.0,15.0
956,0.08926646950350968,2.9761904761904765E-4,19.966897081008316,0.998286699468073,0.998286699468073,3.0,3.0
957,0.1911291735082191,0.009027777777777777,19.876713646738978,0.9938309660719777,0.9938309660719777,91.0,91.0
958,0.1911291735082191,0.0026785714285714286,19.936181299256404,0.9968031315972112,0.9968031315972112,27.0,27.0
959,0.07919615272069716,7.936507936507938E-4,20.000431413153965,1.0,1.0,8.0,8.0
96,0.023696616881289448,1.984126984126984E-4,20.001833709880895,1.0,1.0,2.0,2.0
960,0.07919615272069716,7.936507936507938E-4,19.91765184980508,0.9958628193873639,0.9958628193873639,8.0,8.0
961,0.05232069593134181,0.03531746031746032,19.370451268174314,0.9684848572443855,0.9684848572443855,356.0,356.0
962,0.05232069593134181,0.026190476190476188,19.442788973638663,0.9720993357411565,0.9720993357411565,264.0,264.0
963,0.04507249504310593,0.042956349206349206,18.881452546990324,0.9440696639154749,0.9440696639154749,433.0,433.0
964,0.04507249504310593,0.03829365079365079,19.00605537589365,0.950299742308853,0.950299742308853,386.0,386.0
965,0.08251818383182627,0.020039682539682538,19.893698989214066,0.9946751818098323,0.9946751818098323,202.0,202.0
966,0.08251818383182627,0.06617063492063492,19.82310835759813,0.9911467993644321,0.9911467993644321,667.0,667.0
967,0.11280233110366414,0.003174603174603175,20.00041331625251,1.0,1.0,32.0,32.0
968,0.11280233110366414,0.003174603174603175,19.834695605917844,0.9917192809364233,0.9917192809364233,32.0,32.0
969,0.07814080391595477,0.016170634920634922,19.45515829156537,0.9727436182510791,0.9727436182510791,163.0,163.0
97,0.023696616881289448,9.92063492063492E-5,19.97120590201264,0.9984695646638169,0.9984695646638169,1.0,1.0
970,0.07814080391595477,0.04424603174603174,19.342123367511793,0.9670941696724129,0.9670941696724129,446.0,446.0
971,0.161627387512708,5.952380952380953E-4,20.00063918072834,1.0,1.0,6.0,6.0
972,0.161627387512708,5.952380952380953E-4,19.96280463827813,0.9981102703172655,0.9981102703172655,6.0,6.0
973,0.1021338332724733,0.017857142857142856,19.756291870357142,0.9878112282290967,0.9878112282290967,180.0,180.0
974,0.1021338332724733,0.003968253968253969,19.80421974751484,0.990207571097758,0.990207571097758,40.0,40.0
975,0.07126686196278306,0.013591269841269842,19.89531093036369,0.9947638908857662,0.9947638908857662,137.0,137.0
976,0.07126686196278306,0.009523809523809523,19.881162931349095,0.9940565480258097,0.9940565480258097,96.0,96.0
977,0.0823391894009534,0.017063492063492065,19.807922470217463,0.9903942606442699,0.9903942606442699,172.0,172.0
978,0.0823391894009534,0.010912698412698412,19.889390965252225,0.9944674572898933,0.9944674572898933,110.0,110.0
979,0.5588040702019331,0.0826388888888889,19.900508187132214,0.9950218433168295,0.9950218433168295,833.0,833.0
98,0.07933941041318845,0.06537698412698413,19.51509869661548,0.975751511197759,0.975751511197759,659.0,659.0
980,0.5588040702019331,0.05267857142857143,19.92846585152822,0.9964199541561902,0.9964199541561902,531.0,531.0
981,0.15890144899613684,0.0689484126984127,19.757423435043005,0.9878668972591411,0.9878668972591411,695.0,695.0
982,0.15890144899613684,0.10297619047619047,19.73372006608025,0.9866817288110034,0.9866817288110034,1038.0,1038.0
983,0.19786778178860617,0.025793650793650792,19.888625509232924,0.9944283401886838,0.9944283401886838,260.0,260.0
984,0.19786778178860617,0.01507936507936508,19.897889916163297,0.9948915605352023,0.9948915605352023,152.0,152.0
985,0.01703319595363098,0.04503968253968254,17.30303354415033,0.8649958936032545,0.8649958936032545,454.0,454.0
986,0.01703319595363098,0.04345238095238095,17.35563372067959,0.8676325315192603,0.8676325315192603,438.0,438.0
987,0.21086848990458193,0.01984126984126984,19.981670900784366,0.99907877150492,0.99907877150492,200.0,200.0
988,0.21086848990458193,0.018154761904761906,19.986808959325497,0.9993362148320857,0.9993362148320857,183.0,183.0
989,0.00478668705505763,0.022023809523809522,18.237259651055314,0.873808541505659,0.9114832057024533,222.0,222.0
99,0.07933941041318845,0.06537698412698413,19.490836453075797,0.9745387413840764,0.9745387413840764,659.0,659.0
990,0.00478668705505763,0.015476190476190475,18.594069327244554,0.9293602065167531,0.9293602065167531,156.0,156.0
991,0.23780731992017873,0.004365079365079365,19.98408722149178,0.9991982555609852,0.9991982555609852,44.0,44.0
992,0.23780731992017873,0.0035714285714285713,19.97936334923464,0.9989624483730397,0.9989624483730397,36.0,36.0
993,0.02268919084024619,0.14484126984126985,18.09190743664587,0.9045889949212828,0.9045889949212828,1460.0,1460.0
994,0.02268919084024619,0.15694444444444444,17.710660379516575,0.8737683263905652,0.8855267806933182,1582.0,1582.0
995,0.16660820635541276,0.14345238095238097,19.930552157865442,0.9965199840482729,0.9965199840482729,1446.0,1446.0
996,0.16660820635541276,0.15555555555555556,19.996422317342333,0.9998136577578782,0.9998136577578782,1568.0,1568.0
997,0.041750040650745335,0.14563492063492062,19.204223763464746,0.960210721622767,0.960210721622767,1468.0,1468.0
998,0.041750040650745335,0.15773809523809523,19.321216835934475,0.9660603853886549,0.9660603853886549,1590.0,1590.0
999,0.07200784554605216,0.14662698412698413,19.91490276044206,0.9957298990991548,0.9957298990991548,1478.0,1478.0
